[Licensing::Module] Trying to connect to existing licensing client channel...
[Licensing::IpcConnector] Successfully connected to: "LicenseClient-rabot" at "2026-03-17T17:12:38.9286239Z"
Built from '6000.3/staging' branch; Version is '6000.3.11f1 (3000ef702840) revision 3145967'; Using compiler version '194234433'; Build Type 'Release'
OS: 'Windows 11  (10.0.26200) Professional' Language: 'ru' Physical Memory: 32616 MB
BatchMode: 1, IsHumanControllingUs: 0, StartBugReporterOnCrash: 0, Is64bit: 1
System  architecture: x64
Process architecture: x64
Date: 2026-03-17T17:12:38Z

COMMAND LINE ARGUMENTS:
Q:\Unity\Installs\6000.3.11f1\Editor\Unity.exe
-adb2
-batchMode
-noUpm
-name
AssetImportWorker0
-projectPath
Q:/Unity/Projects/AITUproject
-logFile
Logs/AssetImportWorker0.log
-srvPort
58049
-job-worker-count
5
-background-job-worker-count
8
-gc-helper-count
1
-name
AssetImport
Successfully changed project path to: Q:/Unity/Projects/AITUproject
Q:/Unity/Projects/AITUproject
[UnityMemory] Configuration Parameters - Can be set up in boot.config
    "memorysetup-temp-allocator-size-nav-mesh-worker=65536"
    "memorysetup-temp-allocator-size-audio-worker=65536"
    "memorysetup-temp-allocator-size-gfx=262144"
    "memorysetup-allocator-temp-initial-block-size-main=262144"
    "memorysetup-allocator-temp-initial-block-size-worker=262144"
    "memorysetup-temp-allocator-size-background-worker=32768"
    "memorysetup-temp-allocator-size-job-worker=262144"
    "memorysetup-temp-allocator-size-preload-manager=33554432"
    "memorysetup-temp-allocator-size-gi-baking-worker=262144"
    "memorysetup-temp-allocator-size-gi-baking-worker=262144"
    "memorysetup-temp-allocator-size-gi-baking-worker=262144"
    "memorysetup-temp-allocator-size-gi-baking-worker=262144"
    "memorysetup-temp-allocator-size-gi-baking-worker=262144"
    "memorysetup-bucket-allocator-granularity=16"
    "memorysetup-bucket-allocator-bucket-count=8"
    "memorysetup-bucket-allocator-block-size=33554432"
    "memorysetup-bucket-allocator-block-count=8"
    "memorysetup-main-allocator-block-size=16777216"
    "memorysetup-thread-allocator-block-size=16777216"
    "memorysetup-gfx-main-allocator-block-size=16777216"
    "memorysetup-gfx-thread-allocator-block-size=16777216"
    "memorysetup-cache-allocator-block-size=4194304"
    "memorysetup-typetree-allocator-block-size=2097152"
    "memorysetup-profiler-bucket-allocator-granularity=16"
    "memorysetup-profiler-bucket-allocator-bucket-count=8"
    "memorysetup-profiler-bucket-allocator-block-size=33554432"
    "memorysetup-profiler-bucket-allocator-block-count=8"
    "memorysetup-profiler-allocator-block-size=16777216"
    "memorysetup-profiler-editor-allocator-block-size=1048576"
    "memorysetup-temp-allocator-size-main=16777216"
    "memorysetup-job-temp-allocator-block-size=2097152"
    "memorysetup-job-temp-allocator-block-size-background=1048576"
    "memorysetup-job-temp-allocator-reduction-small-platforms=262144"
    "memorysetup-temp-allocator-size-cloud-worker=32768"
Player connection [10752]  Target information:

Player connection [10752]  * "[IP] 192.168.0.104 [Port] 0 [Flags] 2 [Guid] 2324550447 [EditorId] 2324550447 [Version] 1048832 [Id] WindowsEditor(7,DESKTOP-DIYARKA) [Debug] 1 [PackageName] WindowsEditor [ProjectName] Editor" 

Player connection [10752]  * "[IP] 26.13.131.41 [Port] 0 [Flags] 2 [Guid] 2324550447 [EditorId] 2324550447 [Version] 1048832 [Id] WindowsEditor(7,DESKTOP-DIYARKA) [Debug] 1 [PackageName] WindowsEditor [ProjectName] Editor" 

Player connection [10752]  * "[IP] 100.114.32.9 [Port] 0 [Flags] 2 [Guid] 2324550447 [EditorId] 2324550447 [Version] 1048832 [Id] WindowsEditor(7,DESKTOP-DIYARKA) [Debug] 1 [PackageName] WindowsEditor [ProjectName] Editor" 

Player connection [10752] Host joined multi-casting on [225.0.0.222:54997]...
Player connection [10752] Host joined alternative multi-casting on [225.0.0.222:34997]...
JobSystem: Creating JobQueue using job-worker-count value 5
Input System module state changed to: Initialized.
[Physics::Module] Initialized fallback backend.
[Physics::Module] Id: 0xdecafbad
Library Redirect Path: Library/
[Physics::Module] Selected backend.
[Physics::Module] Name: PhysX
[Physics::Module] Id: 0xf2b8ea05
[Physics::Module] SDK Version: 4.1.2
[Physics::Module] Integration Version: 1.0.0
[Physics::Module] Threading Mode: Multi-Threaded
Refreshing native plugins compatible for Editor in 4.78 ms, found 3 plugins.
Preloading 0 native plugins for Editor in 0.00 ms.
Initialize engine version: 6000.3.11f1 (3000ef702840)
[Subsystems] Discovering subsystems at path Q:/Unity/Installs/6000.3.11f1/Editor/Data/Resources/UnitySubsystems
[Subsystems] Discovering subsystems at path Q:/Unity/Projects/AITUproject/Assets
GfxDevice: creating device client; kGfxThreadingModeNonThreaded
Direct3D:
    Version:  Direct3D 11.0 [level 11.1]
    Renderer: NVIDIA GeForce RTX 2060 (ID=0x1f03)
    Vendor:   NVIDIA
    VRAM:     12061 MB
    Driver:   32.0.15.6590
Initialize mono
Mono path[0] = 'Q:/Unity/Installs/6000.3.11f1/Editor/Data/Managed'
Mono path[1] = 'Q:/Unity/Installs/6000.3.11f1/Editor/Data/MonoBleedingEdge/lib/mono/unityjit-win32'
Mono config path = 'Q:/Unity/Installs/6000.3.11f1/Editor/Data/MonoBleedingEdge/etc'
Using monoOptions --debugger-agent=transport=dt_socket,embedding=1,server=y,suspend=n,address=127.0.0.1:56580
Begin MonoManager ReloadAssembly
Registering precompiled unity dll's ...
Register platform support module: Q:/Unity/Installs/6000.3.11f1/Editor/Data/PlaybackEngines/MacStandaloneSupport/UnityEditor.OSXStandalone.Extensions.dll
Register platform support module: Q:/Unity/Installs/6000.3.11f1/Editor/Data/PlaybackEngines/WindowsStandaloneSupport/UnityEditor.WindowsStandalone.Extensions.dll
[Licensing::Module] Licensing is not yet initialized.
[Licensing::Client] Error: HandshakeResponse reported an error:
	ResponseCode: 505
	ResponseStatus: Unsupported protocol version '1.18.0'.
[Licensing::Module] Error: Failed to handshake to channel: "LicenseClient-rabot"
[Licensing::IpcConnector] LicenseClient-rabot channel disconnected successfully.
[Licensing::IpcConnector] Successfully connected to: "LicenseClient-rabot-6000.3.11" at "2026-03-17T17:12:42.6147536Z"
[Licensing::Client] Handshaking with LicensingClient:
  Version:                 1.18.0+23225a6
  Session Id:              76158d80a2674d1fb31fe5ce183cdcb3
  Correlation Id:          754c3e71f851ac00e81f613393648de3
  External correlation Id: 3692393641194801521
  Machine Id:              EGwHAvd1CQ4Id3zjsuWeaLY2Eh0=
[Licensing::Module] Successfully connected to LicensingClient on channel: "LicenseClient-rabot-6000.3.11" (connect: 0.00s, validation: 0.00s, handshake: 0.55s)
[Licensing::IpcConnector] Successfully connected to: "LicenseClient-rabot-6000.3.11-notifications" at "2026-03-17T17:12:43.1683289Z"
[Licensing::Module] Licensing Background thread has ended after 4.24s
[Licensing::Module] Licensing is initialized (took 3.07s).
[Licensing::Client] Successfully resolved entitlement details
[Licensing::Module] License group:
  Id: 18966812025771-UnityPersXXXX
  Product: Unity Personal
  Type: Assigned
  Expiration: Unlimited
Register platform support module: Q:/Unity/Installs/6000.3.11f1/Editor/Data/PlaybackEngines/AndroidPlayer/UnityEditor.Android.Extensions.dll
[Licensing::Client] Successfully resolved entitlement details
Register platform support module: Q:/Unity/Installs/6000.3.11f1/Editor/Data/PlaybackEngines/iOSSupport/UnityEditor.iOS.Extensions.dll
Registered in 3.084711 seconds.
- Loaded All Assemblies, in  3.719 seconds
[usbmuxd] Start listen thread
[usbmuxd] Listen thread started
Native extension for iOS target not found
Native extension for Android target not found
Native extension for WindowsStandalone target not found
Native extension for OSXStandalone target not found
Package Manager log level set to [2]
[Package Manager] Failed to launch server process. Reason: Unity was launched with the -noUpm command-line argument
[Package Manager] Unable to send message (not connected to server process).
[Package Manager] Cannot connect to Unity Package Manager local server
ScheduleIndexationOnStartup MainProcess:False IndexOnStartup:False
Mono: successfully reloaded assembly
- Finished resetting the current domain, in  0.617 seconds
Domain Reload Profiling: 4336ms
	BeginReloadAssembly (209ms)
		ExecutionOrderSort (0ms)
		DisableScriptedObjects (0ms)
		BackupInstance (0ms)
		ReleaseScriptingObjects (0ms)
		CreateAndSetChildDomain (1ms)
	RebuildCommonClasses (62ms)
	RebuildNativeTypeToScriptingClass (22ms)
	initialDomainReloadingComplete (3147ms)
	LoadAllAssembliesAndSetupDomain (276ms)
		LoadAssemblies (210ms)
		RebuildTransferFunctionScriptingTraits (0ms)
		AnalyzeDomain (271ms)
			TypeCache.Refresh (269ms)
				TypeCache.ScanAssembly (245ms)
			BuildScriptInfoCaches (0ms)
			ResolveRequiredComponents (1ms)
	FinalizeReload (618ms)
		ReleaseScriptCaches (0ms)
		RebuildScriptCaches (0ms)
		SetupLoadedEditorAssemblies (546ms)
			LogAssemblyErrors (0ms)
			InitializePlatformSupportModulesInManaged (87ms)
			SetLoadedEditorAssemblies (5ms)
			BeforeProcessingInitializeOnLoad (133ms)
			ProcessInitializeOnLoadAttributes (209ms)
			ProcessInitializeOnLoadMethodAttributes (111ms)
			AfterProcessingInitializeOnLoad (0ms)
			EditorAssembliesLoaded (0ms)
		ExecutionOrderSort2 (0ms)
		AwakeInstancesAfterBackupRestoration (0ms)
========================================================================
Worker process is ready to serve import requests
Import Worker Mode flag is 0x00
Begin MonoManager ReloadAssembly
[Licensing::Client] Successfully resolved entitlement details
- Loaded All Assemblies, in  1.179 seconds
Refreshing native plugins compatible for Editor in 0.83 ms, found 3 plugins.
Native extension for iOS target not found
Native extension for Android target not found
Native extension for WindowsStandalone target not found
Native extension for OSXStandalone target not found
[Package Manager] Failed to launch server process. Reason: Unity was launched with the -noUpm command-line argument
[Package Manager] Unable to send message (not connected to server process).
[Package Manager] Cannot connect to Unity Package Manager local server
[Package Manager] Failed to launch server process. Reason: Unity was launched with the -noUpm command-line argument
[Package Manager] Unable to send message (not connected to server process).
[Package Manager] Cannot connect to Unity Package Manager local server
ScheduleIndexationOnStartup MainProcess:False IndexOnStartup:False
Mono: successfully reloaded assembly
- Finished resetting the current domain, in  1.040 seconds
Domain Reload Profiling: 2218ms
	BeginReloadAssembly (261ms)
		ExecutionOrderSort (0ms)
		DisableScriptedObjects (10ms)
		BackupInstance (0ms)
		ReleaseScriptingObjects (0ms)
		CreateAndSetChildDomain (39ms)
	RebuildCommonClasses (55ms)
	RebuildNativeTypeToScriptingClass (19ms)
	initialDomainReloadingComplete (48ms)
	LoadAllAssembliesAndSetupDomain (794ms)
		LoadAssemblies (504ms)
		RebuildTransferFunctionScriptingTraits (0ms)
		AnalyzeDomain (436ms)
			TypeCache.Refresh (319ms)
				TypeCache.ScanAssembly (288ms)
			BuildScriptInfoCaches (93ms)
			ResolveRequiredComponents (16ms)
	FinalizeReload (1040ms)
		ReleaseScriptCaches (0ms)
		RebuildScriptCaches (0ms)
		SetupLoadedEditorAssemblies (751ms)
			LogAssemblyErrors (0ms)
			InitializePlatformSupportModulesInManaged (16ms)
			SetLoadedEditorAssemblies (6ms)
			BeforeProcessingInitializeOnLoad (195ms)
			ProcessInitializeOnLoadAttributes (431ms)
			ProcessInitializeOnLoadMethodAttributes (100ms)
			AfterProcessingInitializeOnLoad (2ms)
			EditorAssembliesLoaded (0ms)
		ExecutionOrderSort2 (0ms)
		AwakeInstancesAfterBackupRestoration (10ms)
Launched and connected shader compiler UnityShaderCompiler.exe after 0.02 seconds
Refreshing native plugins compatible for Editor in 1.18 ms, found 3 plugins.
Preloading 0 native plugins for Editor in 0.00 ms.
Unloading 16 Unused Serialized files (Serialized files now loaded: 0)
Unloading 6186 unused Assets / (6.0 MB). Loaded Objects now: 6985.
Memory consumption went from 145.9 MB to 139.8 MB.
Total: 23.114300 ms (FindLiveObjects: 0.965800 ms CreateObjectMapping: 2.012700 ms MarkObjects: 12.171500 ms  DeleteObjects: 7.962700 ms)

========================================================================
Received Import Request.
  Time since last request: 376329.302534 seconds.
  path: Assets/Readme.asset
  artifactKey: Guid(8105016687592461f977c054a80ce2f2) Importer(815301076,1909f56bfc062723c751e8b465ee728b)
Start importing Assets/Readme.asset using Guid(8105016687592461f977c054a80ce2f2) Importer(815301076,1909f56bfc062723c751e8b465ee728b) (PreviewImporter) -> (artifact id: '50ea5ad2cda8720781b90d71f311d8d1') in 0.0513604 seconds
Number of updated asset objects reloaded before import = 0Number of asset objects unloaded after import = 2

========================================================================
Received Import Request.
  Time since last request: 609.212895 seconds.
  path: Assets/InputSystem_Actions.inputactions
  artifactKey: Guid(052faaac586de48259a63d0c4782560b) Importer(2089858483,b0f066a214c2f5e87bad3c948f4d605d)
Start importing Assets/InputSystem_Actions.inputactions using Guid(052faaac586de48259a63d0c4782560b) Importer(2089858483,b0f066a214c2f5e87bad3c948f4d605d) (ScriptedImporter) -> (artifact id: '7e6c1e9365152e681ab9da8c6475c670') in 0.3347183 seconds
Number of updated asset objects reloaded before import = 0Number of asset objects unloaded after import = 22

========================================================================
Received Import Request.
  Time since last request: 9.621053 seconds.
  path: Assets/Settings/DefaultVolumeProfile.asset
  artifactKey: Guid(ab09877e2e707104187f6f83e2f62510) Importer(2089858483,b0f066a214c2f5e87bad3c948f4d605d)
Start importing Assets/Settings/DefaultVolumeProfile.asset using Guid(ab09877e2e707104187f6f83e2f62510) Importer(2089858483,b0f066a214c2f5e87bad3c948f4d605d) (ScriptedImporter) -> (artifact id: 'fa55e3b726258be2b489a4803494ccf3') in 0.0278456 seconds
Number of updated asset objects reloaded before import = 1Number of asset objects unloaded after import = 0

========================================================================
Received Import Request.
  Time since last request: 0.399198 seconds.
  path: Assets/Settings/PC_Renderer.asset
  artifactKey: Guid(f288ae1f4751b564a96ac7587541f7a2) Importer(2089858483,b0f066a214c2f5e87bad3c948f4d605d)
Start importing Assets/Settings/PC_Renderer.asset using Guid(f288ae1f4751b564a96ac7587541f7a2) Importer(2089858483,b0f066a214c2f5e87bad3c948f4d605d) (ScriptedImporter) -> (artifact id: 'b111e80c4cb672847cc48d1e47398b0d') in 0.0825201 seconds
Number of updated asset objects reloaded before import = 0Number of asset objects unloaded after import = 1

========================================================================
Received Import Request.
  Time since last request: 0.000022 seconds.
  path: Assets/TutorialInfo/Layout.wlt
  artifactKey: Guid(eabc9546105bf4accac1fd62a63e88e6) Importer(2089858483,b0f066a214c2f5e87bad3c948f4d605d)
Start importing Assets/TutorialInfo/Layout.wlt using Guid(eabc9546105bf4accac1fd62a63e88e6) Importer(2089858483,b0f066a214c2f5e87bad3c948f4d605d) (ScriptedImporter) -> (artifact id: 'c866d36b138bcbf76eb73822b29c210c') in 0.0146915 seconds
Number of updated asset objects reloaded before import = 0Number of asset objects unloaded after import = 1

========================================================================
Received Import Request.
  Time since last request: 0.000093 seconds.
  path: Assets/TutorialInfo/Scripts/Editor/ReadmeEditor.cs
  artifactKey: Guid(476cc7d7cd9874016adc216baab94a0a) Importer(2089858483,b0f066a214c2f5e87bad3c948f4d605d)
Start importing Assets/TutorialInfo/Scripts/Editor/ReadmeEditor.cs using Guid(476cc7d7cd9874016adc216baab94a0a) Importer(2089858483,b0f066a214c2f5e87bad3c948f4d605d) (ScriptedImporter) -> (artifact id: '5b5792f5a24ecbbb45f67623a1f5be00') in 0.0225457 seconds
Number of updated asset objects reloaded before import = 0Number of asset objects unloaded after import = 0

========================================================================
Received Import Request.
  Time since last request: 0.000024 seconds.
  path: Assets/TutorialInfo/Scripts/Readme.cs
  artifactKey: Guid(fcf7219bab7fe46a1ad266029b2fee19) Importer(2089858483,b0f066a214c2f5e87bad3c948f4d605d)
Start importing Assets/TutorialInfo/Scripts/Readme.cs using Guid(fcf7219bab7fe46a1ad266029b2fee19) Importer(2089858483,b0f066a214c2f5e87bad3c948f4d605d) (ScriptedImporter) -> (artifact id: 'f4b2afe225f6bf00d6598c46b91e210c') in 0.0145572 seconds
Number of updated asset objects reloaded before import = 0Number of asset objects unloaded after import = 0

========================================================================
Received Prepare
Refreshing native plugins compatible for Editor in 1.22 ms, found 3 plugins.
Preloading 0 native plugins for Editor in 0.00 ms.
Unloading 16 Unused Serialized files (Serialized files now loaded: 0)
Unloading 6175 unused Assets / (4.3 MB). Loaded Objects now: 6986.
Memory consumption went from 144.9 MB to 140.6 MB.
Total: 13.927600 ms (FindLiveObjects: 0.849700 ms CreateObjectMapping: 1.458900 ms MarkObjects: 9.125400 ms  DeleteObjects: 2.492600 ms)

Prepare: number of updated asset objects reloaded= 0
========================================================================
Received Prepare
Begin MonoManager ReloadAssembly
[Licensing::Client] Successfully resolved entitlement details
- Loaded All Assemblies, in  0.911 seconds
Refreshing native plugins compatible for Editor in 0.95 ms, found 3 plugins.
Native extension for iOS target not found
Native extension for Android target not found
Native extension for WindowsStandalone target not found
Native extension for OSXStandalone target not found
[Package Manager] Failed to launch server process. Reason: Unity was launched with the -noUpm command-line argument
[Package Manager] Unable to send message (not connected to server process).
[Package Manager] Cannot connect to Unity Package Manager local server
[Package Manager] Failed to launch server process. Reason: Unity was launched with the -noUpm command-line argument
[Package Manager] Unable to send message (not connected to server process).
[Package Manager] Cannot connect to Unity Package Manager local server
ScheduleIndexationOnStartup MainProcess:False IndexOnStartup:True
Mono: successfully reloaded assembly
- Finished resetting the current domain, in  0.927 seconds
Domain Reload Profiling: 1841ms
	BeginReloadAssembly (264ms)
		ExecutionOrderSort (0ms)
		DisableScriptedObjects (9ms)
		BackupInstance (0ms)
		ReleaseScriptingObjects (0ms)
		CreateAndSetChildDomain (61ms)
	RebuildCommonClasses (51ms)
	RebuildNativeTypeToScriptingClass (18ms)
	initialDomainReloadingComplete (35ms)
	LoadAllAssembliesAndSetupDomain (545ms)
		LoadAssemblies (403ms)
		RebuildTransferFunctionScriptingTraits (0ms)
		AnalyzeDomain (267ms)
			TypeCache.Refresh (14ms)
				TypeCache.ScanAssembly (0ms)
			BuildScriptInfoCaches (233ms)
			ResolveRequiredComponents (13ms)
	FinalizeReload (928ms)
		ReleaseScriptCaches (0ms)
		RebuildScriptCaches (0ms)
		SetupLoadedEditorAssemblies (684ms)
			LogAssemblyErrors (0ms)
			InitializePlatformSupportModulesInManaged (17ms)
			SetLoadedEditorAssemblies (6ms)
			BeforeProcessingInitializeOnLoad (202ms)
			ProcessInitializeOnLoadAttributes (379ms)
			ProcessInitializeOnLoadMethodAttributes (77ms)
			AfterProcessingInitializeOnLoad (3ms)
			EditorAssembliesLoaded (0ms)
		ExecutionOrderSort2 (0ms)
		AwakeInstancesAfterBackupRestoration (21ms)
Refreshing native plugins compatible for Editor in 0.86 ms, found 3 plugins.
Preloading 0 native plugins for Editor in 0.00 ms.
Unloading 16 Unused Serialized files (Serialized files now loaded: 0)
Unloading 6180 unused Assets / (4.2 MB). Loaded Objects now: 7002.
Memory consumption went from 151.4 MB to 147.2 MB.
Total: 10.004600 ms (FindLiveObjects: 1.036700 ms CreateObjectMapping: 1.436100 ms MarkObjects: 5.233200 ms  DeleteObjects: 2.297700 ms)

Prepare: number of updated asset objects reloaded= 0
========================================================================
Received Import Request.
  Time since last request: 335.566137 seconds.
  path: Assets/Settings/PC_Renderer.asset
  artifactKey: Guid(f288ae1f4751b564a96ac7587541f7a2) Importer(815301076,1909f56bfc062723c751e8b465ee728b)
Start importing Assets/Settings/PC_Renderer.asset using Guid(f288ae1f4751b564a96ac7587541f7a2) Importer(815301076,1909f56bfc062723c751e8b465ee728b) (PreviewImporter) -> (artifact id: 'faab6cc3a0eb7141fe31e2e91fd81ee8') in 0.0408828 seconds
Number of updated asset objects reloaded before import = 0Number of asset objects unloaded after import = 0

========================================================================
Received Import Request.
  Time since last request: 235.527871 seconds.
  path: Assets/Assets/KayKit_ResourceBits_1.0_FREE/Assets/obj/Iron_Bars_Stack_Small.mtl
  artifactKey: Guid(a656c76af268db84c92078f1afd532c0) Importer(2089858483,b0f066a214c2f5e87bad3c948f4d605d)
Start importing Assets/Assets/KayKit_ResourceBits_1.0_FREE/Assets/obj/Iron_Bars_Stack_Small.mtl using Guid(a656c76af268db84c92078f1afd532c0) Importer(2089858483,b0f066a214c2f5e87bad3c948f4d605d) (ScriptedImporter) -> (artifact id: '491589215d79614455edd9f5de612849') in 0.0764568 seconds
Number of updated asset objects reloaded before import = 0Number of asset objects unloaded after import = 1

========================================================================
Received Import Request.
  Time since last request: 0.000026 seconds.
  path: Assets/Assets/KayKit_ResourceBits_1.0_FREE/Assets/obj/Wood_Log_B.obj
  artifactKey: Guid(df146bdbc72001746bb2b740523c4200) Importer(2089858483,b0f066a214c2f5e87bad3c948f4d605d)
Start importing Assets/Assets/KayKit_ResourceBits_1.0_FREE/Assets/obj/Wood_Log_B.obj using Guid(df146bdbc72001746bb2b740523c4200) Importer(2089858483,b0f066a214c2f5e87bad3c948f4d605d) (ScriptedImporter) -> (artifact id: 'a702eb8cbbe90d5d019f16c05250e1a2') in 0.1448578 seconds
Number of updated asset objects reloaded before import = 0Number of asset objects unloaded after import = 11

========================================================================
Received Import Request.
  Time since last request: 0.000022 seconds.
  path: Assets/Assets/KayKit_ResourceBits_1.0_FREE/Assets/obj/Fuel_A_Barrels.mtl
  artifactKey: Guid(657ab8ab8a471204e823d7bd2e2b3131) Importer(2089858483,b0f066a214c2f5e87bad3c948f4d605d)
Start importing Assets/Assets/KayKit_ResourceBits_1.0_FREE/Assets/obj/Fuel_A_Barrels.mtl using Guid(657ab8ab8a471204e823d7bd2e2b3131) Importer(2089858483,b0f066a214c2f5e87bad3c948f4d605d) (ScriptedImporter) -> (artifact id: '4181bd1b6cb3bc99d1b03dca50ad9ab5') in 0.0129397 seconds
Number of updated asset objects reloaded before import = 0Number of asset objects unloaded after import = 1

========================================================================
Received Import Request.
  Time since last request: 0.000032 seconds.
  path: Assets/Assets/KayKit_ResourceBits_1.0_FREE/Assets/fbx/Gold_Bars_Stack_Small.fbx
  artifactKey: Guid(9f90d5d4b15f76347b9d8ddff5d20e39) Importer(2089858483,b0f066a214c2f5e87bad3c948f4d605d)
Start importing Assets/Assets/KayKit_ResourceBits_1.0_FREE/Assets/fbx/Gold_Bars_Stack_Small.fbx using Guid(9f90d5d4b15f76347b9d8ddff5d20e39) Importer(2089858483,b0f066a214c2f5e87bad3c948f4d605d) (ScriptedImporter) -> (artifact id: '6925b6a7ceb0f9a2e08b9eb35a445f5d') in 0.0413057 seconds
Number of updated asset objects reloaded before import = 0Number of asset objects unloaded after import = 9

========================================================================
Received Import Request.
  Time since last request: 0.000020 seconds.
  path: Assets/Assets/KayKit_ResourceBits_1.0_FREE/Assets/gltf/Fuel_C_Barrels.bin
  artifactKey: Guid(db870c4588c2af44aae2e7961052c6ea) Importer(2089858483,b0f066a214c2f5e87bad3c948f4d605d)
Start importing Assets/Assets/KayKit_ResourceBits_1.0_FREE/Assets/gltf/Fuel_C_Barrels.bin using Guid(db870c4588c2af44aae2e7961052c6ea) Importer(2089858483,b0f066a214c2f5e87bad3c948f4d605d) (ScriptedImporter) -> (artifact id: '44db40c2fb609c4d314da4469e520272') in 0.0103474 seconds
Number of updated asset objects reloaded before import = 0Number of asset objects unloaded after import = 1

========================================================================
Received Import Request.
  Time since last request: 0.000021 seconds.
  path: Assets/Assets/KayKit_ResourceBits_1.0_FREE/Assets/obj/Textiles_Stack_Small.mtl
  artifactKey: Guid(99197f37924c04948bc28593cfb8f123) Importer(2089858483,b0f066a214c2f5e87bad3c948f4d605d)
Start importing Assets/Assets/KayKit_ResourceBits_1.0_FREE/Assets/obj/Textiles_Stack_Small.mtl using Guid(99197f37924c04948bc28593cfb8f123) Importer(2089858483,b0f066a214c2f5e87bad3c948f4d605d) (ScriptedImporter) -> (artifact id: '01fbef49595a1695ad7a28e8ca860d41') in 0.0110526 seconds
Number of updated asset objects reloaded before import = 0Number of asset objects unloaded after import = 1

========================================================================
Received Import Request.
  Time since last request: 0.000026 seconds.
  path: Assets/Assets/KayKit_ResourceBits_1.0_FREE/Assets/fbx(unity)/Iron_Nugget_Large.fbx
  artifactKey: Guid(9a92f6ed4a24f98488d1382a6e77d7d4) Importer(2089858483,b0f066a214c2f5e87bad3c948f4d605d)
Start importing Assets/Assets/KayKit_ResourceBits_1.0_FREE/Assets/fbx(unity)/Iron_Nugget_Large.fbx using Guid(9a92f6ed4a24f98488d1382a6e77d7d4) Importer(2089858483,b0f066a214c2f5e87bad3c948f4d605d) (ScriptedImporter) -> (artifact id: '7ca57ea8ba7b83475875069518e9a769') in 0.020859 seconds
Number of updated asset objects reloaded before import = 0Number of asset objects unloaded after import = 9

========================================================================
Received Import Request.
  Time since last request: 0.000027 seconds.
  path: Assets/Assets/KayKit_ResourceBits_1.0_FREE/Assets/obj/Iron_Bars_Stack_Small.obj
  artifactKey: Guid(e954c46a18bf17f4491be511c4d69324) Importer(2089858483,b0f066a214c2f5e87bad3c948f4d605d)
Start importing Assets/Assets/KayKit_ResourceBits_1.0_FREE/Assets/obj/Iron_Bars_Stack_Small.obj using Guid(e954c46a18bf17f4491be511c4d69324) Importer(2089858483,b0f066a214c2f5e87bad3c948f4d605d) (ScriptedImporter) -> (artifact id: 'ce663a3bf449c8fa4a765e12c77a6375') in 0.0224041 seconds
Number of updated asset objects reloaded before import = 0Number of asset objects unloaded after import = 11

========================================================================
Received Import Request.
  Time since last request: 0.000024 seconds.
  path: Assets/Assets/KayKit_ResourceBits_1.0_FREE/Assets/fbx/Fuel_C_Barrel.fbx
  artifactKey: Guid(03ececb2e45bae44a8fb17cc330d2eb1) Importer(2089858483,b0f066a214c2f5e87bad3c948f4d605d)
Start importing Assets/Assets/KayKit_ResourceBits_1.0_FREE/Assets/fbx/Fuel_C_Barrel.fbx using Guid(03ececb2e45bae44a8fb17cc330d2eb1) Importer(2089858483,b0f066a214c2f5e87bad3c948f4d605d) (ScriptedImporter) -> (artifact id: 'f4ac6fab3bedd913b0afdd5a903d032f') in 0.0189535 seconds
Number of updated asset objects reloaded before import = 0Number of asset objects unloaded after import = 9

========================================================================
Received Import Request.
  Time since last request: 0.000015 seconds.
  path: Assets/Assets/KayKit_ResourceBits_1.0_FREE/Assets/obj/Parts_Pile_Small.obj
  artifactKey: Guid(f3c559179f5c95742b68733620d7f73b) Importer(2089858483,b0f066a214c2f5e87bad3c948f4d605d)
Start importing Assets/Assets/KayKit_ResourceBits_1.0_FREE/Assets/obj/Parts_Pile_Small.obj using Guid(f3c559179f5c95742b68733620d7f73b) Importer(2089858483,b0f066a214c2f5e87bad3c948f4d605d) (ScriptedImporter) -> (artifact id: 'd1fcf61f54e2bb3c83dc413537a4d80d') in 0.0183089 seconds
Number of updated asset objects reloaded before import = 0Number of asset objects unloaded after import = 11

========================================================================
Received Import Request.
  Time since last request: 0.000019 seconds.
  path: Assets/Assets/KayKit_ResourceBits_1.0_FREE/Assets/fbx(unity)/Iron_Bars_Stack_Medium.fbx
  artifactKey: Guid(b5a22a626e75a12438e8d28d2a9aa5e6) Importer(2089858483,b0f066a214c2f5e87bad3c948f4d605d)
Start importing Assets/Assets/KayKit_ResourceBits_1.0_FREE/Assets/fbx(unity)/Iron_Bars_Stack_Medium.fbx using Guid(b5a22a626e75a12438e8d28d2a9aa5e6) Importer(2089858483,b0f066a214c2f5e87bad3c948f4d605d) (ScriptedImporter) -> (artifact id: 'daa2f169af9ed2af168a7b60869e0b13') in 0.0195871 seconds
Number of updated asset objects reloaded before import = 0Number of asset objects unloaded after import = 9

========================================================================
Received Import Request.
  Time since last request: 0.000024 seconds.
  path: Assets/Assets/KayKit_ResourceBits_1.0_FREE/Assets/obj/Stone_Bricks_Stack_Large.obj
  artifactKey: Guid(c2f1375cceb06794a92f78009dc51f37) Importer(2089858483,b0f066a214c2f5e87bad3c948f4d605d)
Start importing Assets/Assets/KayKit_ResourceBits_1.0_FREE/Assets/obj/Stone_Bricks_Stack_Large.obj using Guid(c2f1375cceb06794a92f78009dc51f37) Importer(2089858483,b0f066a214c2f5e87bad3c948f4d605d) (ScriptedImporter) -> (artifact id: '3c030f1a1f5c736387e548ef721af28b') in 0.0225039 seconds
Number of updated asset objects reloaded before import = 0Number of asset objects unloaded after import = 11

========================================================================
Received Import Request.
  Time since last request: 0.000033 seconds.
  path: Assets/Assets/KayKit_ResourceBits_1.0_FREE/Assets/fbx/Wood_Planks_Stack_Small.fbx
  artifactKey: Guid(3766c929f181f9c448f8baf5d17b1638) Importer(2089858483,b0f066a214c2f5e87bad3c948f4d605d)
Start importing Assets/Assets/KayKit_ResourceBits_1.0_FREE/Assets/fbx/Wood_Planks_Stack_Small.fbx using Guid(3766c929f181f9c448f8baf5d17b1638) Importer(2089858483,b0f066a214c2f5e87bad3c948f4d605d) (ScriptedImporter) -> (artifact id: 'a035b46b87d0013654bb6f46bfb7eadb') in 0.0222651 seconds
Number of updated asset objects reloaded before import = 0Number of asset objects unloaded after import = 9

========================================================================
Received Import Request.
  Time since last request: 0.000017 seconds.
  path: Assets/Assets/KayKit_ResourceBits_1.0_FREE/Assets/obj/Gold_Nuggets.obj
  artifactKey: Guid(e2a6fd22d5374cc4baf1b3ada7f806a5) Importer(2089858483,b0f066a214c2f5e87bad3c948f4d605d)
Start importing Assets/Assets/KayKit_ResourceBits_1.0_FREE/Assets/obj/Gold_Nuggets.obj using Guid(e2a6fd22d5374cc4baf1b3ada7f806a5) Importer(2089858483,b0f066a214c2f5e87bad3c948f4d605d) (ScriptedImporter) -> (artifact id: 'f8dede18aa044af0d0cddbf030e69819') in 0.022075 seconds
Number of updated asset objects reloaded before import = 0Number of asset objects unloaded after import = 11

========================================================================
Received Import Request.
  Time since last request: 0.000021 seconds.
  path: Assets/Assets/KayKit_ResourceBits_1.0_FREE/Assets/fbx(unity)/Parts_Pile_Large.fbx
  artifactKey: Guid(336bea0cc5d269a46b55448209a8968b) Importer(2089858483,b0f066a214c2f5e87bad3c948f4d605d)
Start importing Assets/Assets/KayKit_ResourceBits_1.0_FREE/Assets/fbx(unity)/Parts_Pile_Large.fbx using Guid(336bea0cc5d269a46b55448209a8968b) Importer(2089858483,b0f066a214c2f5e87bad3c948f4d605d) (ScriptedImporter) -> (artifact id: '5499b1bf0edfb4417bb133b13b53bf91') in 0.0244522 seconds
Number of updated asset objects reloaded before import = 0Number of asset objects unloaded after import = 9

========================================================================
Received Import Request.
  Time since last request: 0.000018 seconds.
  path: Assets/Assets/KayKit_ResourceBits_1.0_FREE/Assets/fbx/Copper_Bars_Stack_Large.fbx
  artifactKey: Guid(5be00a5de826efa488d3004560561001) Importer(2089858483,b0f066a214c2f5e87bad3c948f4d605d)
Start importing Assets/Assets/KayKit_ResourceBits_1.0_FREE/Assets/fbx/Copper_Bars_Stack_Large.fbx using Guid(5be00a5de826efa488d3004560561001) Importer(2089858483,b0f066a214c2f5e87bad3c948f4d605d) (ScriptedImporter) -> (artifact id: 'af889a66558e3380cde7c5b9803d365b') in 0.0207508 seconds
Number of updated asset objects reloaded before import = 0Number of asset objects unloaded after import = 9

========================================================================
Received Import Request.
  Time since last request: 0.000020 seconds.
  path: Assets/Assets/KayKit_ResourceBits_1.0_FREE/Assets/gltf/Silver_Bars.gltf
  artifactKey: Guid(8b7ecbf182416e240ab18ae351eda2af) Importer(2089858483,b0f066a214c2f5e87bad3c948f4d605d)
Start importing Assets/Assets/KayKit_ResourceBits_1.0_FREE/Assets/gltf/Silver_Bars.gltf using Guid(8b7ecbf182416e240ab18ae351eda2af) Importer(2089858483,b0f066a214c2f5e87bad3c948f4d605d) (ScriptedImporter) -> (artifact id: 'd4eca0dc3e83ce5996e9082fca5ea893') in 0.0114122 seconds
Number of updated asset objects reloaded before import = 0Number of asset objects unloaded after import = 1

========================================================================
Received Import Request.
  Time since last request: 0.000030 seconds.
  path: Assets/Assets/KayKit_ResourceBits_1.0_FREE/Assets/gltf/Gold_Bars_Stack_Large.bin
  artifactKey: Guid(b70ec75ae0716c04aa59445e87778dfd) Importer(2089858483,b0f066a214c2f5e87bad3c948f4d605d)
Start importing Assets/Assets/KayKit_ResourceBits_1.0_FREE/Assets/gltf/Gold_Bars_Stack_Large.bin using Guid(b70ec75ae0716c04aa59445e87778dfd) Importer(2089858483,b0f066a214c2f5e87bad3c948f4d605d) (ScriptedImporter) -> (artifact id: 'b01384cab5a5dc7a94bde53793db13cb') in 0.0095662 seconds
Number of updated asset objects reloaded before import = 0Number of asset objects unloaded after import = 1

========================================================================
Received Import Request.
  Time since last request: 0.000018 seconds.
  path: Assets/Assets/KayKit_ResourceBits_1.0_FREE/Assets
  artifactKey: Guid(a48fcb89f49a14c4b8ecc0074aa985a7) Importer(2089858483,b0f066a214c2f5e87bad3c948f4d605d)
Start importing Assets/Assets/KayKit_ResourceBits_1.0_FREE/Assets using Guid(a48fcb89f49a14c4b8ecc0074aa985a7) Importer(2089858483,b0f066a214c2f5e87bad3c948f4d605d) (ScriptedImporter) -> (artifact id: '749f25c57e87bcab239bf17a9c9d6ba3') in 0.009475 seconds
Number of updated asset objects reloaded before import = 0Number of asset objects unloaded after import = 1

========================================================================
Received Import Request.
  Time since last request: 0.000017 seconds.
  path: Assets/Assets/KayKit_ResourceBits_1.0_FREE/Assets/gltf/Stone_Chunks_Large.gltf
  artifactKey: Guid(cc68207b0a6fb6c4e975448ab6dda49d) Importer(2089858483,b0f066a214c2f5e87bad3c948f4d605d)
Start importing Assets/Assets/KayKit_ResourceBits_1.0_FREE/Assets/gltf/Stone_Chunks_Large.gltf using Guid(cc68207b0a6fb6c4e975448ab6dda49d) Importer(2089858483,b0f066a214c2f5e87bad3c948f4d605d) (ScriptedImporter) -> (artifact id: '984d95c8056212b8da06e2e4d35517a9') in 0.0115961 seconds
Number of updated asset objects reloaded before import = 0Number of asset objects unloaded after import = 1

========================================================================
Received Import Request.
  Time since last request: 0.000014 seconds.
  path: Assets/Assets/KayKit_ResourceBits_1.0_FREE/Assets/obj/Silver_Nugget_Large.obj
  artifactKey: Guid(3fef5ad3d2be4194b8ed0839cdfec0a9) Importer(2089858483,b0f066a214c2f5e87bad3c948f4d605d)
Start importing Assets/Assets/KayKit_ResourceBits_1.0_FREE/Assets/obj/Silver_Nugget_Large.obj using Guid(3fef5ad3d2be4194b8ed0839cdfec0a9) Importer(2089858483,b0f066a214c2f5e87bad3c948f4d605d) (ScriptedImporter) -> (artifact id: '50bf9bbc74cd99c26a8b15642534f403') in 0.0209962 seconds
Number of updated asset objects reloaded before import = 0Number of asset objects unloaded after import = 11

========================================================================
Received Import Request.
  Time since last request: 0.000019 seconds.
  path: Assets/Assets/KayKit_ResourceBits_1.0_FREE/Assets/fbx/Parts_Pile_Small.fbx
  artifactKey: Guid(0cf56b4a60ff2764aa8eeb46e104fd2a) Importer(2089858483,b0f066a214c2f5e87bad3c948f4d605d)
Start importing Assets/Assets/KayKit_ResourceBits_1.0_FREE/Assets/fbx/Parts_Pile_Small.fbx using Guid(0cf56b4a60ff2764aa8eeb46e104fd2a) Importer(2089858483,b0f066a214c2f5e87bad3c948f4d605d) (ScriptedImporter) -> (artifact id: '549e30e285bac697cead05316dd32114') in 0.0221285 seconds
Number of updated asset objects reloaded before import = 0Number of asset objects unloaded after import = 9

========================================================================
Received Import Request.
  Time since last request: 0.000025 seconds.
  path: Assets/Assets/KayKit_ResourceBits_1.0_FREE/Assets/fbx/resource_bits_texture.png
  artifactKey: Guid(20f855df58ca53448ae9391445ce2833) Importer(2089858483,b0f066a214c2f5e87bad3c948f4d605d)
Start importing Assets/Assets/KayKit_ResourceBits_1.0_FREE/Assets/fbx/resource_bits_texture.png using Guid(20f855df58ca53448ae9391445ce2833) Importer(2089858483,b0f066a214c2f5e87bad3c948f4d605d) (ScriptedImporter)[Licensing::Client] Successfully resolved entitlement details
[Licensing::Client] Successfully resolved entitlement details
 -> (artifact id: '4bc80e375f4ef18c306d7fc63e1da6f0') in 0.0548413 seconds
Number of updated asset objects reloaded before import = 0Number of asset objects unloaded after import = 1

========================================================================
Received Import Request.
  Time since last request: 0.000013 seconds.
  path: Assets/Assets/KayKit_ResourceBits_1.0_FREE/Assets/gltf/Silver_Bars_Stack_Large.bin
  artifactKey: Guid(bf4edd29aa0461e4ead984168545246f) Importer(2089858483,b0f066a214c2f5e87bad3c948f4d605d)
Start importing Assets/Assets/KayKit_ResourceBits_1.0_FREE/Assets/gltf/Silver_Bars_Stack_Large.bin using Guid(bf4edd29aa0461e4ead984168545246f) Importer(2089858483,b0f066a214c2f5e87bad3c948f4d605d) (ScriptedImporter) -> (artifact id: '9a999ca40c40af3db9bcb9ef85575aac') in 0.0103923 seconds
Number of updated asset objects reloaded before import = 0Number of asset objects unloaded after import = 1

========================================================================
Received Import Request.
  Time since last request: 0.000016 seconds.
  path: Assets/Assets/KayKit_ResourceBits_1.0_FREE/Assets/gltf/Iron_Nuggets.bin
  artifactKey: Guid(5874b82173a494a4ebf7fde1cc458a49) Importer(2089858483,b0f066a214c2f5e87bad3c948f4d605d)
Start importing Assets/Assets/KayKit_ResourceBits_1.0_FREE/Assets/gltf/Iron_Nuggets.bin using Guid(5874b82173a494a4ebf7fde1cc458a49) Importer(2089858483,b0f066a214c2f5e87bad3c948f4d605d) (ScriptedImporter) -> (artifact id: '5017c67c184ec46ed63d85b66cf6f695') in 0.0127004 seconds
Number of updated asset objects reloaded before import = 0Number of asset objects unloaded after import = 1

========================================================================
Received Import Request.
  Time since last request: 0.000019 seconds.
  path: Assets/Assets/KayKit_ResourceBits_1.0_FREE/Assets/gltf/Gold_Nugget_Medium.gltf
  artifactKey: Guid(87bdf9b60aa29ae41bc3e75f341a9141) Importer(2089858483,b0f066a214c2f5e87bad3c948f4d605d)
Start importing Assets/Assets/KayKit_ResourceBits_1.0_FREE/Assets/gltf/Gold_Nugget_Medium.gltf using Guid(87bdf9b60aa29ae41bc3e75f341a9141) Importer(2089858483,b0f066a214c2f5e87bad3c948f4d605d) (ScriptedImporter) -> (artifact id: 'f9f62d88b4b53e6ac9ac08b9bce31a3d') in 0.0113572 seconds
Number of updated asset objects reloaded before import = 0Number of asset objects unloaded after import = 1

========================================================================
Received Import Request.
  Time since last request: 0.000025 seconds.
  path: Assets/Assets/KayKit_ResourceBits_1.0_FREE/Assets/gltf/Silver_Bars_Stack_Large.gltf
  artifactKey: Guid(64f71bb3b9663f542af0dec0e48480de) Importer(2089858483,b0f066a214c2f5e87bad3c948f4d605d)
Start importing Assets/Assets/KayKit_ResourceBits_1.0_FREE/Assets/gltf/Silver_Bars_Stack_Large.gltf using Guid(64f71bb3b9663f542af0dec0e48480de) Importer(2089858483,b0f066a214c2f5e87bad3c948f4d605d) (ScriptedImporter) -> (artifact id: '67fada1fd7773c638441c1a0606c5bd4') in 0.01262 seconds
Number of updated asset objects reloaded before import = 0Number of asset objects unloaded after import = 1

========================================================================
Received Import Request.
  Time since last request: 0.000025 seconds.
  path: Assets/Assets/KayKit_ResourceBits_1.0_FREE/Assets/gltf/Textiles_B.bin
  artifactKey: Guid(cf2ef62a3942d1a48a3538e6ba7bc7ef) Importer(2089858483,b0f066a214c2f5e87bad3c948f4d605d)
Start importing Assets/Assets/KayKit_ResourceBits_1.0_FREE/Assets/gltf/Textiles_B.bin using Guid(cf2ef62a3942d1a48a3538e6ba7bc7ef) Importer(2089858483,b0f066a214c2f5e87bad3c948f4d605d) (ScriptedImporter) -> (artifact id: 'aae7a7a342b93b18315e103a240975c5') in 0.0113936 seconds
Number of updated asset objects reloaded before import = 0Number of asset objects unloaded after import = 1

========================================================================
Received Import Request.
  Time since last request: 0.000016 seconds.
  path: Assets/Assets/KayKit_ResourceBits_1.0_FREE/Assets/gltf/Iron_Nugget_Small.bin
  artifactKey: Guid(aa52bfd63ca8dcd4190b864b66468873) Importer(2089858483,b0f066a214c2f5e87bad3c948f4d605d)
Start importing Assets/Assets/KayKit_ResourceBits_1.0_FREE/Assets/gltf/Iron_Nugget_Small.bin using Guid(aa52bfd63ca8dcd4190b864b66468873) Importer(2089858483,b0f066a214c2f5e87bad3c948f4d605d) (ScriptedImporter) -> (artifact id: '940e711629057dae422c6f2bd859e987') in 0.0114306 seconds
Number of updated asset objects reloaded before import = 0Number of asset objects unloaded after import = 1

========================================================================
Received Import Request.
  Time since last request: 0.000038 seconds.
  path: Assets/Assets/KayKit_ResourceBits_1.0_FREE/Assets/gltf/Stone_Brick.gltf
  artifactKey: Guid(577e97b228286084687e2e2e15824d71) Importer(2089858483,b0f066a214c2f5e87bad3c948f4d605d)
Start importing Assets/Assets/KayKit_ResourceBits_1.0_FREE/Assets/gltf/Stone_Brick.gltf using Guid(577e97b228286084687e2e2e15824d71) Importer(2089858483,b0f066a214c2f5e87bad3c948f4d605d) (ScriptedImporter) -> (artifact id: '897cc52c6e3987a57d2bcc36d4919d1d') in 0.0121834 seconds
Number of updated asset objects reloaded before import = 0Number of asset objects unloaded after import = 1

========================================================================
Received Import Request.
  Time since last request: 0.000024 seconds.
  path: Assets/Assets/KayKit_ResourceBits_1.0_FREE/Assets/fbx(unity)/Stone_Bricks_Stack_Medium.fbx
  artifactKey: Guid(c81bedb2dfa3e6649b1779b5ad431cd4) Importer(2089858483,b0f066a214c2f5e87bad3c948f4d605d)
Start importing Assets/Assets/KayKit_ResourceBits_1.0_FREE/Assets/fbx(unity)/Stone_Bricks_Stack_Medium.fbx using Guid(c81bedb2dfa3e6649b1779b5ad431cd4) Importer(2089858483,b0f066a214c2f5e87bad3c948f4d605d) (ScriptedImporter) -> (artifact id: '97a6fcc7a24cb856dea8417f408d6003') in 0.0205132 seconds
Number of updated asset objects reloaded before import = 0Number of asset objects unloaded after import = 9

========================================================================
Received Import Request.
  Time since last request: 0.000031 seconds.
  path: Assets/Assets/KayKit_ResourceBits_1.0_FREE/Assets/obj/Gold_Nugget_Medium.obj
  artifactKey: Guid(9c02060faf3734940bfcea77c66485df) Importer(2089858483,b0f066a214c2f5e87bad3c948f4d605d)
Start importing Assets/Assets/KayKit_ResourceBits_1.0_FREE/Assets/obj/Gold_Nugget_Medium.obj using Guid(9c02060faf3734940bfcea77c66485df) Importer(2089858483,b0f066a214c2f5e87bad3c948f4d605d) (ScriptedImporter) -> (artifact id: '92ebd0b9d489f615cb7891b1286794be') in 0.0239033 seconds
Number of updated asset objects reloaded before import = 0Number of asset objects unloaded after import = 11

========================================================================
Received Import Request.
  Time since last request: 0.000018 seconds.
  path: Assets/Assets/KayKit_ResourceBits_1.0_FREE/Assets/fbx/Iron_Bars_Stack_Medium.fbx
  artifactKey: Guid(6bb766c4c4dffc8439f5417c69b0948e) Importer(2089858483,b0f066a214c2f5e87bad3c948f4d605d)
Start importing Assets/Assets/KayKit_ResourceBits_1.0_FREE/Assets/fbx/Iron_Bars_Stack_Medium.fbx using Guid(6bb766c4c4dffc8439f5417c69b0948e) Importer(2089858483,b0f066a214c2f5e87bad3c948f4d605d) (ScriptedImporter) -> (artifact id: 'e2fac9c2d19ad201c0d84ed9c542fc16') in 0.01981 seconds
Number of updated asset objects reloaded before import = 0Number of asset objects unloaded after import = 9

========================================================================
Received Import Request.
  Time since last request: 0.000021 seconds.
  path: Assets/Assets/KayKit_ResourceBits_1.0_FREE/Assets/gltf/Gold_Bars_Stack_Medium.bin
  artifactKey: Guid(fdd21472c2552564e954a21c47267c25) Importer(2089858483,b0f066a214c2f5e87bad3c948f4d605d)
Start importing Assets/Assets/KayKit_ResourceBits_1.0_FREE/Assets/gltf/Gold_Bars_Stack_Medium.bin using Guid(fdd21472c2552564e954a21c47267c25) Importer(2089858483,b0f066a214c2f5e87bad3c948f4d605d) (ScriptedImporter) -> (artifact id: '2c5781c34be0728acdc3c283867db40a') in 0.0124312 seconds
Number of updated asset objects reloaded before import = 0Number of asset objects unloaded after import = 1

========================================================================
Received Import Request.
  Time since last request: 0.000014 seconds.
  path: Assets/Assets/KayKit_ResourceBits_1.0_FREE/Assets/gltf/Iron_Nugget_Small.gltf
  artifactKey: Guid(762ac9a103fe2814bb9b478542a19b87) Importer(2089858483,b0f066a214c2f5e87bad3c948f4d605d)
Start importing Assets/Assets/KayKit_ResourceBits_1.0_FREE/Assets/gltf/Iron_Nugget_Small.gltf using Guid(762ac9a103fe2814bb9b478542a19b87) Importer(2089858483,b0f066a214c2f5e87bad3c948f4d605d) (ScriptedImporter) -> (artifact id: '29f9f67f44635e65fe20ea77e9ca6f23') in 0.0122932 seconds
Number of updated asset objects reloaded before import = 0Number of asset objects unloaded after import = 1

========================================================================
Received Import Request.
  Time since last request: 0.000017 seconds.
  path: Assets/Assets/KayKit_ResourceBits_1.0_FREE/Assets/obj/Copper_Bars_Stack_Small.mtl
  artifactKey: Guid(4520b191df787604a980d4e768e644b0) Importer(2089858483,b0f066a214c2f5e87bad3c948f4d605d)
Start importing Assets/Assets/KayKit_ResourceBits_1.0_FREE/Assets/obj/Copper_Bars_Stack_Small.mtl using Guid(4520b191df787604a980d4e768e644b0) Importer(2089858483,b0f066a214c2f5e87bad3c948f4d605d) (ScriptedImporter) -> (artifact id: '861ec5a581ced5c7ff142d03d0277249') in 0.0127483 seconds
Number of updated asset objects reloaded before import = 0Number of asset objects unloaded after import = 1

========================================================================
Received Import Request.
  Time since last request: 0.000030 seconds.
  path: Assets/Assets/KayKit_ResourceBits_1.0_FREE/Assets/gltf/Fuel_A_Barrel_Dirty.gltf
  artifactKey: Guid(94732ac4b985f3548bbffb1830154931) Importer(2089858483,b0f066a214c2f5e87bad3c948f4d605d)
Start importing Assets/Assets/KayKit_ResourceBits_1.0_FREE/Assets/gltf/Fuel_A_Barrel_Dirty.gltf using Guid(94732ac4b985f3548bbffb1830154931) Importer(2089858483,b0f066a214c2f5e87bad3c948f4d605d) (ScriptedImporter) -> (artifact id: '9183cf3884f68d357fc3cbe69088a190') in 0.0133002 seconds
Number of updated asset objects reloaded before import = 0Number of asset objects unloaded after import = 1

========================================================================
Received Import Request.
  Time since last request: 0.000020 seconds.
  path: Assets/Assets/KayKit_ResourceBits_1.0_FREE/Assets/obj/Gold_Nugget_Large.obj
  artifactKey: Guid(acb4f91a9992983499d1f491557f01a9) Importer(2089858483,b0f066a214c2f5e87bad3c948f4d605d)
Start importing Assets/Assets/KayKit_ResourceBits_1.0_FREE/Assets/obj/Gold_Nugget_Large.obj using Guid(acb4f91a9992983499d1f491557f01a9) Importer(2089858483,b0f066a214c2f5e87bad3c948f4d605d) (ScriptedImporter) -> (artifact id: '7089ee3a61dd0ea716e3c9bb7e7568df') in 0.0206152 seconds
Number of updated asset objects reloaded before import = 0Number of asset objects unloaded after import = 11

========================================================================
Received Import Request.
  Time since last request: 0.000016 seconds.
  path: Assets/Assets/KayKit_ResourceBits_1.0_FREE/Assets/obj/Fuel_A_Barrel_Dirty.mtl
  artifactKey: Guid(46aaabc49f99d104b9c92760d86da027) Importer(2089858483,b0f066a214c2f5e87bad3c948f4d605d)
Start importing Assets/Assets/KayKit_ResourceBits_1.0_FREE/Assets/obj/Fuel_A_Barrel_Dirty.mtl using Guid(46aaabc49f99d104b9c92760d86da027) Importer(2089858483,b0f066a214c2f5e87bad3c948f4d605d) (ScriptedImporter) -> (artifact id: '2e6b6e192854a9c15854c19f1dcaec72') in 0.0139563 seconds
Number of updated asset objects reloaded before import = 0Number of asset objects unloaded after import = 1

========================================================================
Received Import Request.
  Time since last request: 0.000015 seconds.
  path: Assets/Assets/KayKit_ResourceBits_1.0_FREE/Assets/gltf/Copper_Nugget_Small.gltf
  artifactKey: Guid(b3d300299af7e03459af62a3fc5f6df8) Importer(2089858483,b0f066a214c2f5e87bad3c948f4d605d)
Start importing Assets/Assets/KayKit_ResourceBits_1.0_FREE/Assets/gltf/Copper_Nugget_Small.gltf using Guid(b3d300299af7e03459af62a3fc5f6df8) Importer(2089858483,b0f066a214c2f5e87bad3c948f4d605d) (ScriptedImporter) -> (artifact id: '41ae686f40016455c37deea86820e945') in 0.0115387 seconds
Number of updated asset objects reloaded before import = 0Number of asset objects unloaded after import = 1

========================================================================
Received Import Request.
  Time since last request: 0.000018 seconds.
  path: Assets/Assets/KayKit_ResourceBits_1.0_FREE/Assets/fbx(unity)/Copper_Nugget_Medium.fbx
  artifactKey: Guid(b0c9dd2623a273247817e3837d7e311f) Importer(2089858483,b0f066a214c2f5e87bad3c948f4d605d)
Start importing Assets/Assets/KayKit_ResourceBits_1.0_FREE/Assets/fbx(unity)/Copper_Nugget_Medium.fbx using Guid(b0c9dd2623a273247817e3837d7e311f) Importer(2089858483,b0f066a214c2f5e87bad3c948f4d605d) (ScriptedImporter) -> (artifact id: 'ccf0b80f0db6db3bbbd33d6d55edefb7') in 0.0602792 seconds
Number of updated asset objects reloaded before import = 0Number of asset objects unloaded after import = 9

========================================================================
Received Import Request.
  Time since last request: 0.000030 seconds.
  path: Assets/Assets/KayKit_ResourceBits_1.0_FREE/Assets/obj/Gold_Nugget_Small.mtl
  artifactKey: Guid(c91c99d06de15c545b0931a466e9e670) Importer(2089858483,b0f066a214c2f5e87bad3c948f4d605d)
Start importing Assets/Assets/KayKit_ResourceBits_1.0_FREE/Assets/obj/Gold_Nugget_Small.mtl using Guid(c91c99d06de15c545b0931a466e9e670) Importer(2089858483,b0f066a214c2f5e87bad3c948f4d605d) (ScriptedImporter) -> (artifact id: 'a75171a6690ea038c65d2c7c6a9326e6') in 0.0110235 seconds
Number of updated asset objects reloaded before import = 0Number of asset objects unloaded after import = 1

========================================================================
Received Import Request.
  Time since last request: 0.000018 seconds.
  path: Assets/Assets/KayKit_ResourceBits_1.0_FREE/Assets/obj/Parts_Pile_Small.mtl
  artifactKey: Guid(b2c63aacbbb47bb4b91a0bb998e5e2b6) Importer(2089858483,b0f066a214c2f5e87bad3c948f4d605d)
Start importing Assets/Assets/KayKit_ResourceBits_1.0_FREE/Assets/obj/Parts_Pile_Small.mtl using Guid(b2c63aacbbb47bb4b91a0bb998e5e2b6) Importer(2089858483,b0f066a214c2f5e87bad3c948f4d605d) (ScriptedImporter) -> (artifact id: '26ce1739c651f0c5f1b4e3c85bfabf43') in 0.0137512 seconds
Number of updated asset objects reloaded before import = 0Number of asset objects unloaded after import = 1

========================================================================
Received Import Request.
  Time since last request: 0.000024 seconds.
  path: Assets/Assets/KayKit_ResourceBits_1.0_FREE/License.txt
  artifactKey: Guid(dd17cd39617e3014f89b7cf69dd11ff5) Importer(2089858483,b0f066a214c2f5e87bad3c948f4d605d)
Start importing Assets/Assets/KayKit_ResourceBits_1.0_FREE/License.txt using Guid(dd17cd39617e3014f89b7cf69dd11ff5) Importer(2089858483,b0f066a214c2f5e87bad3c948f4d605d) (ScriptedImporter) -> (artifact id: '9108ffc2ea9980a116b02c79133bfdd7') in 0.0128937 seconds
Number of updated asset objects reloaded before import = 0Number of asset objects unloaded after import = 1

========================================================================
Received Import Request.
  Time since last request: 0.000016 seconds.
  path: Assets/Assets/KayKit_ResourceBits_1.0_FREE/Assets/obj/Iron_Bars_Stack_Large.obj
  artifactKey: Guid(4e4e7aac6cd2f7f4d8e9a0206a24cbb5) Importer(2089858483,b0f066a214c2f5e87bad3c948f4d605d)
Start importing Assets/Assets/KayKit_ResourceBits_1.0_FREE/Assets/obj/Iron_Bars_Stack_Large.obj using Guid(4e4e7aac6cd2f7f4d8e9a0206a24cbb5) Importer(2089858483,b0f066a214c2f5e87bad3c948f4d605d) (ScriptedImporter) -> (artifact id: '7e92f9791d01260126c978b746e864b0') in 0.0245046 seconds
Number of updated asset objects reloaded before import = 0Number of asset objects unloaded after import = 11

========================================================================
Received Import Request.
  Time since last request: 0.000024 seconds.
  path: Assets/Assets/KayKit_ResourceBits_1.0_FREE/Assets/obj/Gold_Bars.obj
  artifactKey: Guid(c5bae7f5630ff884f9b987193173bcdb) Importer(2089858483,b0f066a214c2f5e87bad3c948f4d605d)
Start importing Assets/Assets/KayKit_ResourceBits_1.0_FREE/Assets/obj/Gold_Bars.obj using Guid(c5bae7f5630ff884f9b987193173bcdb) Importer(2089858483,b0f066a214c2f5e87bad3c948f4d605d) (ScriptedImporter) -> (artifact id: '2a3f773b7f73a4358ca1b67adcf0f760') in 0.0251994 seconds
Number of updated asset objects reloaded before import = 0Number of asset objects unloaded after import = 11

========================================================================
Received Import Request.
  Time since last request: 0.000031 seconds.
  path: Assets/Assets/KayKit_ResourceBits_1.0_FREE/Assets/obj/Copper_Nugget_Small.obj
  artifactKey: Guid(82e6774372478bc48b178510a5593cbb) Importer(2089858483,b0f066a214c2f5e87bad3c948f4d605d)
Start importing Assets/Assets/KayKit_ResourceBits_1.0_FREE/Assets/obj/Copper_Nugget_Small.obj using Guid(82e6774372478bc48b178510a5593cbb) Importer(2089858483,b0f066a214c2f5e87bad3c948f4d605d) (ScriptedImporter) -> (artifact id: 'b7573db840bef8a046c3572a1f49d68f') in 0.0221493 seconds
Number of updated asset objects reloaded before import = 0Number of asset objects unloaded after import = 11

========================================================================
Received Import Request.
  Time since last request: 0.000023 seconds.
  path: Assets/Assets/KayKit_ResourceBits_1.0_FREE/Assets/fbx/Silver_Bars_Stack_Large.fbx
  artifactKey: Guid(6eb5ebb93ea3fd941998c8038aa16b71) Importer(2089858483,b0f066a214c2f5e87bad3c948f4d605d)
Start importing Assets/Assets/KayKit_ResourceBits_1.0_FREE/Assets/fbx/Silver_Bars_Stack_Large.fbx using Guid(6eb5ebb93ea3fd941998c8038aa16b71) Importer(2089858483,b0f066a214c2f5e87bad3c948f4d605d) (ScriptedImporter) -> (artifact id: '4d6ade09af95b5d65fbc118dd6402057') in 0.029564 seconds
Number of updated asset objects reloaded before import = 0Number of asset objects unloaded after import = 9

========================================================================
Received Import Request.
  Time since last request: 0.000021 seconds.
  path: Assets/Assets/KayKit_ResourceBits_1.0_FREE/Assets/obj/Parts_Pile_Large.obj
  artifactKey: Guid(c0b0e6319541a0d4db09242a49b91a46) Importer(2089858483,b0f066a214c2f5e87bad3c948f4d605d)
Start importing Assets/Assets/KayKit_ResourceBits_1.0_FREE/Assets/obj/Parts_Pile_Large.obj using Guid(c0b0e6319541a0d4db09242a49b91a46) Importer(2089858483,b0f066a214c2f5e87bad3c948f4d605d) (ScriptedImporter) -> (artifact id: 'cf9a2788e4d4992a7d52604274486b0a') in 0.0251741 seconds
Number of updated asset objects reloaded before import = 0Number of asset objects unloaded after import = 11

========================================================================
Received Import Request.
  Time since last request: 0.000031 seconds.
  path: Assets/Assets/KayKit_ResourceBits_1.0_FREE/Assets/obj/Pallet_Wood.obj
  artifactKey: Guid(4fdd889318538ed4d8549d8c90f04eec) Importer(2089858483,b0f066a214c2f5e87bad3c948f4d605d)
Start importing Assets/Assets/KayKit_ResourceBits_1.0_FREE/Assets/obj/Pallet_Wood.obj using Guid(4fdd889318538ed4d8549d8c90f04eec) Importer(2089858483,b0f066a214c2f5e87bad3c948f4d605d) (ScriptedImporter) -> (artifact id: '743ae51d915db1da1f946eca00aecdb6') in 0.023558 seconds
Number of updated asset objects reloaded before import = 0Number of asset objects unloaded after import = 11

========================================================================
Received Import Request.
  Time since last request: 0.000028 seconds.
  path: Assets/Assets/KayKit_ResourceBits_1.0_FREE/Assets/gltf/Iron_Bars_Stack_Medium.bin
  artifactKey: Guid(868fa738c248dcc4f95dc1701ba26469) Importer(2089858483,b0f066a214c2f5e87bad3c948f4d605d)
Start importing Assets/Assets/KayKit_ResourceBits_1.0_FREE/Assets/gltf/Iron_Bars_Stack_Medium.bin using Guid(868fa738c248dcc4f95dc1701ba26469) Importer(2089858483,b0f066a214c2f5e87bad3c948f4d605d) (ScriptedImporter) -> (artifact id: '119629dcb1a3ac825c8898d045e25945') in 0.014599 seconds
Number of updated asset objects reloaded before import = 0Number of asset objects unloaded after import = 1

========================================================================
Received Import Request.
  Time since last request: 0.000022 seconds.
  path: Assets/Assets/KayKit_ResourceBits_1.0_FREE/Assets/fbx/Copper_Bars_Stack_Small.fbx
  artifactKey: Guid(6b61665f7663c0847a6bea6016592b03) Importer(2089858483,b0f066a214c2f5e87bad3c948f4d605d)
Start importing Assets/Assets/KayKit_ResourceBits_1.0_FREE/Assets/fbx/Copper_Bars_Stack_Small.fbx using Guid(6b61665f7663c0847a6bea6016592b03) Importer(2089858483,b0f066a214c2f5e87bad3c948f4d605d) (ScriptedImporter) -> (artifact id: 'df54b93be099d52325ea310f03c19cbe') in 0.0184027 seconds
Number of updated asset objects reloaded before import = 0Number of asset objects unloaded after import = 9

========================================================================
Received Import Request.
  Time since last request: 0.000020 seconds.
  path: Assets/Assets/KayKit_ResourceBits_1.0_FREE/Assets/fbx(unity)/Silver_Bars.fbx
  artifactKey: Guid(edcdac2c086aa24499d70d33bf2340bf) Importer(2089858483,b0f066a214c2f5e87bad3c948f4d605d)
Start importing Assets/Assets/KayKit_ResourceBits_1.0_FREE/Assets/fbx(unity)/Silver_Bars.fbx using Guid(edcdac2c086aa24499d70d33bf2340bf) Importer(2089858483,b0f066a214c2f5e87bad3c948f4d605d) (ScriptedImporter) -> (artifact id: '318ef28e3077daa8d2b090c1fdf8bf70') in 0.0247943 seconds
Number of updated asset objects reloaded before import = 0Number of asset objects unloaded after import = 9

========================================================================
Received Import Request.
  Time since last request: 0.000029 seconds.
  path: Assets/Assets/KayKit_ResourceBits_1.0_FREE/Assets/fbx/Pallet_Wood_Covered_A.fbx
  artifactKey: Guid(8f6a12779cc933747b489c4e61646cef) Importer(2089858483,b0f066a214c2f5e87bad3c948f4d605d)
Start importing Assets/Assets/KayKit_ResourceBits_1.0_FREE/Assets/fbx/Pallet_Wood_Covered_A.fbx using Guid(8f6a12779cc933747b489c4e61646cef) Importer(2089858483,b0f066a214c2f5e87bad3c948f4d605d) (ScriptedImporter) -> (artifact id: '1c896a364ec8930ea9f8c66f688cff26') in 0.0186335 seconds
Number of updated asset objects reloaded before import = 0Number of asset objects unloaded after import = 9

========================================================================
Received Import Request.
  Time since last request: 0.000016 seconds.
  path: Assets/Assets/KayKit_ResourceBits_1.0_FREE/Assets/obj/Stone_Bricks_Stack_Small.mtl
  artifactKey: Guid(bbd6421c188899a45917d93a057a6b36) Importer(2089858483,b0f066a214c2f5e87bad3c948f4d605d)
Start importing Assets/Assets/KayKit_ResourceBits_1.0_FREE/Assets/obj/Stone_Bricks_Stack_Small.mtl using Guid(bbd6421c188899a45917d93a057a6b36) Importer(2089858483,b0f066a214c2f5e87bad3c948f4d605d) (ScriptedImporter) -> (artifact id: '7985ffd483e7005fcf91344f1b39016e') in 0.0097059 seconds
Number of updated asset objects reloaded before import = 0Number of asset objects unloaded after import = 1

========================================================================
Received Import Request.
  Time since last request: 0.000016 seconds.
  path: Assets/Assets/KayKit_ResourceBits_1.0_FREE/Assets/obj/Textiles_B.mtl
  artifactKey: Guid(57d6d074729d55d4c9ea3319d07aab7e) Importer(2089858483,b0f066a214c2f5e87bad3c948f4d605d)
Start importing Assets/Assets/KayKit_ResourceBits_1.0_FREE/Assets/obj/Textiles_B.mtl using Guid(57d6d074729d55d4c9ea3319d07aab7e) Importer(2089858483,b0f066a214c2f5e87bad3c948f4d605d) (ScriptedImporter) -> (artifact id: '7452a716d2ec5a7a48874df104e41c17') in 0.0119306 seconds
Number of updated asset objects reloaded before import = 0Number of asset objects unloaded after import = 1

========================================================================
Received Import Request.
  Time since last request: 0.000015 seconds.
  path: Assets/Assets/KayKit_ResourceBits_1.0_FREE/Assets/obj/Wood_Plank_B.mtl
  artifactKey: Guid(4218452aabb6b364cb547a5d533121ae) Importer(2089858483,b0f066a214c2f5e87bad3c948f4d605d)
Start importing Assets/Assets/KayKit_ResourceBits_1.0_FREE/Assets/obj/Wood_Plank_B.mtl using Guid(4218452aabb6b364cb547a5d533121ae) Importer(2089858483,b0f066a214c2f5e87bad3c948f4d605d) (ScriptedImporter) -> (artifact id: '3e7d17214a2381406e1c1c8717c1d413') in 0.0099167 seconds
Number of updated asset objects reloaded before import = 0Number of asset objects unloaded after import = 1

========================================================================
Received Import Request.
  Time since last request: 0.000021 seconds.
  path: Assets/Assets/KayKit_ResourceBits_1.0_FREE/Assets/fbx/Pallet_Wood.fbx
  artifactKey: Guid(a03b0ebb181b6d9428ebaf23a2e6e4c4) Importer(2089858483,b0f066a214c2f5e87bad3c948f4d605d)
Start importing Assets/Assets/KayKit_ResourceBits_1.0_FREE/Assets/fbx/Pallet_Wood.fbx using Guid(a03b0ebb181b6d9428ebaf23a2e6e4c4) Importer(2089858483,b0f066a214c2f5e87bad3c948f4d605d) (ScriptedImporter) -> (artifact id: 'b8e090ee19480de5657623e337b95445') in 0.0183448 seconds
Number of updated asset objects reloaded before import = 0Number of asset objects unloaded after import = 9

========================================================================
Received Import Request.
  Time since last request: 0.000024 seconds.
  path: Assets/Assets/KayKit_ResourceBits_1.0_FREE/Assets/fbx(unity)/Wood_Log_B.fbx
  artifactKey: Guid(d32aee31fb3709a44b66ddb324e6b259) Importer(2089858483,b0f066a214c2f5e87bad3c948f4d605d)
Start importing Assets/Assets/KayKit_ResourceBits_1.0_FREE/Assets/fbx(unity)/Wood_Log_B.fbx using Guid(d32aee31fb3709a44b66ddb324e6b259) Importer(2089858483,b0f066a214c2f5e87bad3c948f4d605d) (ScriptedImporter) -> (artifact id: '923cb54d1150ec5161fa504931eafabf') in 0.019851 seconds
Number of updated asset objects reloaded before import = 0Number of asset objects unloaded after import = 9

========================================================================
Received Import Request.
  Time since last request: 0.000015 seconds.
  path: Assets/Assets/KayKit_ResourceBits_1.0_FREE/Assets/fbx(unity)/Gold_Bars_Stack_Medium.fbx
  artifactKey: Guid(b2ec58bc84f27e54c8c269ab1d96bbd6) Importer(2089858483,b0f066a214c2f5e87bad3c948f4d605d)
Start importing Assets/Assets/KayKit_ResourceBits_1.0_FREE/Assets/fbx(unity)/Gold_Bars_Stack_Medium.fbx using Guid(b2ec58bc84f27e54c8c269ab1d96bbd6) Importer(2089858483,b0f066a214c2f5e87bad3c948f4d605d) (ScriptedImporter) -> (artifact id: '4db4c9fb097cf921b863769431f81f6b') in 0.0175712 seconds
Number of updated asset objects reloaded before import = 0Number of asset objects unloaded after import = 9

========================================================================
Received Import Request.
  Time since last request: 0.000017 seconds.
  path: Assets/Assets/KayKit_ResourceBits_1.0_FREE/Textures
  artifactKey: Guid(36ef6b96a21029f45b26abbcae13b2e3) Importer(2089858483,b0f066a214c2f5e87bad3c948f4d605d)
Start importing Assets/Assets/KayKit_ResourceBits_1.0_FREE/Textures using Guid(36ef6b96a21029f45b26abbcae13b2e3) Importer(2089858483,b0f066a214c2f5e87bad3c948f4d605d) (ScriptedImporter) -> (artifact id: 'b7d7b3a6733df48a0fcf551e4e0d7526') in 0.0123084 seconds
Number of updated asset objects reloaded before import = 0Number of asset objects unloaded after import = 1

========================================================================
Received Import Request.
  Time since last request: 0.000018 seconds.
  path: Assets/Assets/KayKit_ResourceBits_1.0_FREE/contents.png
  artifactKey: Guid(920a5add6756206438d9b7d79e70a0d2) Importer(2089858483,b0f066a214c2f5e87bad3c948f4d605d)
Start importing Assets/Assets/KayKit_ResourceBits_1.0_FREE/contents.png using Guid(920a5add6756206438d9b7d79e70a0d2) Importer(2089858483,b0f066a214c2f5e87bad3c948f4d605d) (ScriptedImporter) -> (artifact id: '7045333935ce61d145a51e803e65fe8d') in 0.015006 seconds
Number of updated asset objects reloaded before import = 0Number of asset objects unloaded after import = 1

========================================================================
Received Import Request.
  Time since last request: 0.000018 seconds.
  path: Assets/Assets/KayKit_ResourceBits_1.0_FREE/Assets/gltf/Silver_Nugget_Medium.gltf
  artifactKey: Guid(85ef6a87063af8a4aa71ef23365b5ac0) Importer(2089858483,b0f066a214c2f5e87bad3c948f4d605d)
Start importing Assets/Assets/KayKit_ResourceBits_1.0_FREE/Assets/gltf/Silver_Nugget_Medium.gltf using Guid(85ef6a87063af8a4aa71ef23365b5ac0) Importer(2089858483,b0f066a214c2f5e87bad3c948f4d605d) (ScriptedImporter) -> (artifact id: '83bb03f236c62172c0099cdcb97914e4') in 0.0097765 seconds
Number of updated asset objects reloaded before import = 0Number of asset objects unloaded after import = 1

========================================================================
Received Import Request.
  Time since last request: 0.000030 seconds.
  path: Assets/Assets/KayKit_ResourceBits_1.0_FREE/Assets/obj/Parts_Pile_Medium.mtl
  artifactKey: Guid(6a3af603b80f8db4d85d3639df3d5e55) Importer(2089858483,b0f066a214c2f5e87bad3c948f4d605d)
Start importing Assets/Assets/KayKit_ResourceBits_1.0_FREE/Assets/obj/Parts_Pile_Medium.mtl using Guid(6a3af603b80f8db4d85d3639df3d5e55) Importer(2089858483,b0f066a214c2f5e87bad3c948f4d605d) (ScriptedImporter) -> (artifact id: '893f39e50f215e3987d170044c149a18') in 0.0115011 seconds
Number of updated asset objects reloaded before import = 0Number of asset objects unloaded after import = 1

========================================================================
Received Import Request.
  Time since last request: 0.000016 seconds.
  path: Assets/Assets/KayKit_ResourceBits_1.0_FREE/Assets/gltf/Copper_Bars.bin
  artifactKey: Guid(84034d497f29f7942b95ed1db06cc5fe) Importer(2089858483,b0f066a214c2f5e87bad3c948f4d605d)
Start importing Assets/Assets/KayKit_ResourceBits_1.0_FREE/Assets/gltf/Copper_Bars.bin using Guid(84034d497f29f7942b95ed1db06cc5fe) Importer(2089858483,b0f066a214c2f5e87bad3c948f4d605d) (ScriptedImporter) -> (artifact id: '59e2bcd2523c1cc61bb9cca0e8e3bac2') in 0.0129997 seconds
Number of updated asset objects reloaded before import = 0Number of asset objects unloaded after import = 1

========================================================================
Received Import Request.
  Time since last request: 0.000021 seconds.
  path: Assets/Assets/KayKit_ResourceBits_1.0_FREE/Assets/gltf/Pallet_Wood.gltf
  artifactKey: Guid(0bc810901ba0af447835caac04288d14) Importer(2089858483,b0f066a214c2f5e87bad3c948f4d605d)
Start importing Assets/Assets/KayKit_ResourceBits_1.0_FREE/Assets/gltf/Pallet_Wood.gltf using Guid(0bc810901ba0af447835caac04288d14) Importer(2089858483,b0f066a214c2f5e87bad3c948f4d605d) (ScriptedImporter) -> (artifact id: 'be11bc307e99ae4bd98accbe3b199202') in 0.0150808 seconds
Number of updated asset objects reloaded before import = 0Number of asset objects unloaded after import = 1

========================================================================
Received Import Request.
  Time since last request: 0.000020 seconds.
  path: Assets/Assets/KayKit_ResourceBits_1.0_FREE/Assets/gltf/Wood_Planks_Stack_Small.gltf
  artifactKey: Guid(86a3769cda4a4a242b32574f68830236) Importer(2089858483,b0f066a214c2f5e87bad3c948f4d605d)
Start importing Assets/Assets/KayKit_ResourceBits_1.0_FREE/Assets/gltf/Wood_Planks_Stack_Small.gltf using Guid(86a3769cda4a4a242b32574f68830236) Importer(2089858483,b0f066a214c2f5e87bad3c948f4d605d) (ScriptedImporter) -> (artifact id: 'bd87a97e4dfd617d370ec38b73de7d16') in 0.0121273 seconds
Number of updated asset objects reloaded before import = 0Number of asset objects unloaded after import = 1

========================================================================
Received Import Request.
  Time since last request: 0.000022 seconds.
  path: Assets/Assets/KayKit_ResourceBits_1.0_FREE/Assets/obj/Textiles_C.obj
  artifactKey: Guid(dce3169b0826b3843809e2703ad6cea8) Importer(2089858483,b0f066a214c2f5e87bad3c948f4d605d)
Start importing Assets/Assets/KayKit_ResourceBits_1.0_FREE/Assets/obj/Textiles_C.obj using Guid(dce3169b0826b3843809e2703ad6cea8) Importer(2089858483,b0f066a214c2f5e87bad3c948f4d605d) (ScriptedImporter) -> (artifact id: 'ac71a6e5320bc686ea8d09b9f5f14a31') in 0.0215403 seconds
Number of updated asset objects reloaded before import = 0Number of asset objects unloaded after import = 11

========================================================================
Received Import Request.
  Time since last request: 0.000027 seconds.
  path: Assets/Assets/KayKit_ResourceBits_1.0_FREE/Assets/obj/Copper_Nuggets.mtl
  artifactKey: Guid(91ea80ee3575e624ab040e21b732d4c0) Importer(2089858483,b0f066a214c2f5e87bad3c948f4d605d)
Start importing Assets/Assets/KayKit_ResourceBits_1.0_FREE/Assets/obj/Copper_Nuggets.mtl using Guid(91ea80ee3575e624ab040e21b732d4c0) Importer(2089858483,b0f066a214c2f5e87bad3c948f4d605d) (ScriptedImporter) -> (artifact id: 'd98d444297a98dad0081e301f05fbf8b') in 0.0103966 seconds
Number of updated asset objects reloaded before import = 0Number of asset objects unloaded after import = 1

========================================================================
Received Import Request.
  Time since last request: 0.000017 seconds.
  path: Assets/Assets/KayKit_ResourceBits_1.0_FREE/Assets/obj/Copper_Bars_Stack_Large.obj
  artifactKey: Guid(b62899b1f416dc942a12845492edde49) Importer(2089858483,b0f066a214c2f5e87bad3c948f4d605d)
Start importing Assets/Assets/KayKit_ResourceBits_1.0_FREE/Assets/obj/Copper_Bars_Stack_Large.obj using Guid(b62899b1f416dc942a12845492edde49) Importer(2089858483,b0f066a214c2f5e87bad3c948f4d605d) (ScriptedImporter) -> (artifact id: 'ad960f6eb0d1c575b51abe10863e78f1') in 0.0184427 seconds
Number of updated asset objects reloaded before import = 0Number of asset objects unloaded after import = 11

========================================================================
Received Import Request.
  Time since last request: 0.000020 seconds.
  path: Assets/Assets/KayKit_ResourceBits_1.0_FREE/Assets/gltf/Silver_Bars_Stack_Small.bin
  artifactKey: Guid(beb8e69c407d3f1449617d32c9998292) Importer(2089858483,b0f066a214c2f5e87bad3c948f4d605d)
Start importing Assets/Assets/KayKit_ResourceBits_1.0_FREE/Assets/gltf/Silver_Bars_Stack_Small.bin using Guid(beb8e69c407d3f1449617d32c9998292) Importer(2089858483,b0f066a214c2f5e87bad3c948f4d605d) (ScriptedImporter) -> (artifact id: 'd5bb31452f6e9a89ddf70c08674b596f') in 0.0105592 seconds
Number of updated asset objects reloaded before import = 0Number of asset objects unloaded after import = 1

========================================================================
Received Import Request.
  Time since last request: 0.000019 seconds.
  path: Assets/Assets/KayKit_ResourceBits_1.0_FREE/Assets/gltf/Textiles_Stack_Large_Colored.bin
  artifactKey: Guid(26e731da3508f7946ac9fbc83b907a52) Importer(2089858483,b0f066a214c2f5e87bad3c948f4d605d)
Start importing Assets/Assets/KayKit_ResourceBits_1.0_FREE/Assets/gltf/Textiles_Stack_Large_Colored.bin using Guid(26e731da3508f7946ac9fbc83b907a52) Importer(2089858483,b0f066a214c2f5e87bad3c948f4d605d) (ScriptedImporter) -> (artifact id: '04bb825d9df77e1527545725ff2ae325') in 0.0101494 seconds
Number of updated asset objects reloaded before import = 0Number of asset objects unloaded after import = 1

========================================================================
Received Import Request.
  Time since last request: 0.000023 seconds.
  path: Assets/Assets/KayKit_ResourceBits_1.0_FREE/Assets/obj/Iron_Nugget_Large.mtl
  artifactKey: Guid(9c4624a2696613f4f8671b08e7b5fbf4) Importer(2089858483,b0f066a214c2f5e87bad3c948f4d605d)
Start importing Assets/Assets/KayKit_ResourceBits_1.0_FREE/Assets/obj/Iron_Nugget_Large.mtl using Guid(9c4624a2696613f4f8671b08e7b5fbf4) Importer(2089858483,b0f066a214c2f5e87bad3c948f4d605d) (ScriptedImporter) -> (artifact id: '9a1b6f5cb0b397e598ba4474434bdfbe') in 0.0110882 seconds
Number of updated asset objects reloaded before import = 0Number of asset objects unloaded after import = 1

========================================================================
Received Import Request.
  Time since last request: 0.000023 seconds.
  path: Assets/Assets/KayKit_ResourceBits_1.0_FREE/Assets/obj/Copper_Bars_Stack_Small.obj
  artifactKey: Guid(597d1358bb36aca4abb8d184c1b21308) Importer(2089858483,b0f066a214c2f5e87bad3c948f4d605d)
Start importing Assets/Assets/KayKit_ResourceBits_1.0_FREE/Assets/obj/Copper_Bars_Stack_Small.obj using Guid(597d1358bb36aca4abb8d184c1b21308) Importer(2089858483,b0f066a214c2f5e87bad3c948f4d605d) (ScriptedImporter) -> (artifact id: '3af25c9d3b34ed716de315729c92ca0b') in 0.0180685 seconds
Number of updated asset objects reloaded before import = 0Number of asset objects unloaded after import = 11

========================================================================
Received Import Request.
  Time since last request: 0.000026 seconds.
  path: Assets/Assets/KayKit_ResourceBits_1.0_FREE/Assets/obj/Textiles_Stack_Small.obj
  artifactKey: Guid(66503d5ed98584648a552b49bcacf3b0) Importer(2089858483,b0f066a214c2f5e87bad3c948f4d605d)
Start importing Assets/Assets/KayKit_ResourceBits_1.0_FREE/Assets/obj/Textiles_Stack_Small.obj using Guid(66503d5ed98584648a552b49bcacf3b0) Importer(2089858483,b0f066a214c2f5e87bad3c948f4d605d) (ScriptedImporter) -> (artifact id: '9a62e12a544483dd547a3fea3b1a35f6') in 0.0207972 seconds
Number of updated asset objects reloaded before import = 0Number of asset objects unloaded after import = 11

========================================================================
Received Import Request.
  Time since last request: 0.000016 seconds.
  path: Assets/Assets/KayKit_ResourceBits_1.0_FREE/Assets/gltf/Stone_Chunks_Small.bin
  artifactKey: Guid(c64c70099ded1d346b1d7f8a5730417e) Importer(2089858483,b0f066a214c2f5e87bad3c948f4d605d)
Start importing Assets/Assets/KayKit_ResourceBits_1.0_FREE/Assets/gltf/Stone_Chunks_Small.bin using Guid(c64c70099ded1d346b1d7f8a5730417e) Importer(2089858483,b0f066a214c2f5e87bad3c948f4d605d) (ScriptedImporter) -> (artifact id: 'b7bd3646e5d5a89fd9cc5df0f9b95bc9') in 0.0098545 seconds
Number of updated asset objects reloaded before import = 0Number of asset objects unloaded after import = 1

========================================================================
Received Import Request.
  Time since last request: 0.000015 seconds.
  path: Assets/Assets/KayKit_ResourceBits_1.0_FREE/Assets/fbx(unity)/Iron_Nuggets.fbx
  artifactKey: Guid(c0ac698c769146544b1fc6241a1fc7d6) Importer(2089858483,b0f066a214c2f5e87bad3c948f4d605d)
Start importing Assets/Assets/KayKit_ResourceBits_1.0_FREE/Assets/fbx(unity)/Iron_Nuggets.fbx using Guid(c0ac698c769146544b1fc6241a1fc7d6) Importer(2089858483,b0f066a214c2f5e87bad3c948f4d605d) (ScriptedImporter) -> (artifact id: 'fba65b29dc3c19f0ade77f13337f3c79') in 0.0729631 seconds
Number of updated asset objects reloaded before import = 0Number of asset objects unloaded after import = 9

========================================================================
Received Import Request.
  Time since last request: 0.000026 seconds.
  path: Assets/Assets/KayKit_ResourceBits_1.0_FREE/Assets/fbx(unity)/Silver_Bars_Stack_Large.fbx
  artifactKey: Guid(e37b233d538df8a43b3977cee4caf6e3) Importer(2089858483,b0f066a214c2f5e87bad3c948f4d605d)
Start importing Assets/Assets/KayKit_ResourceBits_1.0_FREE/Assets/fbx(unity)/Silver_Bars_Stack_Large.fbx using Guid(e37b233d538df8a43b3977cee4caf6e3) Importer(2089858483,b0f066a214c2f5e87bad3c948f4d605d) (ScriptedImporter) -> (artifact id: 'cedd63f165bfc0bec487edecec95e4c5') in 0.0269348 seconds
Number of updated asset objects reloaded before import = 0Number of asset objects unloaded after import = 9

========================================================================
Received Import Request.
  Time since last request: 0.000038 seconds.
  path: Assets/Assets/KayKit_ResourceBits_1.0_FREE/Assets/fbx/Silver_Nugget_Medium.fbx
  artifactKey: Guid(4cc0e03d8a1403840b747d1853cc5607) Importer(2089858483,b0f066a214c2f5e87bad3c948f4d605d)
Start importing Assets/Assets/KayKit_ResourceBits_1.0_FREE/Assets/fbx/Silver_Nugget_Medium.fbx using Guid(4cc0e03d8a1403840b747d1853cc5607) Importer(2089858483,b0f066a214c2f5e87bad3c948f4d605d) (ScriptedImporter) -> (artifact id: 'a0e9a14f8e69b3e9a8c914ee4e2bae64') in 0.0336154 seconds
Number of updated asset objects reloaded before import = 0Number of asset objects unloaded after import = 9

========================================================================
Received Import Request.
  Time since last request: 0.000025 seconds.
  path: Assets/Assets/KayKit_ResourceBits_1.0_FREE/Assets/obj/Parts_Cog.mtl
  artifactKey: Guid(977ff5723d5437844b8756f25d94b3c6) Importer(2089858483,b0f066a214c2f5e87bad3c948f4d605d)
Start importing Assets/Assets/KayKit_ResourceBits_1.0_FREE/Assets/obj/Parts_Cog.mtl using Guid(977ff5723d5437844b8756f25d94b3c6) Importer(2089858483,b0f066a214c2f5e87bad3c948f4d605d) (ScriptedImporter) -> (artifact id: 'd879a58f707af06e73e918a187571e0f') in 0.0174969 seconds
Number of updated asset objects reloaded before import = 0Number of asset objects unloaded after import = 1

========================================================================
Received Import Request.
  Time since last request: 0.000018 seconds.
  path: Assets/Assets/KayKit_ResourceBits_1.0_FREE/Assets/obj/Parts_Pile_Large.mtl
  artifactKey: Guid(e2db756cb11f4fc49b197ea152316677) Importer(2089858483,b0f066a214c2f5e87bad3c948f4d605d)
Start importing Assets/Assets/KayKit_ResourceBits_1.0_FREE/Assets/obj/Parts_Pile_Large.mtl using Guid(e2db756cb11f4fc49b197ea152316677) Importer(2089858483,b0f066a214c2f5e87bad3c948f4d605d) (ScriptedImporter) -> (artifact id: '7e3c86ae300d806fd42104824f668398') in 0.0138283 seconds
Number of updated asset objects reloaded before import = 0Number of asset objects unloaded after import = 1

========================================================================
Received Import Request.
  Time since last request: 0.000033 seconds.
  path: Assets/Assets/KayKit_ResourceBits_1.0_FREE/Assets/gltf/Gold_Bar.bin
  artifactKey: Guid(c93f3ea0b80bc2d4d8463ec1bd3f0a42) Importer(2089858483,b0f066a214c2f5e87bad3c948f4d605d)
Start importing Assets/Assets/KayKit_ResourceBits_1.0_FREE/Assets/gltf/Gold_Bar.bin using Guid(c93f3ea0b80bc2d4d8463ec1bd3f0a42) Importer(2089858483,b0f066a214c2f5e87bad3c948f4d605d) (ScriptedImporter) -> (artifact id: 'cc7381e48fd4d8bd2c65f3b511dd3a4b') in 0.0208286 seconds
Number of updated asset objects reloaded before import = 0Number of asset objects unloaded after import = 1

========================================================================
Received Import Request.
  Time since last request: 0.000034 seconds.
  path: Assets/Assets/KayKit_ResourceBits_1.0_FREE/Assets/fbx(unity)/Wood_Planks_Stack_Small.fbx
  artifactKey: Guid(a4662f04d9f76df44b6af58dc06d7a36) Importer(2089858483,b0f066a214c2f5e87bad3c948f4d605d)
Start importing Assets/Assets/KayKit_ResourceBits_1.0_FREE/Assets/fbx(unity)/Wood_Planks_Stack_Small.fbx using Guid(a4662f04d9f76df44b6af58dc06d7a36) Importer(2089858483,b0f066a214c2f5e87bad3c948f4d605d) (ScriptedImporter) -> (artifact id: '6bd3f5687406134f1162466147ff12f4') in 0.0339546 seconds
Number of updated asset objects reloaded before import = 0Number of asset objects unloaded after import = 9

========================================================================
Received Import Request.
  Time since last request: 0.000029 seconds.
  path: Assets/Assets/KayKit_ResourceBits_1.0_FREE/Assets/gltf/Pallet_Wood.bin
  artifactKey: Guid(20d44b222d44ca14ab1a9706074d0fdf) Importer(2089858483,b0f066a214c2f5e87bad3c948f4d605d)
Start importing Assets/Assets/KayKit_ResourceBits_1.0_FREE/Assets/gltf/Pallet_Wood.bin using Guid(20d44b222d44ca14ab1a9706074d0fdf) Importer(2089858483,b0f066a214c2f5e87bad3c948f4d605d) (ScriptedImporter) -> (artifact id: '825587ff801212e383dfb38b32d82ec2') in 0.0133958 seconds
Number of updated asset objects reloaded before import = 0Number of asset objects unloaded after import = 1

========================================================================
Received Import Request.
  Time since last request: 0.000031 seconds.
  path: Assets/Assets/KayKit_ResourceBits_1.0_FREE/Assets/fbx/Wood_Log_A.fbx
  artifactKey: Guid(ad03a9133722c9340add8dfb8539c036) Importer(2089858483,b0f066a214c2f5e87bad3c948f4d605d)
Start importing Assets/Assets/KayKit_ResourceBits_1.0_FREE/Assets/fbx/Wood_Log_A.fbx using Guid(ad03a9133722c9340add8dfb8539c036) Importer(2089858483,b0f066a214c2f5e87bad3c948f4d605d) (ScriptedImporter) -> (artifact id: '15ebd27beec953f45052304117cc2e35') in 0.0262379 seconds
Number of updated asset objects reloaded before import = 0Number of asset objects unloaded after import = 9

========================================================================
Received Import Request.
  Time since last request: 0.000029 seconds.
  path: Assets/Assets/KayKit_ResourceBits_1.0_FREE/Assets/gltf/Parts_Pile_Small.gltf
  artifactKey: Guid(3d0d0bea9fe1a3544b9f5c81fa76560a) Importer(2089858483,b0f066a214c2f5e87bad3c948f4d605d)
Start importing Assets/Assets/KayKit_ResourceBits_1.0_FREE/Assets/gltf/Parts_Pile_Small.gltf using Guid(3d0d0bea9fe1a3544b9f5c81fa76560a) Importer(2089858483,b0f066a214c2f5e87bad3c948f4d605d) (ScriptedImporter) -> (artifact id: '11a8e0c0d04414fea3d57a41e831ae5f') in 0.0110583 seconds
Number of updated asset objects reloaded before import = 0Number of asset objects unloaded after import = 1

========================================================================
Received Import Request.
  Time since last request: 0.000025 seconds.
  path: Assets/Assets/KayKit_ResourceBits_1.0_FREE/Assets/gltf/Copper_Nugget_Large.bin
  artifactKey: Guid(ee527cadba7a1f14c9c49c966ae1f6c0) Importer(2089858483,b0f066a214c2f5e87bad3c948f4d605d)
Start importing Assets/Assets/KayKit_ResourceBits_1.0_FREE/Assets/gltf/Copper_Nugget_Large.bin using Guid(ee527cadba7a1f14c9c49c966ae1f6c0) Importer(2089858483,b0f066a214c2f5e87bad3c948f4d605d) (ScriptedImporter) -> (artifact id: '6099f07587f28747e4a70a367a6a498d') in 0.0101373 seconds
Number of updated asset objects reloaded before import = 0Number of asset objects unloaded after import = 1

========================================================================
Received Import Request.
  Time since last request: 0.000020 seconds.
  path: Assets/Assets/KayKit_ResourceBits_1.0_FREE/Assets/obj/Wood_Planks_Stack_Medium.obj
  artifactKey: Guid(55abec98b9df05941a59f9c2a26e0431) Importer(2089858483,b0f066a214c2f5e87bad3c948f4d605d)
Start importing Assets/Assets/KayKit_ResourceBits_1.0_FREE/Assets/obj/Wood_Planks_Stack_Medium.obj using Guid(55abec98b9df05941a59f9c2a26e0431) Importer(2089858483,b0f066a214c2f5e87bad3c948f4d605d) (ScriptedImporter) -> (artifact id: '61734055320490f6195a710f2e309325') in 0.0179178 seconds
Number of updated asset objects reloaded before import = 0Number of asset objects unloaded after import = 11

========================================================================
Received Import Request.
  Time since last request: 0.000022 seconds.
  path: Assets/Assets/KayKit_ResourceBits_1.0_FREE/Assets/fbx/Parts_Cog.fbx
  artifactKey: Guid(b88061a3c98579940b373e3ab3281b8b) Importer(2089858483,b0f066a214c2f5e87bad3c948f4d605d)
Start importing Assets/Assets/KayKit_ResourceBits_1.0_FREE/Assets/fbx/Parts_Cog.fbx using Guid(b88061a3c98579940b373e3ab3281b8b) Importer(2089858483,b0f066a214c2f5e87bad3c948f4d605d) (ScriptedImporter) -> (artifact id: 'db786a2b5ae305072c865232ace1d71d') in 0.0204314 seconds
Number of updated asset objects reloaded before import = 0Number of asset objects unloaded after import = 9

========================================================================
Received Import Request.
  Time since last request: 0.000022 seconds.
  path: Assets/Assets/KayKit_ResourceBits_1.0_FREE/Assets/gltf/Fuel_B_Barrel_Dirty.gltf
  artifactKey: Guid(e0b42d91ff458354eb632e804c84d758) Importer(2089858483,b0f066a214c2f5e87bad3c948f4d605d)
Start importing Assets/Assets/KayKit_ResourceBits_1.0_FREE/Assets/gltf/Fuel_B_Barrel_Dirty.gltf using Guid(e0b42d91ff458354eb632e804c84d758) Importer(2089858483,b0f066a214c2f5e87bad3c948f4d605d) (ScriptedImporter) -> (artifact id: 'f1d174a10d0840c117d4808c662accac') in 0.0118583 seconds
Number of updated asset objects reloaded before import = 0Number of asset objects unloaded after import = 1

========================================================================
Received Import Request.
  Time since last request: 0.000021 seconds.
  path: Assets/Assets/KayKit_ResourceBits_1.0_FREE/Assets/obj/Copper_Nugget_Small.mtl
  artifactKey: Guid(2d6848a21eb71f04a99ebde4deb0f231) Importer(2089858483,b0f066a214c2f5e87bad3c948f4d605d)
Start importing Assets/Assets/KayKit_ResourceBits_1.0_FREE/Assets/obj/Copper_Nugget_Small.mtl using Guid(2d6848a21eb71f04a99ebde4deb0f231) Importer(2089858483,b0f066a214c2f5e87bad3c948f4d605d) (ScriptedImporter) -> (artifact id: '4c7348b4da68891dd8d1328bf8f65f78') in 0.0114817 seconds
Number of updated asset objects reloaded before import = 0Number of asset objects unloaded after import = 1

========================================================================
Received Import Request.
  Time since last request: 0.000033 seconds.
  path: Assets/Assets/KayKit_ResourceBits_1.0_FREE/Assets/gltf/Copper_Bars_Stack_Small.bin
  artifactKey: Guid(9982f5d8af4016b4b9ebce7ab2c69152) Importer(2089858483,b0f066a214c2f5e87bad3c948f4d605d)
Start importing Assets/Assets/KayKit_ResourceBits_1.0_FREE/Assets/gltf/Copper_Bars_Stack_Small.bin using Guid(9982f5d8af4016b4b9ebce7ab2c69152) Importer(2089858483,b0f066a214c2f5e87bad3c948f4d605d) (ScriptedImporter) -> (artifact id: '8fb7751bc992bfc5256699c4afdd046a') in 0.0151256 seconds
Number of updated asset objects reloaded before import = 0Number of asset objects unloaded after import = 1

========================================================================
Received Import Request.
  Time since last request: 0.000020 seconds.
  path: Assets/Assets/KayKit_ResourceBits_1.0_FREE/Assets/obj/Wood_Planks_Stack_Medium.mtl
  artifactKey: Guid(5756716df7b6c4541b69d20c3ed1048c) Importer(2089858483,b0f066a214c2f5e87bad3c948f4d605d)
Start importing Assets/Assets/KayKit_ResourceBits_1.0_FREE/Assets/obj/Wood_Planks_Stack_Medium.mtl using Guid(5756716df7b6c4541b69d20c3ed1048c) Importer(2089858483,b0f066a214c2f5e87bad3c948f4d605d) (ScriptedImporter) -> (artifact id: 'a48c1b1d052bbcdc8239147d5a82f35b') in 0.0121539 seconds
Number of updated asset objects reloaded before import = 0Number of asset objects unloaded after import = 1

========================================================================
Received Import Request.
  Time since last request: 0.000022 seconds.
  path: Assets/Assets/KayKit_ResourceBits_1.0_FREE/Assets/gltf/Textiles_Stack_Small.gltf
  artifactKey: Guid(e544ee9cbead8a14fbc3c4e98cd50186) Importer(2089858483,b0f066a214c2f5e87bad3c948f4d605d)
Start importing Assets/Assets/KayKit_ResourceBits_1.0_FREE/Assets/gltf/Textiles_Stack_Small.gltf using Guid(e544ee9cbead8a14fbc3c4e98cd50186) Importer(2089858483,b0f066a214c2f5e87bad3c948f4d605d) (ScriptedImporter) -> (artifact id: 'fd7400a256b0655c2e39cc200b72ae0c') in 0.0109313 seconds
Number of updated asset objects reloaded before import = 0Number of asset objects unloaded after import = 1

========================================================================
Received Import Request.
  Time since last request: 0.000018 seconds.
  path: Assets/Assets/KayKit_ResourceBits_1.0_FREE/Assets/obj/Gold_Bars_Stack_Medium.mtl
  artifactKey: Guid(c110d88d01190ad4ab772b059932e15b) Importer(2089858483,b0f066a214c2f5e87bad3c948f4d605d)
Start importing Assets/Assets/KayKit_ResourceBits_1.0_FREE/Assets/obj/Gold_Bars_Stack_Medium.mtl using Guid(c110d88d01190ad4ab772b059932e15b) Importer(2089858483,b0f066a214c2f5e87bad3c948f4d605d) (ScriptedImporter) -> (artifact id: '4fa0a1ef2370e622448d230652d49d9c') in 0.0144406 seconds
Number of updated asset objects reloaded before import = 0Number of asset objects unloaded after import = 1

========================================================================
Received Import Request.
  Time since last request: 0.000028 seconds.
  path: Assets/Assets/KayKit_ResourceBits_1.0_FREE/Assets/gltf/Wood_Planks_Stack_Medium.gltf
  artifactKey: Guid(c46d9968406aa504a8ad6d5b47d9c3e5) Importer(2089858483,b0f066a214c2f5e87bad3c948f4d605d)
Start importing Assets/Assets/KayKit_ResourceBits_1.0_FREE/Assets/gltf/Wood_Planks_Stack_Medium.gltf using Guid(c46d9968406aa504a8ad6d5b47d9c3e5) Importer(2089858483,b0f066a214c2f5e87bad3c948f4d605d) (ScriptedImporter) -> (artifact id: '00ad337a53cfec387bcd2de6666bc397') in 0.0123079 seconds
Number of updated asset objects reloaded before import = 0Number of asset objects unloaded after import = 1

========================================================================
Received Import Request.
  Time since last request: 0.000020 seconds.
  path: Assets/Assets/KayKit_ResourceBits_1.0_FREE/Assets/obj/Iron_Nugget_Small.obj
  artifactKey: Guid(cc37b56b3c3fb5746b66b682505f73ed) Importer(2089858483,b0f066a214c2f5e87bad3c948f4d605d)
Start importing Assets/Assets/KayKit_ResourceBits_1.0_FREE/Assets/obj/Iron_Nugget_Small.obj using Guid(cc37b56b3c3fb5746b66b682505f73ed) Importer(2089858483,b0f066a214c2f5e87bad3c948f4d605d) (ScriptedImporter) -> (artifact id: '8e1078039a466f0c9fe854ded8b9f7f0') in 0.0272447 seconds
Number of updated asset objects reloaded before import = 0Number of asset objects unloaded after import = 11

========================================================================
Received Import Request.
  Time since last request: 0.000017 seconds.
  path: Assets/Assets/KayKit_ResourceBits_1.0_FREE/Assets/gltf
  artifactKey: Guid(cd639b5ff1539474c80517047ad86ae0) Importer(2089858483,b0f066a214c2f5e87bad3c948f4d605d)
Start importing Assets/Assets/KayKit_ResourceBits_1.0_FREE/Assets/gltf using Guid(cd639b5ff1539474c80517047ad86ae0) Importer(2089858483,b0f066a214c2f5e87bad3c948f4d605d) (ScriptedImporter) -> (artifact id: '1b75a4afaf4d2dd3abf9e566e39e1fc9') in 0.0120995 seconds
Number of updated asset objects reloaded before import = 0Number of asset objects unloaded after import = 1

========================================================================
Received Import Request.
  Time since last request: 0.000017 seconds.
  path: Assets/Assets/KayKit_ResourceBits_1.0_FREE/Assets/gltf/Gold_Nuggets.bin
  artifactKey: Guid(f2107ccbda9e28d4fb3841b0c7252238) Importer(2089858483,b0f066a214c2f5e87bad3c948f4d605d)
Start importing Assets/Assets/KayKit_ResourceBits_1.0_FREE/Assets/gltf/Gold_Nuggets.bin using Guid(f2107ccbda9e28d4fb3841b0c7252238) Importer(2089858483,b0f066a214c2f5e87bad3c948f4d605d) (ScriptedImporter) -> (artifact id: 'c0f5389503805ad70cab91f3e885b2dc') in 0.0103872 seconds
Number of updated asset objects reloaded before import = 0Number of asset objects unloaded after import = 1

========================================================================
Received Import Request.
  Time since last request: 0.000024 seconds.
  path: Assets/Assets/KayKit_ResourceBits_1.0_FREE/Assets/obj/Fuel_A_Barrel.obj
  artifactKey: Guid(139ee4110063a6d4491085a111de5449) Importer(2089858483,b0f066a214c2f5e87bad3c948f4d605d)
Start importing Assets/Assets/KayKit_ResourceBits_1.0_FREE/Assets/obj/Fuel_A_Barrel.obj using Guid(139ee4110063a6d4491085a111de5449) Importer(2089858483,b0f066a214c2f5e87bad3c948f4d605d) (ScriptedImporter) -> (artifact id: '54781246931946052a63188ab364b2b9') in 0.0185519 seconds
Number of updated asset objects reloaded before import = 0Number of asset objects unloaded after import = 11

========================================================================
Received Import Request.
  Time since last request: 0.000016 seconds.
  path: Assets/Assets/KayKit_ResourceBits_1.0_FREE/Discord Server.url
  artifactKey: Guid(a6c2ecfeba1006247ab832b23eb9a13e) Importer(2089858483,b0f066a214c2f5e87bad3c948f4d605d)
Start importing Assets/Assets/KayKit_ResourceBits_1.0_FREE/Discord Server.url using Guid(a6c2ecfeba1006247ab832b23eb9a13e) Importer(2089858483,b0f066a214c2f5e87bad3c948f4d605d) (ScriptedImporter) -> (artifact id: 'aeb74c9696ab0ee4e32feb6d6bab5245') in 0.0127116 seconds
Number of updated asset objects reloaded before import = 0Number of asset objects unloaded after import = 1

========================================================================
Received Import Request.
  Time since last request: 0.000040 seconds.
  path: Assets/Assets/KayKit_ResourceBits_1.0_FREE/Assets/obj/Copper_Nuggets.obj
  artifactKey: Guid(43bf8fc5a9a99604490f8342b086584c) Importer(2089858483,b0f066a214c2f5e87bad3c948f4d605d)
Start importing Assets/Assets/KayKit_ResourceBits_1.0_FREE/Assets/obj/Copper_Nuggets.obj using Guid(43bf8fc5a9a99604490f8342b086584c) Importer(2089858483,b0f066a214c2f5e87bad3c948f4d605d) (ScriptedImporter) -> (artifact id: '6de10110b6ba1ce37ad14756a458adff') in 0.0193059 seconds
Number of updated asset objects reloaded before import = 0Number of asset objects unloaded after import = 11

========================================================================
Received Import Request.
  Time since last request: 0.000019 seconds.
  path: Assets/Assets/KayKit_ResourceBits_1.0_FREE/Assets/obj/Wood_Plank_A.mtl
  artifactKey: Guid(6da197e3d4640c940864052c368484b9) Importer(2089858483,b0f066a214c2f5e87bad3c948f4d605d)
Start importing Assets/Assets/KayKit_ResourceBits_1.0_FREE/Assets/obj/Wood_Plank_A.mtl using Guid(6da197e3d4640c940864052c368484b9) Importer(2089858483,b0f066a214c2f5e87bad3c948f4d605d) (ScriptedImporter) -> (artifact id: '1b6082bdc02ad80102cbfdb1157e2692') in 0.0116815 seconds
Number of updated asset objects reloaded before import = 0Number of asset objects unloaded after import = 1

========================================================================
Received Import Request.
  Time since last request: 0.000019 seconds.
  path: Assets/Assets/KayKit_ResourceBits_1.0_FREE/Assets/gltf/Copper_Bars_Stack_Small.gltf
  artifactKey: Guid(6adc0a24dd78d1f41ab2e80f1db5474c) Importer(2089858483,b0f066a214c2f5e87bad3c948f4d605d)
Start importing Assets/Assets/KayKit_ResourceBits_1.0_FREE/Assets/gltf/Copper_Bars_Stack_Small.gltf using Guid(6adc0a24dd78d1f41ab2e80f1db5474c) Importer(2089858483,b0f066a214c2f5e87bad3c948f4d605d) (ScriptedImporter) -> (artifact id: '484df3c698d07bd1b7b1f0d212a1a43c') in 0.0104162 seconds
Number of updated asset objects reloaded before import = 0Number of asset objects unloaded after import = 1

========================================================================
Received Import Request.
  Time since last request: 0.000036 seconds.
  path: Assets/Assets/KayKit_ResourceBits_1.0_FREE/Assets/obj/Fuel_C_Barrels.obj
  artifactKey: Guid(1f04a9653fedbd34598f58e54bea9272) Importer(2089858483,b0f066a214c2f5e87bad3c948f4d605d)
Start importing Assets/Assets/KayKit_ResourceBits_1.0_FREE/Assets/obj/Fuel_C_Barrels.obj using Guid(1f04a9653fedbd34598f58e54bea9272) Importer(2089858483,b0f066a214c2f5e87bad3c948f4d605d) (ScriptedImporter) -> (artifact id: 'cbe97cfe99647e1a3b632abe705a8870') in 0.0222893 seconds
Number of updated asset objects reloaded before import = 0Number of asset objects unloaded after import = 11

========================================================================
Received Import Request.
  Time since last request: 0.000024 seconds.
  path: Assets/Assets/KayKit_ResourceBits_1.0_FREE/Assets/obj/Copper_Bars_Stack_Medium.obj
  artifactKey: Guid(950e2c6d15154564ab027f70d49e4c3e) Importer(2089858483,b0f066a214c2f5e87bad3c948f4d605d)
Start importing Assets/Assets/KayKit_ResourceBits_1.0_FREE/Assets/obj/Copper_Bars_Stack_Medium.obj using Guid(950e2c6d15154564ab027f70d49e4c3e) Importer(2089858483,b0f066a214c2f5e87bad3c948f4d605d) (ScriptedImporter) -> (artifact id: '7c4ae76b527dd7853f3a54104084978b') in 0.0227762 seconds
Number of updated asset objects reloaded before import = 0Number of asset objects unloaded after import = 11

========================================================================
Received Import Request.
  Time since last request: 0.000023 seconds.
  path: Assets/Assets/KayKit_ResourceBits_1.0_FREE/Assets/fbx(unity)/Silver_Nugget_Small.fbx
  artifactKey: Guid(7e83b88ee9737e340bd609598a5e3ecc) Importer(2089858483,b0f066a214c2f5e87bad3c948f4d605d)
Start importing Assets/Assets/KayKit_ResourceBits_1.0_FREE/Assets/fbx(unity)/Silver_Nugget_Small.fbx using Guid(7e83b88ee9737e340bd609598a5e3ecc) Importer(2089858483,b0f066a214c2f5e87bad3c948f4d605d) (ScriptedImporter) -> (artifact id: '9a37ce6be0dcd3bf134c33dc78f1d185') in 0.0219955 seconds
Number of updated asset objects reloaded before import = 0Number of asset objects unloaded after import = 9

========================================================================
Received Import Request.
  Time since last request: 0.000023 seconds.
  path: Assets/Assets/KayKit_ResourceBits_1.0_FREE/Assets/fbx/Gold_Bar.fbx
  artifactKey: Guid(d4b8d239d5bedee4ab11d882ab5d7f74) Importer(2089858483,b0f066a214c2f5e87bad3c948f4d605d)
Start importing Assets/Assets/KayKit_ResourceBits_1.0_FREE/Assets/fbx/Gold_Bar.fbx using Guid(d4b8d239d5bedee4ab11d882ab5d7f74) Importer(2089858483,b0f066a214c2f5e87bad3c948f4d605d) (ScriptedImporter) -> (artifact id: 'a1556f7f20e9521de88388d572603bc1') in 0.0263568 seconds
Number of updated asset objects reloaded before import = 0Number of asset objects unloaded after import = 9

========================================================================
Received Import Request.
  Time since last request: 0.000026 seconds.
  path: Assets/Assets/KayKit_ResourceBits_1.0_FREE/Assets/obj/Stone_Chunks_Small.mtl
  artifactKey: Guid(3b6bb4d29705e77499e67f1a9c1f7684) Importer(2089858483,b0f066a214c2f5e87bad3c948f4d605d)
Start importing Assets/Assets/KayKit_ResourceBits_1.0_FREE/Assets/obj/Stone_Chunks_Small.mtl using Guid(3b6bb4d29705e77499e67f1a9c1f7684) Importer(2089858483,b0f066a214c2f5e87bad3c948f4d605d) (ScriptedImporter) -> (artifact id: 'ceab6dd1b8c32bcab639965c3a4cf1f1') in 0.0123673 seconds
Number of updated asset objects reloaded before import = 0Number of asset objects unloaded after import = 1

========================================================================
Received Import Request.
  Time since last request: 0.000025 seconds.
  path: Assets/Assets/KayKit_ResourceBits_1.0_FREE/Assets/fbx(unity)/Gold_Nuggets.fbx
  artifactKey: Guid(b8d4b5f3ba0bb0448a76a083f2bba7b5) Importer(2089858483,b0f066a214c2f5e87bad3c948f4d605d)
Start importing Assets/Assets/KayKit_ResourceBits_1.0_FREE/Assets/fbx(unity)/Gold_Nuggets.fbx using Guid(b8d4b5f3ba0bb0448a76a083f2bba7b5) Importer(2089858483,b0f066a214c2f5e87bad3c948f4d605d) (ScriptedImporter) -> (artifact id: '068395b5e0c95466130b07a1a7e6e3cf') in 0.018666 seconds
Number of updated asset objects reloaded before import = 0Number of asset objects unloaded after import = 9

========================================================================
Received Import Request.
  Time since last request: 0.000016 seconds.
  path: Assets/Assets/KayKit_ResourceBits_1.0_FREE/Assets/fbx(unity)/Copper_Nuggets.fbx
  artifactKey: Guid(6a13b89e5b9416c4f99ec9e1d894f94f) Importer(2089858483,b0f066a214c2f5e87bad3c948f4d605d)
Start importing Assets/Assets/KayKit_ResourceBits_1.0_FREE/Assets/fbx(unity)/Copper_Nuggets.fbx using Guid(6a13b89e5b9416c4f99ec9e1d894f94f) Importer(2089858483,b0f066a214c2f5e87bad3c948f4d605d) (ScriptedImporter) -> (artifact id: 'ed107bc7ce9685dd3204db9de3884348') in 0.0217917 seconds
Number of updated asset objects reloaded before import = 0Number of asset objects unloaded after import = 9

========================================================================
Received Import Request.
  Time since last request: 0.000018 seconds.
  path: Assets/Assets/KayKit_ResourceBits_1.0_FREE/Assets/obj/Fuel_C_Barrel_Dirty.mtl
  artifactKey: Guid(8322c484b2178a949bf881ee0c1991d6) Importer(2089858483,b0f066a214c2f5e87bad3c948f4d605d)
Start importing Assets/Assets/KayKit_ResourceBits_1.0_FREE/Assets/obj/Fuel_C_Barrel_Dirty.mtl using Guid(8322c484b2178a949bf881ee0c1991d6) Importer(2089858483,b0f066a214c2f5e87bad3c948f4d605d) (ScriptedImporter) -> (artifact id: 'bc43d19b6297915b28950e009dac03ca') in 0.0121763 seconds
Number of updated asset objects reloaded before import = 0Number of asset objects unloaded after import = 1

========================================================================
Received Import Request.
  Time since last request: 0.000041 seconds.
  path: Assets/Assets/KayKit_ResourceBits_1.0_FREE/Textures/resource_bits_texture.png
  artifactKey: Guid(c191279b0878a8045937d99f6964d77a) Importer(2089858483,b0f066a214c2f5e87bad3c948f4d605d)
Start importing Assets/Assets/KayKit_ResourceBits_1.0_FREE/Textures/resource_bits_texture.png using Guid(c191279b0878a8045937d99f6964d77a) Importer(2089858483,b0f066a214c2f5e87bad3c948f4d605d) (ScriptedImporter) -> (artifact id: 'ae52d2dd4198d89376e2d5b3752cc8ab') in 0.0193294 seconds
Number of updated asset objects reloaded before import = 0Number of asset objects unloaded after import = 1

========================================================================
Received Import Request.
  Time since last request: 0.000026 seconds.
  path: Assets/Assets/KayKit_ResourceBits_1.0_FREE/Assets/gltf/Textiles_Stack_Large_Colored.gltf
  artifactKey: Guid(bc3f2060007c9654f92149400b1a2f09) Importer(2089858483,b0f066a214c2f5e87bad3c948f4d605d)
Start importing Assets/Assets/KayKit_ResourceBits_1.0_FREE/Assets/gltf/Textiles_Stack_Large_Colored.gltf using Guid(bc3f2060007c9654f92149400b1a2f09) Importer(2089858483,b0f066a214c2f5e87bad3c948f4d605d) (ScriptedImporter) -> (artifact id: '6cb4bc915191fcc73b9db6474dc2955b') in 0.0119877 seconds
Number of updated asset objects reloaded before import = 0Number of asset objects unloaded after import = 1

========================================================================
Received Import Request.
  Time since last request: 0.000018 seconds.
  path: Assets/Assets/KayKit_ResourceBits_1.0_FREE/Assets/fbx(unity)/Gold_Bars_Stack_Large.fbx
  artifactKey: Guid(f27de52fad423d64c986df3778c2fc76) Importer(2089858483,b0f066a214c2f5e87bad3c948f4d605d)
Start importing Assets/Assets/KayKit_ResourceBits_1.0_FREE/Assets/fbx(unity)/Gold_Bars_Stack_Large.fbx using Guid(f27de52fad423d64c986df3778c2fc76) Importer(2089858483,b0f066a214c2f5e87bad3c948f4d605d) (ScriptedImporter) -> (artifact id: '8476a023411e61bceb0f54ffee165ed2') in 0.0253916 seconds
Number of updated asset objects reloaded before import = 0Number of asset objects unloaded after import = 9

========================================================================
Received Import Request.
  Time since last request: 0.000027 seconds.
  path: Assets/Assets/KayKit_ResourceBits_1.0_FREE/Assets/gltf/Fuel_B_Jerrycan.gltf
  artifactKey: Guid(614e54e4b6d8fdc43b161c2f1afb1de6) Importer(2089858483,b0f066a214c2f5e87bad3c948f4d605d)
Start importing Assets/Assets/KayKit_ResourceBits_1.0_FREE/Assets/gltf/Fuel_B_Jerrycan.gltf using Guid(614e54e4b6d8fdc43b161c2f1afb1de6) Importer(2089858483,b0f066a214c2f5e87bad3c948f4d605d) (ScriptedImporter) -> (artifact id: '095d905bd0d03f2680ff037a8f379f43') in 0.0124894 seconds
Number of updated asset objects reloaded before import = 0Number of asset objects unloaded after import = 1

========================================================================
Received Import Request.
  Time since last request: 0.000036 seconds.
  path: Assets/Assets/KayKit_ResourceBits_1.0_FREE/Assets/obj/Stone_Bricks_Stack_Small.obj
  artifactKey: Guid(bedbc6b02131c1a42bec6200b3e72728) Importer(2089858483,b0f066a214c2f5e87bad3c948f4d605d)
Start importing Assets/Assets/KayKit_ResourceBits_1.0_FREE/Assets/obj/Stone_Bricks_Stack_Small.obj using Guid(bedbc6b02131c1a42bec6200b3e72728) Importer(2089858483,b0f066a214c2f5e87bad3c948f4d605d) (ScriptedImporter) -> (artifact id: '360ca96364b8f7231ec56b1a09ce5cdc') in 0.0235552 seconds
Number of updated asset objects reloaded before import = 0Number of asset objects unloaded after import = 11

========================================================================
Received Import Request.
  Time since last request: 0.000026 seconds.
  path: Assets/Assets/KayKit_ResourceBits_1.0_FREE/Assets/obj/Stone_Bricks_Stack_Large.mtl
  artifactKey: Guid(736998e79a25e3c48b44d7462b96646a) Importer(2089858483,b0f066a214c2f5e87bad3c948f4d605d)
Start importing Assets/Assets/KayKit_ResourceBits_1.0_FREE/Assets/obj/Stone_Bricks_Stack_Large.mtl using Guid(736998e79a25e3c48b44d7462b96646a) Importer(2089858483,b0f066a214c2f5e87bad3c948f4d605d) (ScriptedImporter) -> (artifact id: '731f5aa521c454e57c05b9bf7db9ef75') in 0.012247 seconds
Number of updated asset objects reloaded before import = 0Number of asset objects unloaded after import = 1

========================================================================
Received Import Request.
  Time since last request: 0.000032 seconds.
  path: Assets/Assets/KayKit_ResourceBits_1.0_FREE/Assets/obj/Iron_Nuggets.mtl
  artifactKey: Guid(37a0f5f9d23786a458669d53a74f8211) Importer(2089858483,b0f066a214c2f5e87bad3c948f4d605d)
Start importing Assets/Assets/KayKit_ResourceBits_1.0_FREE/Assets/obj/Iron_Nuggets.mtl using Guid(37a0f5f9d23786a458669d53a74f8211) Importer(2089858483,b0f066a214c2f5e87bad3c948f4d605d) (ScriptedImporter) -> (artifact id: '200ff11227560ae300102816e8d05f9a') in 0.0112082 seconds
Number of updated asset objects reloaded before import = 0Number of asset objects unloaded after import = 1

========================================================================
Received Import Request.
  Time since last request: 0.000020 seconds.
  path: Assets/Assets/KayKit_ResourceBits_1.0_FREE/Assets/gltf/Fuel_A_Barrels.gltf
  artifactKey: Guid(fffdd041b1429334e9bd6f9784ffd5e5) Importer(2089858483,b0f066a214c2f5e87bad3c948f4d605d)
Start importing Assets/Assets/KayKit_ResourceBits_1.0_FREE/Assets/gltf/Fuel_A_Barrels.gltf using Guid(fffdd041b1429334e9bd6f9784ffd5e5) Importer(2089858483,b0f066a214c2f5e87bad3c948f4d605d) (ScriptedImporter) -> (artifact id: 'e0d1e4c507953cbf11d42ab37ceb8d94') in 0.0130393 seconds
Number of updated asset objects reloaded before import = 0Number of asset objects unloaded after import = 1

========================================================================
Received Import Request.
  Time since last request: 0.000025 seconds.
  path: Assets/Assets/KayKit_ResourceBits_1.0_FREE/Assets/obj/Textiles_Stack_Large.mtl
  artifactKey: Guid(a928d5c22fffc8b478534564eb88ca9c) Importer(2089858483,b0f066a214c2f5e87bad3c948f4d605d)
Start importing Assets/Assets/KayKit_ResourceBits_1.0_FREE/Assets/obj/Textiles_Stack_Large.mtl using Guid(a928d5c22fffc8b478534564eb88ca9c) Importer(2089858483,b0f066a214c2f5e87bad3c948f4d605d) (ScriptedImporter) -> (artifact id: '37b748bcbabc93655cf1406975a093d4') in 0.010918 seconds
Number of updated asset objects reloaded before import = 0Number of asset objects unloaded after import = 1

========================================================================
Received Import Request.
  Time since last request: 0.000021 seconds.
  path: Assets/Assets/KayKit_ResourceBits_1.0_FREE/Assets/gltf/Fuel_C_Barrels.gltf
  artifactKey: Guid(ab77ff7590feb894b907ba90951546fe) Importer(2089858483,b0f066a214c2f5e87bad3c948f4d605d)
Start importing Assets/Assets/KayKit_ResourceBits_1.0_FREE/Assets/gltf/Fuel_C_Barrels.gltf using Guid(ab77ff7590feb894b907ba90951546fe) Importer(2089858483,b0f066a214c2f5e87bad3c948f4d605d) (ScriptedImporter) -> (artifact id: '0751ce34a10c0802e221f2327ce5e4c4') in 0.0127002 seconds
Number of updated asset objects reloaded before import = 0Number of asset objects unloaded after import = 1

========================================================================
Received Import Request.
  Time since last request: 0.000021 seconds.
  path: Assets/Assets/KayKit_ResourceBits_1.0_FREE/Assets/obj/Gold_Bars_Stack_Large.obj
  artifactKey: Guid(5188bd45bb951d94f909b3d1cc679c87) Importer(2089858483,b0f066a214c2f5e87bad3c948f4d605d)
Start importing Assets/Assets/KayKit_ResourceBits_1.0_FREE/Assets/obj/Gold_Bars_Stack_Large.obj using Guid(5188bd45bb951d94f909b3d1cc679c87) Importer(2089858483,b0f066a214c2f5e87bad3c948f4d605d) (ScriptedImporter) -> (artifact id: '7610a49c20f5b300fe1cb3aada03788a') in 0.0275387 seconds
Number of updated asset objects reloaded before import = 0Number of asset objects unloaded after import = 11

========================================================================
Received Import Request.
  Time since last request: 0.000035 seconds.
  path: Assets/Assets/KayKit_ResourceBits_1.0_FREE/Assets/fbx/Fuel_C_Barrel_Dirty.fbx
  artifactKey: Guid(2c36e2dbf22214e469e49d548b48d77f) Importer(2089858483,b0f066a214c2f5e87bad3c948f4d605d)
Start importing Assets/Assets/KayKit_ResourceBits_1.0_FREE/Assets/fbx/Fuel_C_Barrel_Dirty.fbx using Guid(2c36e2dbf22214e469e49d548b48d77f) Importer(2089858483,b0f066a214c2f5e87bad3c948f4d605d) (ScriptedImporter) -> (artifact id: '43871c228e0bb0013fec4e3c30e1ffb2') in 0.0370624 seconds
Number of updated asset objects reloaded before import = 0Number of asset objects unloaded after import = 9

========================================================================
Received Import Request.
  Time since last request: 0.000020 seconds.
  path: Assets/Assets/KayKit_ResourceBits_1.0_FREE/Assets/fbx/Copper_Bar.fbx
  artifactKey: Guid(1a791828b1d5eb74bb0670c0320ea1cd) Importer(2089858483,b0f066a214c2f5e87bad3c948f4d605d)
Start importing Assets/Assets/KayKit_ResourceBits_1.0_FREE/Assets/fbx/Copper_Bar.fbx using Guid(1a791828b1d5eb74bb0670c0320ea1cd) Importer(2089858483,b0f066a214c2f5e87bad3c948f4d605d) (ScriptedImporter) -> (artifact id: '15fc132a997d9e7ded1b80fed96e5c01') in 0.0240239 seconds
Number of updated asset objects reloaded before import = 0Number of asset objects unloaded after import = 9

========================================================================
Received Import Request.
  Time since last request: 0.000026 seconds.
  path: Assets/Assets/KayKit_ResourceBits_1.0_FREE/Assets/gltf/Parts_Pile_Small.bin
  artifactKey: Guid(24a78ac294080cd40aba135ee770a389) Importer(2089858483,b0f066a214c2f5e87bad3c948f4d605d)
Start importing Assets/Assets/KayKit_ResourceBits_1.0_FREE/Assets/gltf/Parts_Pile_Small.bin using Guid(24a78ac294080cd40aba135ee770a389) Importer(2089858483,b0f066a214c2f5e87bad3c948f4d605d) (ScriptedImporter) -> (artifact id: 'c110da162c22f130fe99383b2398bd3e') in 0.0098732 seconds
Number of updated asset objects reloaded before import = 0Number of asset objects unloaded after import = 1

========================================================================
Received Import Request.
  Time since last request: 0.000023 seconds.
  path: Assets/Assets/KayKit_ResourceBits_1.0_FREE/Assets/gltf/Iron_Bar.bin
  artifactKey: Guid(4da719f44922ad447999176291292526) Importer(2089858483,b0f066a214c2f5e87bad3c948f4d605d)
Start importing Assets/Assets/KayKit_ResourceBits_1.0_FREE/Assets/gltf/Iron_Bar.bin using Guid(4da719f44922ad447999176291292526) Importer(2089858483,b0f066a214c2f5e87bad3c948f4d605d) (ScriptedImporter) -> (artifact id: '1c7d82370928a3c8d50639a652d6292b') in 0.0122667 seconds
Number of updated asset objects reloaded before import = 0Number of asset objects unloaded after import = 1

========================================================================
Received Import Request.
  Time since last request: 0.000074 seconds.
  path: Assets/Assets/KayKit_ResourceBits_1.0_FREE/Assets/gltf/resource_bits_texture.png
  artifactKey: Guid(e7b731ea109d5564584bcbca7c424b32) Importer(2089858483,b0f066a214c2f5e87bad3c948f4d605d)
Start importing Assets/Assets/KayKit_ResourceBits_1.0_FREE/Assets/gltf/resource_bits_texture.png using Guid(e7b731ea109d5564584bcbca7c424b32) Importer(2089858483,b0f066a214c2f5e87bad3c948f4d605d) (ScriptedImporter) -> (artifact id: '13edd07a5efd6a9675df63eda0518c7c') in 0.0216943 seconds
Number of updated asset objects reloaded before import = 0Number of asset objects unloaded after import = 1

========================================================================
Received Import Request.
  Time since last request: 0.000020 seconds.
  path: Assets/Assets/KayKit_ResourceBits_1.0_FREE/Assets/fbx(unity)/Silver_Bar.fbx
  artifactKey: Guid(d0805104b34a8cc42b32d5bd386e0537) Importer(2089858483,b0f066a214c2f5e87bad3c948f4d605d)
Start importing Assets/Assets/KayKit_ResourceBits_1.0_FREE/Assets/fbx(unity)/Silver_Bar.fbx using Guid(d0805104b34a8cc42b32d5bd386e0537) Importer(2089858483,b0f066a214c2f5e87bad3c948f4d605d) (ScriptedImporter) -> (artifact id: '5ac6659c4b0737261cc4e5d25171f965') in 0.0269474 seconds
Number of updated asset objects reloaded before import = 0Number of asset objects unloaded after import = 9

========================================================================
Received Import Request.
  Time since last request: 0.000021 seconds.
  path: Assets/Assets/KayKit_ResourceBits_1.0_FREE/Assets/obj/Textiles_Stack_Large_Colored.obj
  artifactKey: Guid(2a8ddf33bd712804aa33beac4f5e943d) Importer(2089858483,b0f066a214c2f5e87bad3c948f4d605d)
Start importing Assets/Assets/KayKit_ResourceBits_1.0_FREE/Assets/obj/Textiles_Stack_Large_Colored.obj using Guid(2a8ddf33bd712804aa33beac4f5e943d) Importer(2089858483,b0f066a214c2f5e87bad3c948f4d605d) (ScriptedImporter) -> (artifact id: '4604309571c13019cac632918c91d414') in 0.0218351 seconds
Number of updated asset objects reloaded before import = 0Number of asset objects unloaded after import = 11

========================================================================
Received Import Request.
  Time since last request: 0.000028 seconds.
  path: Assets/Assets/KayKit_ResourceBits_1.0_FREE/Assets/gltf/Textiles_A.gltf
  artifactKey: Guid(45cb997138c97b141b067ed01dea422e) Importer(2089858483,b0f066a214c2f5e87bad3c948f4d605d)
Start importing Assets/Assets/KayKit_ResourceBits_1.0_FREE/Assets/gltf/Textiles_A.gltf using Guid(45cb997138c97b141b067ed01dea422e) Importer(2089858483,b0f066a214c2f5e87bad3c948f4d605d) (ScriptedImporter) -> (artifact id: 'eb394e243bee5d1b898635beef73ad9c') in 0.0168635 seconds
Number of updated asset objects reloaded before import = 0Number of asset objects unloaded after import = 1

========================================================================
Received Import Request.
  Time since last request: 0.000035 seconds.
  path: Assets/Assets/KayKit_ResourceBits_1.0_FREE/Assets/obj/Wood_Plank_B.obj
  artifactKey: Guid(22c1879016e618d4f81be956a5f4e306) Importer(2089858483,b0f066a214c2f5e87bad3c948f4d605d)
Start importing Assets/Assets/KayKit_ResourceBits_1.0_FREE/Assets/obj/Wood_Plank_B.obj using Guid(22c1879016e618d4f81be956a5f4e306) Importer(2089858483,b0f066a214c2f5e87bad3c948f4d605d) (ScriptedImporter) -> (artifact id: '25db71c434813bc21c84a062f268fd43') in 0.0275305 seconds
Number of updated asset objects reloaded before import = 0Number of asset objects unloaded after import = 11

========================================================================
Received Import Request.
  Time since last request: 0.000024 seconds.
  path: Assets/Assets/KayKit_ResourceBits_1.0_FREE/Assets/obj/Wood_Planks_Stack_Small.mtl
  artifactKey: Guid(d492738019118d041ab9e945dd9206c9) Importer(2089858483,b0f066a214c2f5e87bad3c948f4d605d)
Start importing Assets/Assets/KayKit_ResourceBits_1.0_FREE/Assets/obj/Wood_Planks_Stack_Small.mtl using Guid(d492738019118d041ab9e945dd9206c9) Importer(2089858483,b0f066a214c2f5e87bad3c948f4d605d) (ScriptedImporter) -> (artifact id: 'a76af24a1b2de0aba83f2a105b074035') in 0.0153813 seconds
Number of updated asset objects reloaded before import = 0Number of asset objects unloaded after import = 1

========================================================================
Received Import Request.
  Time since last request: 0.000036 seconds.
  path: Assets/Assets/KayKit_ResourceBits_1.0_FREE/Assets/fbx/Gold_Nugget_Medium.fbx
  artifactKey: Guid(943a9175da24386439723cf9d7c815c0) Importer(2089858483,b0f066a214c2f5e87bad3c948f4d605d)
Start importing Assets/Assets/KayKit_ResourceBits_1.0_FREE/Assets/fbx/Gold_Nugget_Medium.fbx using Guid(943a9175da24386439723cf9d7c815c0) Importer(2089858483,b0f066a214c2f5e87bad3c948f4d605d) (ScriptedImporter) -> (artifact id: 'df972e399e2333e9692efea4a7c0270c') in 0.0255203 seconds
Number of updated asset objects reloaded before import = 0Number of asset objects unloaded after import = 9

========================================================================
Received Import Request.
  Time since last request: 0.000048 seconds.
  path: Assets/Assets/KayKit_ResourceBits_1.0_FREE/Assets/fbx(unity)
  artifactKey: Guid(e6798a9c11caca44f819c2e34a3894d4) Importer(2089858483,b0f066a214c2f5e87bad3c948f4d605d)
Start importing Assets/Assets/KayKit_ResourceBits_1.0_FREE/Assets/fbx(unity) using Guid(e6798a9c11caca44f819c2e34a3894d4) Importer(2089858483,b0f066a214c2f5e87bad3c948f4d605d) (ScriptedImporter) -> (artifact id: 'afbbcd9d5682a3e7b14b4ae232d1d5b1') in 0.0197691 seconds
Number of updated asset objects reloaded before import = 0Number of asset objects unloaded after import = 1

========================================================================
Received Import Request.
  Time since last request: 0.000017 seconds.
  path: Assets/Assets/KayKit_ResourceBits_1.0_FREE/Assets/obj/Fuel_B_Barrel.mtl
  artifactKey: Guid(a9d348d73c235784cb66a62fb65279fc) Importer(2089858483,b0f066a214c2f5e87bad3c948f4d605d)
Start importing Assets/Assets/KayKit_ResourceBits_1.0_FREE/Assets/obj/Fuel_B_Barrel.mtl using Guid(a9d348d73c235784cb66a62fb65279fc) Importer(2089858483,b0f066a214c2f5e87bad3c948f4d605d) (ScriptedImporter) -> (artifact id: '97461b5db0f6e41788e6e9a72e5cdf97') in 0.0130138 seconds
Number of updated asset objects reloaded before import = 0Number of asset objects unloaded after import = 1

========================================================================
Received Import Request.
  Time since last request: 0.000021 seconds.
  path: Assets/Assets/KayKit_ResourceBits_1.0_FREE/Assets/gltf/Stone_Bricks_Stack_Large.bin
  artifactKey: Guid(945c4dbb59ae95d44b3615cc562f971b) Importer(2089858483,b0f066a214c2f5e87bad3c948f4d605d)
Start importing Assets/Assets/KayKit_ResourceBits_1.0_FREE/Assets/gltf/Stone_Bricks_Stack_Large.bin using Guid(945c4dbb59ae95d44b3615cc562f971b) Importer(2089858483,b0f066a214c2f5e87bad3c948f4d605d) (ScriptedImporter) -> (artifact id: '7aaa60316e3debdbcd721da47bba6eb5') in 0.0119653 seconds
Number of updated asset objects reloaded before import = 0Number of asset objects unloaded after import = 1

========================================================================
Received Import Request.
  Time since last request: 0.000031 seconds.
  path: Assets/Assets/KayKit_ResourceBits_1.0_FREE/Assets/obj/Silver_Bars_Stack_Large.obj
  artifactKey: Guid(0499d189af04d8c4fa73d4f174ca561d) Importer(2089858483,b0f066a214c2f5e87bad3c948f4d605d)
Start importing Assets/Assets/KayKit_ResourceBits_1.0_FREE/Assets/obj/Silver_Bars_Stack_Large.obj using Guid(0499d189af04d8c4fa73d4f174ca561d) Importer(2089858483,b0f066a214c2f5e87bad3c948f4d605d) (ScriptedImporter) -> (artifact id: '75858487de91690f32efc03f491277ca') in 0.0204022 seconds
Number of updated asset objects reloaded before import = 0Number of asset objects unloaded after import = 11

========================================================================
Received Import Request.
  Time since last request: 0.000020 seconds.
  path: Assets/Assets/KayKit_ResourceBits_1.0_FREE/Assets/fbx/Gold_Nugget_Small.fbx
  artifactKey: Guid(792f71ad9931a9443957a97317c3ad3a) Importer(2089858483,b0f066a214c2f5e87bad3c948f4d605d)
Start importing Assets/Assets/KayKit_ResourceBits_1.0_FREE/Assets/fbx/Gold_Nugget_Small.fbx using Guid(792f71ad9931a9443957a97317c3ad3a) Importer(2089858483,b0f066a214c2f5e87bad3c948f4d605d) (ScriptedImporter) -> (artifact id: 'cf5a2c918ae2f74595fec0c61674e854') in 0.0218774 seconds
Number of updated asset objects reloaded before import = 0Number of asset objects unloaded after import = 9

========================================================================
Received Import Request.
  Time since last request: 0.000019 seconds.
  path: Assets/Assets/KayKit_ResourceBits_1.0_FREE/Assets/obj/Gold_Bars.mtl
  artifactKey: Guid(bbc2594f18cf8484986d5468a68a7f2a) Importer(2089858483,b0f066a214c2f5e87bad3c948f4d605d)
Start importing Assets/Assets/KayKit_ResourceBits_1.0_FREE/Assets/obj/Gold_Bars.mtl using Guid(bbc2594f18cf8484986d5468a68a7f2a) Importer(2089858483,b0f066a214c2f5e87bad3c948f4d605d) (ScriptedImporter) -> (artifact id: '115b99dc5dc3e89c52b73e138d8f3ae6') in 0.0134954 seconds
Number of updated asset objects reloaded before import = 0Number of asset objects unloaded after import = 1

========================================================================
Received Import Request.
  Time since last request: 0.000024 seconds.
  path: Assets/Assets/KayKit_ResourceBits_1.0_FREE/Assets/gltf/Wood_Plank_B.bin
  artifactKey: Guid(21931a991f9c523419562f0a73c82f10) Importer(2089858483,b0f066a214c2f5e87bad3c948f4d605d)
Start importing Assets/Assets/KayKit_ResourceBits_1.0_FREE/Assets/gltf/Wood_Plank_B.bin using Guid(21931a991f9c523419562f0a73c82f10) Importer(2089858483,b0f066a214c2f5e87bad3c948f4d605d) (ScriptedImporter) -> (artifact id: '2655ecf10ba88ca531a51f7024075553') in 0.0147163 seconds
Number of updated asset objects reloaded before import = 0Number of asset objects unloaded after import = 1

========================================================================
Received Import Request.
  Time since last request: 0.000019 seconds.
  path: Assets/Assets/KayKit_ResourceBits_1.0_FREE/Assets/obj/Fuel_B_Barrel_Dirty.mtl
  artifactKey: Guid(994681ba71b5a274694fa75a19dee8d9) Importer(2089858483,b0f066a214c2f5e87bad3c948f4d605d)
Start importing Assets/Assets/KayKit_ResourceBits_1.0_FREE/Assets/obj/Fuel_B_Barrel_Dirty.mtl using Guid(994681ba71b5a274694fa75a19dee8d9) Importer(2089858483,b0f066a214c2f5e87bad3c948f4d605d) (ScriptedImporter) -> (artifact id: '158a1eeb6123b8090639fa5928c2a7b9') in 0.0222838 seconds
Number of updated asset objects reloaded before import = 0Number of asset objects unloaded after import = 1

========================================================================
Received Import Request.
  Time since last request: 0.000070 seconds.
  path: Assets/Assets/KayKit_ResourceBits_1.0_FREE/Assets/fbx/Iron_Nuggets.fbx
  artifactKey: Guid(d2cbaf6382ebf00428f7cf1d68ae1524) Importer(2089858483,b0f066a214c2f5e87bad3c948f4d605d)
Start importing Assets/Assets/KayKit_ResourceBits_1.0_FREE/Assets/fbx/Iron_Nuggets.fbx using Guid(d2cbaf6382ebf00428f7cf1d68ae1524) Importer(2089858483,b0f066a214c2f5e87bad3c948f4d605d) (ScriptedImporter) -> (artifact id: 'b89a5431d2aeafb989c05ab2b7233b8b') in 0.0376683 seconds
Number of updated asset objects reloaded before import = 0Number of asset objects unloaded after import = 9

========================================================================
Received Import Request.
  Time since last request: 0.000017 seconds.
  path: Assets/Assets/KayKit_ResourceBits_1.0_FREE/Assets/fbx(unity)/Parts_Cog.fbx
  artifactKey: Guid(1e61e74881589c6458521ac0ab6e4e99) Importer(2089858483,b0f066a214c2f5e87bad3c948f4d605d)
Start importing Assets/Assets/KayKit_ResourceBits_1.0_FREE/Assets/fbx(unity)/Parts_Cog.fbx using Guid(1e61e74881589c6458521ac0ab6e4e99) Importer(2089858483,b0f066a214c2f5e87bad3c948f4d605d) (ScriptedImporter) -> (artifact id: '2df0c627e0a29af105f348cbbb898c1b') in 0.0247175 seconds
Number of updated asset objects reloaded before import = 0Number of asset objects unloaded after import = 9

========================================================================
Received Import Request.
  Time since last request: 0.000023 seconds.
  path: Assets/Assets/KayKit_ResourceBits_1.0_FREE/Assets/gltf/Iron_Bars_Stack_Small.gltf
  artifactKey: Guid(b4d3568e1d36f8e40ac7512f0f468385) Importer(2089858483,b0f066a214c2f5e87bad3c948f4d605d)
Start importing Assets/Assets/KayKit_ResourceBits_1.0_FREE/Assets/gltf/Iron_Bars_Stack_Small.gltf using Guid(b4d3568e1d36f8e40ac7512f0f468385) Importer(2089858483,b0f066a214c2f5e87bad3c948f4d605d) (ScriptedImporter) -> (artifact id: 'f70b0e0b9b5451f54a968073d759fb45') in 0.0186055 seconds
Number of updated asset objects reloaded before import = 0Number of asset objects unloaded after import = 1

========================================================================
Received Import Request.
  Time since last request: 0.000039 seconds.
  path: Assets/Assets/KayKit_ResourceBits_1.0_FREE/Assets/gltf/Wood_Planks_Stack_Large.bin
  artifactKey: Guid(cb55ca2f99931824f89cb076d0fc409e) Importer(2089858483,b0f066a214c2f5e87bad3c948f4d605d)
Start importing Assets/Assets/KayKit_ResourceBits_1.0_FREE/Assets/gltf/Wood_Planks_Stack_Large.bin using Guid(cb55ca2f99931824f89cb076d0fc409e) Importer(2089858483,b0f066a214c2f5e87bad3c948f4d605d) (ScriptedImporter) -> (artifact id: 'adb81f9a3bc47c82e9a218abfb9e1df8') in 0.0182678 seconds
Number of updated asset objects reloaded before import = 0Number of asset objects unloaded after import = 1

========================================================================
Received Import Request.
  Time since last request: 0.000021 seconds.
  path: Assets/Assets/KayKit_ResourceBits_1.0_FREE/Assets/gltf/Gold_Bars_Stack_Small.gltf
  artifactKey: Guid(5c5fc50a148c7d54294acc24a082e78e) Importer(2089858483,b0f066a214c2f5e87bad3c948f4d605d)
Start importing Assets/Assets/KayKit_ResourceBits_1.0_FREE/Assets/gltf/Gold_Bars_Stack_Small.gltf using Guid(5c5fc50a148c7d54294acc24a082e78e) Importer(2089858483,b0f066a214c2f5e87bad3c948f4d605d) (ScriptedImporter) -> (artifact id: 'd9b47b58820c091d1668cb21365a94f2') in 0.0203163 seconds
Number of updated asset objects reloaded before import = 0Number of asset objects unloaded after import = 1

========================================================================
Received Import Request.
  Time since last request: 0.000024 seconds.
  path: Assets/Assets/KayKit_ResourceBits_1.0_FREE/Assets/obj/Iron_Nugget_Small.mtl
  artifactKey: Guid(57fa37eb9557b2743b87adaf4702fc33) Importer(2089858483,b0f066a214c2f5e87bad3c948f4d605d)
Start importing Assets/Assets/KayKit_ResourceBits_1.0_FREE/Assets/obj/Iron_Nugget_Small.mtl using Guid(57fa37eb9557b2743b87adaf4702fc33) Importer(2089858483,b0f066a214c2f5e87bad3c948f4d605d) (ScriptedImporter) -> (artifact id: '2b8e0144dff9a778fcf42cd040fecb78') in 0.0161775 seconds
Number of updated asset objects reloaded before import = 0Number of asset objects unloaded after import = 1

========================================================================
Received Import Request.
  Time since last request: 0.000030 seconds.
  path: Assets/Assets/KayKit_ResourceBits_1.0_FREE/Assets/fbx/Silver_Bars.fbx
  artifactKey: Guid(11f895df191b64e4591ede48ebb405cb) Importer(2089858483,b0f066a214c2f5e87bad3c948f4d605d)
Start importing Assets/Assets/KayKit_ResourceBits_1.0_FREE/Assets/fbx/Silver_Bars.fbx using Guid(11f895df191b64e4591ede48ebb405cb) Importer(2089858483,b0f066a214c2f5e87bad3c948f4d605d) (ScriptedImporter) -> (artifact id: '60dcfac2df15fb9e1b87dbb40a933c47') in 0.0661751 seconds
Number of updated asset objects reloaded before import = 0Number of asset objects unloaded after import = 9

========================================================================
Received Import Request.
  Time since last request: 32.544002 seconds.
  path: Assets/Assets/KayKit_ResourceBits_1.0_FREE/Assets/obj/Silver_Bars_Stack_Small.obj
  artifactKey: Guid(53d2d0fb591676041b6f8fd053f5f9d6) Importer(2089858483,b0f066a214c2f5e87bad3c948f4d605d)
Start importing Assets/Assets/KayKit_ResourceBits_1.0_FREE/Assets/obj/Silver_Bars_Stack_Small.obj using Guid(53d2d0fb591676041b6f8fd053f5f9d6) Importer(2089858483,b0f066a214c2f5e87bad3c948f4d605d) (ScriptedImporter) -> (artifact id: 'aac20d235708c71b517c4b0db75a1afa') in 0.0220909 seconds
Number of updated asset objects reloaded before import = 0Number of asset objects unloaded after import = 11

========================================================================
Received Import Request.
  Time since last request: 0.000026 seconds.
  path: Assets/Assets/KayKit_ResourceBits_1.0_FREE/Assets/gltf/Stone_Bricks_Stack_Medium.bin
  artifactKey: Guid(c847ecac0e20f7245be287f444dceaff) Importer(2089858483,b0f066a214c2f5e87bad3c948f4d605d)
Start importing Assets/Assets/KayKit_ResourceBits_1.0_FREE/Assets/gltf/Stone_Bricks_Stack_Medium.bin using Guid(c847ecac0e20f7245be287f444dceaff) Importer(2089858483,b0f066a214c2f5e87bad3c948f4d605d) (ScriptedImporter) -> (artifact id: '56c60b760c9a4ee0babda6996b690760') in 0.0118967 seconds
Number of updated asset objects reloaded before import = 0Number of asset objects unloaded after import = 1

========================================================================
Received Import Request.
  Time since last request: 0.000024 seconds.
  path: Assets/Assets/KayKit_ResourceBits_1.0_FREE/Assets/gltf/Pallet_Wood_Covered_A.gltf
  artifactKey: Guid(d7333b965c6c7a34c9f0a6d954b3209e) Importer(2089858483,b0f066a214c2f5e87bad3c948f4d605d)
Start importing Assets/Assets/KayKit_ResourceBits_1.0_FREE/Assets/gltf/Pallet_Wood_Covered_A.gltf using Guid(d7333b965c6c7a34c9f0a6d954b3209e) Importer(2089858483,b0f066a214c2f5e87bad3c948f4d605d) (ScriptedImporter) -> (artifact id: 'cc0b863b8a273cdf5123e44b34bca30a') in 0.0148183 seconds
Number of updated asset objects reloaded before import = 0Number of asset objects unloaded after import = 1

========================================================================
Received Import Request.
  Time since last request: 0.000027 seconds.
  path: Assets/Assets/KayKit_ResourceBits_1.0_FREE/Assets/gltf/Parts_Pile_Medium.gltf
  artifactKey: Guid(cfdb0b15190e2d14e9123fb2711d0335) Importer(2089858483,b0f066a214c2f5e87bad3c948f4d605d)
Start importing Assets/Assets/KayKit_ResourceBits_1.0_FREE/Assets/gltf/Parts_Pile_Medium.gltf using Guid(cfdb0b15190e2d14e9123fb2711d0335) Importer(2089858483,b0f066a214c2f5e87bad3c948f4d605d) (ScriptedImporter) -> (artifact id: '98a16941acf6ecd4f8349a80ef43d624') in 0.0123803 seconds
Number of updated asset objects reloaded before import = 0Number of asset objects unloaded after import = 1

========================================================================
Received Import Request.
  Time since last request: 0.000023 seconds.
  path: Assets/Assets/KayKit_ResourceBits_1.0_FREE/Assets/fbx/Wood_Plank_B.fbx
  artifactKey: Guid(0b54f8b7391e04e449e0b49cbf4b1333) Importer(2089858483,b0f066a214c2f5e87bad3c948f4d605d)
Start importing Assets/Assets/KayKit_ResourceBits_1.0_FREE/Assets/fbx/Wood_Plank_B.fbx using Guid(0b54f8b7391e04e449e0b49cbf4b1333) Importer(2089858483,b0f066a214c2f5e87bad3c948f4d605d) (ScriptedImporter) -> (artifact id: '1c83a74ccd13f42c5d577bd567cd3f55') in 0.0230127 seconds
Number of updated asset objects reloaded before import = 0Number of asset objects unloaded after import = 9

========================================================================
Received Import Request.
  Time since last request: 0.000019 seconds.
  path: Assets/Assets/KayKit_ResourceBits_1.0_FREE/Assets/gltf/Iron_Nugget_Large.bin
  artifactKey: Guid(f75754a73ebd82d48a1ca055ec40e02b) Importer(2089858483,b0f066a214c2f5e87bad3c948f4d605d)
Start importing Assets/Assets/KayKit_ResourceBits_1.0_FREE/Assets/gltf/Iron_Nugget_Large.bin using Guid(f75754a73ebd82d48a1ca055ec40e02b) Importer(2089858483,b0f066a214c2f5e87bad3c948f4d605d) (ScriptedImporter) -> (artifact id: '10303b900b16d50bb5a9f8713d0d4916') in 0.0121779 seconds
Number of updated asset objects reloaded before import = 0Number of asset objects unloaded after import = 1

========================================================================
Received Import Request.
  Time since last request: 0.000030 seconds.
  path: Assets/Assets/KayKit_ResourceBits_1.0_FREE/Assets/fbx(unity)/Wood_Plank_A.fbx
  artifactKey: Guid(5b6999cf4fef4bd4d8291c199d6af554) Importer(2089858483,b0f066a214c2f5e87bad3c948f4d605d)
Start importing Assets/Assets/KayKit_ResourceBits_1.0_FREE/Assets/fbx(unity)/Wood_Plank_A.fbx using Guid(5b6999cf4fef4bd4d8291c199d6af554) Importer(2089858483,b0f066a214c2f5e87bad3c948f4d605d) (ScriptedImporter) -> (artifact id: 'b2c652da90c5c5590500a19015962fe3') in 0.0256109 seconds
Number of updated asset objects reloaded before import = 0Number of asset objects unloaded after import = 9

========================================================================
Received Import Request.
  Time since last request: 0.000027 seconds.
  path: Assets/Assets/KayKit_ResourceBits_1.0_FREE/Assets/gltf/Gold_Bars_Stack_Large.gltf
  artifactKey: Guid(7a41f01035d70a34f80db281dff5e036) Importer(2089858483,b0f066a214c2f5e87bad3c948f4d605d)
Start importing Assets/Assets/KayKit_ResourceBits_1.0_FREE/Assets/gltf/Gold_Bars_Stack_Large.gltf using Guid(7a41f01035d70a34f80db281dff5e036) Importer(2089858483,b0f066a214c2f5e87bad3c948f4d605d) (ScriptedImporter) -> (artifact id: 'b400d03a45ea68dbacdcfca828fdffe9') in 0.0144289 seconds
Number of updated asset objects reloaded before import = 0Number of asset objects unloaded after import = 1

========================================================================
Received Import Request.
  Time since last request: 0.000025 seconds.
  path: Assets/Assets/KayKit_ResourceBits_1.0_FREE/Assets/obj/Pallet_Wood_Covered_A.obj
  artifactKey: Guid(bfe4ac3232d6a1449bf17b2179d765de) Importer(2089858483,b0f066a214c2f5e87bad3c948f4d605d)
Start importing Assets/Assets/KayKit_ResourceBits_1.0_FREE/Assets/obj/Pallet_Wood_Covered_A.obj using Guid(bfe4ac3232d6a1449bf17b2179d765de) Importer(2089858483,b0f066a214c2f5e87bad3c948f4d605d) (ScriptedImporter) -> (artifact id: '6a5e5cdd0157f59334645dc6bd89cc8f') in 0.0203123 seconds
Number of updated asset objects reloaded before import = 0Number of asset objects unloaded after import = 11

========================================================================
Received Import Request.
  Time since last request: 0.000015 seconds.
  path: Assets/Assets/KayKit_ResourceBits_1.0_FREE/Assets/obj/Stone_Chunks_Small.obj
  artifactKey: Guid(65db352f2665cf34cac05d9112845598) Importer(2089858483,b0f066a214c2f5e87bad3c948f4d605d)
Start importing Assets/Assets/KayKit_ResourceBits_1.0_FREE/Assets/obj/Stone_Chunks_Small.obj using Guid(65db352f2665cf34cac05d9112845598) Importer(2089858483,b0f066a214c2f5e87bad3c948f4d605d) (ScriptedImporter) -> (artifact id: '4fd7b095257c811f0565612aae0d4c8c') in 0.0225682 seconds
Number of updated asset objects reloaded before import = 0Number of asset objects unloaded after import = 11

========================================================================
Received Import Request.
  Time since last request: 0.000025 seconds.
  path: Assets/Assets/KayKit_ResourceBits_1.0_FREE/Assets/gltf/Gold_Nugget_Large.gltf
  artifactKey: Guid(7c7821bbee3b336479f857d0b1fc092c) Importer(2089858483,b0f066a214c2f5e87bad3c948f4d605d)
Start importing Assets/Assets/KayKit_ResourceBits_1.0_FREE/Assets/gltf/Gold_Nugget_Large.gltf using Guid(7c7821bbee3b336479f857d0b1fc092c) Importer(2089858483,b0f066a214c2f5e87bad3c948f4d605d) (ScriptedImporter) -> (artifact id: '5a8045eede87e0fde059c6f115ce8381') in 0.012559 seconds
Number of updated asset objects reloaded before import = 0Number of asset objects unloaded after import = 1

========================================================================
Received Import Request.
  Time since last request: 0.000033 seconds.
  path: Assets/Assets/KayKit_ResourceBits_1.0_FREE/Assets/gltf/Wood_Planks_Stack_Medium.bin
  artifactKey: Guid(82c450ada19bdae48bc8cf08bfae05db) Importer(2089858483,b0f066a214c2f5e87bad3c948f4d605d)
Start importing Assets/Assets/KayKit_ResourceBits_1.0_FREE/Assets/gltf/Wood_Planks_Stack_Medium.bin using Guid(82c450ada19bdae48bc8cf08bfae05db) Importer(2089858483,b0f066a214c2f5e87bad3c948f4d605d) (ScriptedImporter) -> (artifact id: '9b36f43f89743418bf879c04f96fba8e') in 0.012303 seconds
Number of updated asset objects reloaded before import = 0Number of asset objects unloaded after import = 1

========================================================================
Received Import Request.
  Time since last request: 0.000037 seconds.
  path: Assets/Assets/KayKit_ResourceBits_1.0_FREE/Assets/obj/Iron_Bars.obj
  artifactKey: Guid(fee2715c241adfa43adf3d03eabf23cb) Importer(2089858483,b0f066a214c2f5e87bad3c948f4d605d)
Start importing Assets/Assets/KayKit_ResourceBits_1.0_FREE/Assets/obj/Iron_Bars.obj using Guid(fee2715c241adfa43adf3d03eabf23cb) Importer(2089858483,b0f066a214c2f5e87bad3c948f4d605d) (ScriptedImporter) -> (artifact id: '71fdbc3a40233c2f05cb5dd881520cf5') in 0.0169271 seconds
Number of updated asset objects reloaded before import = 0Number of asset objects unloaded after import = 11

========================================================================
Received Import Request.
  Time since last request: 0.000015 seconds.
  path: Assets/Assets/KayKit_ResourceBits_1.0_FREE/Assets/fbx/Fuel_A_Barrel.fbx
  artifactKey: Guid(e10ffc7fc621c2f4eb3382bf66e28fe2) Importer(2089858483,b0f066a214c2f5e87bad3c948f4d605d)
Start importing Assets/Assets/KayKit_ResourceBits_1.0_FREE/Assets/fbx/Fuel_A_Barrel.fbx using Guid(e10ffc7fc621c2f4eb3382bf66e28fe2) Importer(2089858483,b0f066a214c2f5e87bad3c948f4d605d) (ScriptedImporter) -> (artifact id: '5d6503e5382443058b29a71bc5208923') in 0.017449 seconds
Number of updated asset objects reloaded before import = 0Number of asset objects unloaded after import = 9

========================================================================
Received Import Request.
  Time since last request: 0.000014 seconds.
  path: Assets/Assets/KayKit_ResourceBits_1.0_FREE/Assets/gltf/Copper_Bars.gltf
  artifactKey: Guid(5a56b756599d9b545b0233f85dacbbc5) Importer(2089858483,b0f066a214c2f5e87bad3c948f4d605d)
Start importing Assets/Assets/KayKit_ResourceBits_1.0_FREE/Assets/gltf/Copper_Bars.gltf using Guid(5a56b756599d9b545b0233f85dacbbc5) Importer(2089858483,b0f066a214c2f5e87bad3c948f4d605d) (ScriptedImporter) -> (artifact id: '3ee29e806cd281967d2417868dd1340f') in 0.0096715 seconds
Number of updated asset objects reloaded before import = 0Number of asset objects unloaded after import = 1

========================================================================
Received Import Request.
  Time since last request: 0.000014 seconds.
  path: Assets/Assets/KayKit_ResourceBits_1.0_FREE/Assets/gltf/Stone_Bricks_Stack_Small.bin
  artifactKey: Guid(55d83a6fc322bae4e95dcaaf69404b53) Importer(2089858483,b0f066a214c2f5e87bad3c948f4d605d)
Start importing Assets/Assets/KayKit_ResourceBits_1.0_FREE/Assets/gltf/Stone_Bricks_Stack_Small.bin using Guid(55d83a6fc322bae4e95dcaaf69404b53) Importer(2089858483,b0f066a214c2f5e87bad3c948f4d605d) (ScriptedImporter) -> (artifact id: 'b0cbe2b5d2d41ba92ccbe19f4f8b7d99') in 0.0113267 seconds
Number of updated asset objects reloaded before import = 0Number of asset objects unloaded after import = 1

========================================================================
Received Import Request.
  Time since last request: 0.000019 seconds.
  path: Assets/Assets/KayKit_ResourceBits_1.0_FREE/Assets/fbx
  artifactKey: Guid(5e7dc3956b256884ba015717f5a7309e) Importer(2089858483,b0f066a214c2f5e87bad3c948f4d605d)
Start importing Assets/Assets/KayKit_ResourceBits_1.0_FREE/Assets/fbx using Guid(5e7dc3956b256884ba015717f5a7309e) Importer(2089858483,b0f066a214c2f5e87bad3c948f4d605d) (ScriptedImporter) -> (artifact id: '1923d5d9834f9a9f8896e124286fb000') in 0.0109638 seconds
Number of updated asset objects reloaded before import = 0Number of asset objects unloaded after import = 1

========================================================================
Received Import Request.
  Time since last request: 0.000032 seconds.
  path: Assets/Assets/KayKit_ResourceBits_1.0_FREE/Assets/fbx/Parts_Pile_Medium.fbx
  artifactKey: Guid(89e5a0b86bfc48640bb1441cec6fc288) Importer(2089858483,b0f066a214c2f5e87bad3c948f4d605d)
Start importing Assets/Assets/KayKit_ResourceBits_1.0_FREE/Assets/fbx/Parts_Pile_Medium.fbx using Guid(89e5a0b86bfc48640bb1441cec6fc288) Importer(2089858483,b0f066a214c2f5e87bad3c948f4d605d) (ScriptedImporter) -> (artifact id: '0503f311eafe771e0564d9d5511fbfce') in 0.0230023 seconds
Number of updated asset objects reloaded before import = 0Number of asset objects unloaded after import = 9

========================================================================
Received Import Request.
  Time since last request: 0.000021 seconds.
  path: Assets/Assets/KayKit_ResourceBits_1.0_FREE/Assets/fbx/Fuel_B_Barrel_Dirty.fbx
  artifactKey: Guid(5070134f078708a48966dcd65dbed6f6) Importer(2089858483,b0f066a214c2f5e87bad3c948f4d605d)
Start importing Assets/Assets/KayKit_ResourceBits_1.0_FREE/Assets/fbx/Fuel_B_Barrel_Dirty.fbx using Guid(5070134f078708a48966dcd65dbed6f6) Importer(2089858483,b0f066a214c2f5e87bad3c948f4d605d) (ScriptedImporter) -> (artifact id: 'a9202c7a8b6e13ef7ec57a57cc2e7ed9') in 0.0232593 seconds
Number of updated asset objects reloaded before import = 0Number of asset objects unloaded after import = 9

========================================================================
Received Import Request.
  Time since last request: 0.000018 seconds.
  path: Assets/Assets/KayKit_ResourceBits_1.0_FREE/Assets/gltf/Textiles_C.bin
  artifactKey: Guid(3cef3b93253a4ee4a88a6390d4249911) Importer(2089858483,b0f066a214c2f5e87bad3c948f4d605d)
Start importing Assets/Assets/KayKit_ResourceBits_1.0_FREE/Assets/gltf/Textiles_C.bin using Guid(3cef3b93253a4ee4a88a6390d4249911) Importer(2089858483,b0f066a214c2f5e87bad3c948f4d605d) (ScriptedImporter) -> (artifact id: '15727d13efd2fa6eff359521e38dc2b4') in 0.0114625 seconds
Number of updated asset objects reloaded before import = 0Number of asset objects unloaded after import = 1

========================================================================
Received Import Request.
  Time since last request: 0.000031 seconds.
  path: Assets/Assets/KayKit_ResourceBits_1.0_FREE/Assets/obj/Fuel_C_Barrels.mtl
  artifactKey: Guid(e14d051bd2e5d6d46ad98993928161aa) Importer(2089858483,b0f066a214c2f5e87bad3c948f4d605d)
Start importing Assets/Assets/KayKit_ResourceBits_1.0_FREE/Assets/obj/Fuel_C_Barrels.mtl using Guid(e14d051bd2e5d6d46ad98993928161aa) Importer(2089858483,b0f066a214c2f5e87bad3c948f4d605d) (ScriptedImporter) -> (artifact id: '5c7df81a9f98e8e3cb533b3b6cfa84ba') in 0.012823 seconds
Number of updated asset objects reloaded before import = 0Number of asset objects unloaded after import = 1

========================================================================
Received Import Request.
  Time since last request: 0.000027 seconds.
  path: Assets/Assets/KayKit_ResourceBits_1.0_FREE/Assets/gltf/Silver_Nuggets.bin
  artifactKey: Guid(285a96bf8b3bc304bb2ede645b4e07d9) Importer(2089858483,b0f066a214c2f5e87bad3c948f4d605d)
Start importing Assets/Assets/KayKit_ResourceBits_1.0_FREE/Assets/gltf/Silver_Nuggets.bin using Guid(285a96bf8b3bc304bb2ede645b4e07d9) Importer(2089858483,b0f066a214c2f5e87bad3c948f4d605d) (ScriptedImporter) -> (artifact id: '439a38b814ad23142de4e14ca9f39f3b') in 0.0143341 seconds
Number of updated asset objects reloaded before import = 0Number of asset objects unloaded after import = 1

========================================================================
Received Import Request.
  Time since last request: 0.000016 seconds.
  path: Assets/Assets/KayKit_ResourceBits_1.0_FREE/Assets/fbx(unity)/Copper_Bar.fbx
  artifactKey: Guid(7b98f898796d074408304f975ecf5a05) Importer(2089858483,b0f066a214c2f5e87bad3c948f4d605d)
Start importing Assets/Assets/KayKit_ResourceBits_1.0_FREE/Assets/fbx(unity)/Copper_Bar.fbx using Guid(7b98f898796d074408304f975ecf5a05) Importer(2089858483,b0f066a214c2f5e87bad3c948f4d605d) (ScriptedImporter) -> (artifact id: '586afcf55e8c4c17dc5e95c3a7c871af') in 0.0315548 seconds
Number of updated asset objects reloaded before import = 0Number of asset objects unloaded after import = 9

========================================================================
Received Import Request.
  Time since last request: 0.000026 seconds.
  path: Assets/Assets/KayKit_ResourceBits_1.0_FREE/Assets/fbx/Silver_Nugget_Small.fbx
  artifactKey: Guid(0311c44766afcea4f88b3359ad16e58b) Importer(2089858483,b0f066a214c2f5e87bad3c948f4d605d)
Start importing Assets/Assets/KayKit_ResourceBits_1.0_FREE/Assets/fbx/Silver_Nugget_Small.fbx using Guid(0311c44766afcea4f88b3359ad16e58b) Importer(2089858483,b0f066a214c2f5e87bad3c948f4d605d) (ScriptedImporter) -> (artifact id: 'e083ef72c2e50fd7dc5e48aa22703fcd') in 0.0262278 seconds
Number of updated asset objects reloaded before import = 0Number of asset objects unloaded after import = 9

========================================================================
Received Import Request.
  Time since last request: 0.000056 seconds.
  path: Assets/Assets/KayKit_ResourceBits_1.0_FREE/Assets/fbx(unity)/Stone_Bricks_Stack_Large.fbx
  artifactKey: Guid(f537240ecae76bb4fb001e02ed5241d7) Importer(2089858483,b0f066a214c2f5e87bad3c948f4d605d)
Start importing Assets/Assets/KayKit_ResourceBits_1.0_FREE/Assets/fbx(unity)/Stone_Bricks_Stack_Large.fbx using Guid(f537240ecae76bb4fb001e02ed5241d7) Importer(2089858483,b0f066a214c2f5e87bad3c948f4d605d) (ScriptedImporter) -> (artifact id: '96e76ac97fdb2a3eb82a9114dbdb4e20') in 0.0324011 seconds
Number of updated asset objects reloaded before import = 0Number of asset objects unloaded after import = 9

========================================================================
Received Import Request.
  Time since last request: 0.000041 seconds.
  path: Assets/Assets/KayKit_ResourceBits_1.0_FREE/Assets/gltf/Parts_Cog.gltf
  artifactKey: Guid(e79f461197934984dbeb6b028839eda4) Importer(2089858483,b0f066a214c2f5e87bad3c948f4d605d)
Start importing Assets/Assets/KayKit_ResourceBits_1.0_FREE/Assets/gltf/Parts_Cog.gltf using Guid(e79f461197934984dbeb6b028839eda4) Importer(2089858483,b0f066a214c2f5e87bad3c948f4d605d) (ScriptedImporter) -> (artifact id: 'a2679ab03e9919ea6bb0e5eca9104084') in 0.0191982 seconds
Number of updated asset objects reloaded before import = 0Number of asset objects unloaded after import = 1

========================================================================
Received Import Request.
  Time since last request: 0.000021 seconds.
  path: Assets/Assets/KayKit_ResourceBits_1.0_FREE/Assets/obj/Silver_Bars_Stack_Large.mtl
  artifactKey: Guid(d78275e936184694fbf92e7ccb1b3014) Importer(2089858483,b0f066a214c2f5e87bad3c948f4d605d)
Start importing Assets/Assets/KayKit_ResourceBits_1.0_FREE/Assets/obj/Silver_Bars_Stack_Large.mtl using Guid(d78275e936184694fbf92e7ccb1b3014) Importer(2089858483,b0f066a214c2f5e87bad3c948f4d605d) (ScriptedImporter) -> (artifact id: '5d584f6eaca8c51eb048b2148ce454dc') in 0.0151161 seconds
Number of updated asset objects reloaded before import = 0Number of asset objects unloaded after import = 1

========================================================================
Received Import Request.
  Time since last request: 0.000017 seconds.
  path: Assets/Assets/KayKit_ResourceBits_1.0_FREE/Assets/fbx(unity)/Parts_Pile_Small.fbx
  artifactKey: Guid(a0395e096d4e19941ba0cc8e7336c6c9) Importer(2089858483,b0f066a214c2f5e87bad3c948f4d605d)
Start importing Assets/Assets/KayKit_ResourceBits_1.0_FREE/Assets/fbx(unity)/Parts_Pile_Small.fbx using Guid(a0395e096d4e19941ba0cc8e7336c6c9) Importer(2089858483,b0f066a214c2f5e87bad3c948f4d605d) (ScriptedImporter) -> (artifact id: '3fc9b997d1a4696dff73c90475637e0d') in 0.0266315 seconds
Number of updated asset objects reloaded before import = 0Number of asset objects unloaded after import = 9

========================================================================
Received Import Request.
  Time since last request: 0.000029 seconds.
  path: Assets/Assets/KayKit_ResourceBits_1.0_FREE/Assets/obj/Wood_Planks_Stack_Small.obj
  artifactKey: Guid(91e75e802a0a4e2419bf4ff276258738) Importer(2089858483,b0f066a214c2f5e87bad3c948f4d605d)
Start importing Assets/Assets/KayKit_ResourceBits_1.0_FREE/Assets/obj/Wood_Planks_Stack_Small.obj using Guid(91e75e802a0a4e2419bf4ff276258738) Importer(2089858483,b0f066a214c2f5e87bad3c948f4d605d) (ScriptedImporter) -> (artifact id: '103f23075bd4f663b3e62e5abbea668a') in 0.0292941 seconds
Number of updated asset objects reloaded before import = 0Number of asset objects unloaded after import = 11

========================================================================
Received Import Request.
  Time since last request: 0.000027 seconds.
  path: Assets/Assets/KayKit_ResourceBits_1.0_FREE/Assets/fbx(unity)/Iron_Nugget_Medium.fbx
  artifactKey: Guid(cc1f3ab27d0646d4dae77679938d2bcb) Importer(2089858483,b0f066a214c2f5e87bad3c948f4d605d)
Start importing Assets/Assets/KayKit_ResourceBits_1.0_FREE/Assets/fbx(unity)/Iron_Nugget_Medium.fbx using Guid(cc1f3ab27d0646d4dae77679938d2bcb) Importer(2089858483,b0f066a214c2f5e87bad3c948f4d605d) (ScriptedImporter) -> (artifact id: '23c6259ee94dfc2322f425846c102498') in 0.0338639 seconds
Number of updated asset objects reloaded before import = 0Number of asset objects unloaded after import = 9

========================================================================
Received Import Request.
  Time since last request: 0.000040 seconds.
  path: Assets/Assets/KayKit_ResourceBits_1.0_FREE/Assets/gltf/Fuel_C_Barrel.gltf
  artifactKey: Guid(97d341a3f86443e4c8a818b190474a63) Importer(2089858483,b0f066a214c2f5e87bad3c948f4d605d)
Start importing Assets/Assets/KayKit_ResourceBits_1.0_FREE/Assets/gltf/Fuel_C_Barrel.gltf using Guid(97d341a3f86443e4c8a818b190474a63) Importer(2089858483,b0f066a214c2f5e87bad3c948f4d605d) (ScriptedImporter) -> (artifact id: '24793ddf81258d8ddfccf670f154c207') in 0.0187994 seconds
Number of updated asset objects reloaded before import = 0Number of asset objects unloaded after import = 1

========================================================================
Received Import Request.
  Time since last request: 0.000040 seconds.
  path: Assets/Assets/KayKit_ResourceBits_1.0_FREE/Assets/fbx/Stone_Bricks_Stack_Medium.fbx
  artifactKey: Guid(c09f2f88998fe4a4f9ff2cd71a78c2e4) Importer(2089858483,b0f066a214c2f5e87bad3c948f4d605d)
Start importing Assets/Assets/KayKit_ResourceBits_1.0_FREE/Assets/fbx/Stone_Bricks_Stack_Medium.fbx using Guid(c09f2f88998fe4a4f9ff2cd71a78c2e4) Importer(2089858483,b0f066a214c2f5e87bad3c948f4d605d) (ScriptedImporter) -> (artifact id: 'b5e02d75a69ae1e6a65a6fa41021a119') in 0.0340187 seconds
Number of updated asset objects reloaded before import = 0Number of asset objects unloaded after import = 9

========================================================================
Received Import Request.
  Time since last request: 0.000080 seconds.
  path: Assets/Assets/KayKit_ResourceBits_1.0_FREE/Assets/fbx/Wood_Plank_C.fbx
  artifactKey: Guid(de9e70fc8a0e0e34db1e37d7f2f11493) Importer(2089858483,b0f066a214c2f5e87bad3c948f4d605d)
Start importing Assets/Assets/KayKit_ResourceBits_1.0_FREE/Assets/fbx/Wood_Plank_C.fbx using Guid(de9e70fc8a0e0e34db1e37d7f2f11493) Importer(2089858483,b0f066a214c2f5e87bad3c948f4d605d) (ScriptedImporter) -> (artifact id: 'd78963f6ed55649272264e8351fd41c6') in 0.0422173 seconds
Number of updated asset objects reloaded before import = 0Number of asset objects unloaded after import = 9

========================================================================
Received Import Request.
  Time since last request: 0.000016 seconds.
  path: Assets/Assets/KayKit_ResourceBits_1.0_FREE/Assets/gltf/Iron_Bars_Stack_Medium.gltf
  artifactKey: Guid(161d4b4699176ab499469049f0b46aee) Importer(2089858483,b0f066a214c2f5e87bad3c948f4d605d)
Start importing Assets/Assets/KayKit_ResourceBits_1.0_FREE/Assets/gltf/Iron_Bars_Stack_Medium.gltf using Guid(161d4b4699176ab499469049f0b46aee) Importer(2089858483,b0f066a214c2f5e87bad3c948f4d605d) (ScriptedImporter) -> (artifact id: '925c7c4bb864abe26aa9a6bf86f832d1') in 0.0115031 seconds
Number of updated asset objects reloaded before import = 0Number of asset objects unloaded after import = 1

========================================================================
Received Import Request.
  Time since last request: 0.000016 seconds.
  path: Assets/Assets/KayKit_ResourceBits_1.0_FREE/Assets/gltf/Gold_Nugget_Small.bin
  artifactKey: Guid(791a812ec64635b4fa99b14881f43e2a) Importer(2089858483,b0f066a214c2f5e87bad3c948f4d605d)
Start importing Assets/Assets/KayKit_ResourceBits_1.0_FREE/Assets/gltf/Gold_Nugget_Small.bin using Guid(791a812ec64635b4fa99b14881f43e2a) Importer(2089858483,b0f066a214c2f5e87bad3c948f4d605d) (ScriptedImporter) -> (artifact id: 'd1cd5f9023d43b9566f110af17ce8842') in 0.0131572 seconds
Number of updated asset objects reloaded before import = 0Number of asset objects unloaded after import = 1

========================================================================
Received Import Request.
  Time since last request: 0.000018 seconds.
  path: Assets/Assets/KayKit_ResourceBits_1.0_FREE/Assets/fbx(unity)/Pallet_Wood_Covered_A.fbx
  artifactKey: Guid(b4ac7c468fe678e48b2ec6850138ea13) Importer(2089858483,b0f066a214c2f5e87bad3c948f4d605d)
Start importing Assets/Assets/KayKit_ResourceBits_1.0_FREE/Assets/fbx(unity)/Pallet_Wood_Covered_A.fbx using Guid(b4ac7c468fe678e48b2ec6850138ea13) Importer(2089858483,b0f066a214c2f5e87bad3c948f4d605d) (ScriptedImporter) -> (artifact id: '77fb90a1ba6b2eae33c950678c210d46') in 0.021867 seconds
Number of updated asset objects reloaded before import = 0Number of asset objects unloaded after import = 9

========================================================================
Received Import Request.
  Time since last request: 0.000030 seconds.
  path: Assets/Assets/KayKit_ResourceBits_1.0_FREE/Assets/gltf/Stone_Brick.bin
  artifactKey: Guid(85ff85c582ec4c845ac6c397505ca315) Importer(2089858483,b0f066a214c2f5e87bad3c948f4d605d)
Start importing Assets/Assets/KayKit_ResourceBits_1.0_FREE/Assets/gltf/Stone_Brick.bin using Guid(85ff85c582ec4c845ac6c397505ca315) Importer(2089858483,b0f066a214c2f5e87bad3c948f4d605d) (ScriptedImporter) -> (artifact id: '333c0029220ac478a802010dc2c0a94c') in 0.0104881 seconds
Number of updated asset objects reloaded before import = 0Number of asset objects unloaded after import = 1

========================================================================
Received Import Request.
  Time since last request: 0.000018 seconds.
  path: Assets/Assets/KayKit_ResourceBits_1.0_FREE/Assets/obj/Wood_Plank_A.obj
  artifactKey: Guid(17fc1772702ad52419b5c19b8bd6fc8c) Importer(2089858483,b0f066a214c2f5e87bad3c948f4d605d)
Start importing Assets/Assets/KayKit_ResourceBits_1.0_FREE/Assets/obj/Wood_Plank_A.obj using Guid(17fc1772702ad52419b5c19b8bd6fc8c) Importer(2089858483,b0f066a214c2f5e87bad3c948f4d605d) (ScriptedImporter) -> (artifact id: '82cf68637c78fc54eb0ebdc6e23abba1') in 0.0171184 seconds
Number of updated asset objects reloaded before import = 0Number of asset objects unloaded after import = 11

========================================================================
Received Import Request.
  Time since last request: 0.000017 seconds.
  path: Assets/Assets/KayKit_ResourceBits_1.0_FREE/Assets/gltf/Fuel_B_Jerrycan.bin
  artifactKey: Guid(2cf79c59113c0c8498ee5cc40f864420) Importer(2089858483,b0f066a214c2f5e87bad3c948f4d605d)
Start importing Assets/Assets/KayKit_ResourceBits_1.0_FREE/Assets/gltf/Fuel_B_Jerrycan.bin using Guid(2cf79c59113c0c8498ee5cc40f864420) Importer(2089858483,b0f066a214c2f5e87bad3c948f4d605d) (ScriptedImporter) -> (artifact id: 'e59f856269ca1fea61fee2e4418cdbe7') in 0.0098209 seconds
Number of updated asset objects reloaded before import = 0Number of asset objects unloaded after import = 1

========================================================================
Received Import Request.
  Time since last request: 0.000019 seconds.
  path: Assets/Assets/KayKit_ResourceBits_1.0_FREE/Assets/obj/Gold_Bars_Stack_Large.mtl
  artifactKey: Guid(52824b215854af445890447a2b25c4c7) Importer(2089858483,b0f066a214c2f5e87bad3c948f4d605d)
Start importing Assets/Assets/KayKit_ResourceBits_1.0_FREE/Assets/obj/Gold_Bars_Stack_Large.mtl using Guid(52824b215854af445890447a2b25c4c7) Importer(2089858483,b0f066a214c2f5e87bad3c948f4d605d) (ScriptedImporter) -> (artifact id: '7f098a0f6a3366e986842798de44a098') in 0.0108642 seconds
Number of updated asset objects reloaded before import = 0Number of asset objects unloaded after import = 1

========================================================================
Received Import Request.
  Time since last request: 0.000023 seconds.
  path: Assets/Assets/KayKit_ResourceBits_1.0_FREE/Assets/fbx/Pallet_Wood_Covered_B.fbx
  artifactKey: Guid(34ce7060156899f479ffb0762ccb3577) Importer(2089858483,b0f066a214c2f5e87bad3c948f4d605d)
Start importing Assets/Assets/KayKit_ResourceBits_1.0_FREE/Assets/fbx/Pallet_Wood_Covered_B.fbx using Guid(34ce7060156899f479ffb0762ccb3577) Importer(2089858483,b0f066a214c2f5e87bad3c948f4d605d) (ScriptedImporter) -> (artifact id: '5d1d7f27ba55ee12c501531e6d915909') in 0.0248629 seconds
Number of updated asset objects reloaded before import = 0Number of asset objects unloaded after import = 9

========================================================================
Received Import Request.
  Time since last request: 0.000031 seconds.
  path: Assets/Assets/KayKit_ResourceBits_1.0_FREE/Assets/obj/Stone_Chunks_Large.mtl
  artifactKey: Guid(1f292ce1edfb35d458ec4e444b00f079) Importer(2089858483,b0f066a214c2f5e87bad3c948f4d605d)
Start importing Assets/Assets/KayKit_ResourceBits_1.0_FREE/Assets/obj/Stone_Chunks_Large.mtl using Guid(1f292ce1edfb35d458ec4e444b00f079) Importer(2089858483,b0f066a214c2f5e87bad3c948f4d605d) (ScriptedImporter) -> (artifact id: '4c2f533af67fd383af384df2d1cc4325') in 0.0122628 seconds
Number of updated asset objects reloaded before import = 0Number of asset objects unloaded after import = 1

========================================================================
Received Import Request.
  Time since last request: 0.000016 seconds.
  path: Assets/Assets/KayKit_ResourceBits_1.0_FREE/Assets/gltf/Wood_Plank_C.bin
  artifactKey: Guid(097978422af712d44ad6c235e1910efb) Importer(2089858483,b0f066a214c2f5e87bad3c948f4d605d)
Start importing Assets/Assets/KayKit_ResourceBits_1.0_FREE/Assets/gltf/Wood_Plank_C.bin using Guid(097978422af712d44ad6c235e1910efb) Importer(2089858483,b0f066a214c2f5e87bad3c948f4d605d) (ScriptedImporter) -> (artifact id: 'd91623b6288e3fd613c4b090e048124b') in 0.0133996 seconds
Number of updated asset objects reloaded before import = 0Number of asset objects unloaded after import = 1

========================================================================
Received Import Request.
  Time since last request: 0.000020 seconds.
  path: Assets/Assets/KayKit_ResourceBits_1.0_FREE/Assets/gltf/Fuel_B_Barrel.bin
  artifactKey: Guid(892bd152b695888438c7d5c6cbd875ac) Importer(2089858483,b0f066a214c2f5e87bad3c948f4d605d)
Start importing Assets/Assets/KayKit_ResourceBits_1.0_FREE/Assets/gltf/Fuel_B_Barrel.bin using Guid(892bd152b695888438c7d5c6cbd875ac) Importer(2089858483,b0f066a214c2f5e87bad3c948f4d605d) (ScriptedImporter) -> (artifact id: '36f05b24f9087c084a83841421e3d51f') in 0.0123103 seconds
Number of updated asset objects reloaded before import = 0Number of asset objects unloaded after import = 1

========================================================================
Received Import Request.
  Time since last request: 0.000014 seconds.
  path: Assets/Assets/KayKit_ResourceBits_1.0_FREE/Assets/fbx(unity)/Wood_Planks_Stack_Medium.fbx
  artifactKey: Guid(3f85536ed891754439e3cf1df550fb48) Importer(2089858483,b0f066a214c2f5e87bad3c948f4d605d)
Start importing Assets/Assets/KayKit_ResourceBits_1.0_FREE/Assets/fbx(unity)/Wood_Planks_Stack_Medium.fbx using Guid(3f85536ed891754439e3cf1df550fb48) Importer(2089858483,b0f066a214c2f5e87bad3c948f4d605d) (ScriptedImporter) -> (artifact id: '8e9473c8a86607d6b60c48df8f1b70aa') in 0.0249012 seconds
Number of updated asset objects reloaded before import = 0Number of asset objects unloaded after import = 9

========================================================================
Received Import Request.
  Time since last request: 0.000019 seconds.
  path: Assets/Assets/KayKit_ResourceBits_1.0_FREE/Assets/fbx/Fuel_A_Jerrycan.fbx
  artifactKey: Guid(44cf96028d88ec244842ad555528887f) Importer(2089858483,b0f066a214c2f5e87bad3c948f4d605d)
Start importing Assets/Assets/KayKit_ResourceBits_1.0_FREE/Assets/fbx/Fuel_A_Jerrycan.fbx using Guid(44cf96028d88ec244842ad555528887f) Importer(2089858483,b0f066a214c2f5e87bad3c948f4d605d) (ScriptedImporter) -> (artifact id: '9b10b3574f000d58f63d8d4046514382') in 0.0222254 seconds
Number of updated asset objects reloaded before import = 0Number of asset objects unloaded after import = 9

========================================================================
Received Import Request.
  Time since last request: 0.000025 seconds.
  path: Assets/Assets/KayKit_ResourceBits_1.0_FREE/Assets/fbx/Gold_Bars_Stack_Large.fbx
  artifactKey: Guid(e55efde412022e645a28523d825c8b52) Importer(2089858483,b0f066a214c2f5e87bad3c948f4d605d)
Start importing Assets/Assets/KayKit_ResourceBits_1.0_FREE/Assets/fbx/Gold_Bars_Stack_Large.fbx using Guid(e55efde412022e645a28523d825c8b52) Importer(2089858483,b0f066a214c2f5e87bad3c948f4d605d) (ScriptedImporter) -> (artifact id: 'e9dda6e63e9081f97b721371305f9672') in 0.0225414 seconds
Number of updated asset objects reloaded before import = 0Number of asset objects unloaded after import = 9

========================================================================
Received Import Request.
  Time since last request: 0.000021 seconds.
  path: Assets/Assets/KayKit_ResourceBits_1.0_FREE/Assets/fbx(unity)/Fuel_B_Barrels.fbx
  artifactKey: Guid(6a792b134b6fe11408613944a7891597) Importer(2089858483,b0f066a214c2f5e87bad3c948f4d605d)
Start importing Assets/Assets/KayKit_ResourceBits_1.0_FREE/Assets/fbx(unity)/Fuel_B_Barrels.fbx using Guid(6a792b134b6fe11408613944a7891597) Importer(2089858483,b0f066a214c2f5e87bad3c948f4d605d) (ScriptedImporter) -> (artifact id: '939eeddbcca81e99dda41c22c0f13eac') in 0.0177457 seconds
Number of updated asset objects reloaded before import = 0Number of asset objects unloaded after import = 9

========================================================================
Received Import Request.
  Time since last request: 0.000022 seconds.
  path: Assets/Assets/KayKit_ResourceBits_1.0_FREE/Assets/fbx(unity)/Fuel_A_Barrels.fbx
  artifactKey: Guid(b1ac5c41be4bf044091be417557ed2a0) Importer(2089858483,b0f066a214c2f5e87bad3c948f4d605d)
Start importing Assets/Assets/KayKit_ResourceBits_1.0_FREE/Assets/fbx(unity)/Fuel_A_Barrels.fbx using Guid(b1ac5c41be4bf044091be417557ed2a0) Importer(2089858483,b0f066a214c2f5e87bad3c948f4d605d) (ScriptedImporter) -> (artifact id: '618937329282e03b4f068b9df1973f2f') in 0.0217489 seconds
Number of updated asset objects reloaded before import = 0Number of asset objects unloaded after import = 9

========================================================================
Received Import Request.
  Time since last request: 0.000030 seconds.
  path: Assets/Assets/KayKit_ResourceBits_1.0_FREE/Assets/gltf/Copper_Bars_Stack_Large.bin
  artifactKey: Guid(dad6a0ce4b679214f8b88e50886c4504) Importer(2089858483,b0f066a214c2f5e87bad3c948f4d605d)
Start importing Assets/Assets/KayKit_ResourceBits_1.0_FREE/Assets/gltf/Copper_Bars_Stack_Large.bin using Guid(dad6a0ce4b679214f8b88e50886c4504) Importer(2089858483,b0f066a214c2f5e87bad3c948f4d605d) (ScriptedImporter) -> (artifact id: 'df39eb4207a1cdc5b57f0afeb59d3dd0') in 0.0136378 seconds
Number of updated asset objects reloaded before import = 0Number of asset objects unloaded after import = 1

========================================================================
Received Import Request.
  Time since last request: 0.000025 seconds.
  path: Assets/Assets/KayKit_ResourceBits_1.0_FREE
  artifactKey: Guid(72e2bbc7fc092cb47b293debbc2b4ccb) Importer(2089858483,b0f066a214c2f5e87bad3c948f4d605d)
Start importing Assets/Assets/KayKit_ResourceBits_1.0_FREE using Guid(72e2bbc7fc092cb47b293debbc2b4ccb) Importer(2089858483,b0f066a214c2f5e87bad3c948f4d605d) (ScriptedImporter) -> (artifact id: '0946d846da7098854f2ff50777cbfa42') in 0.0115148 seconds
Number of updated asset objects reloaded before import = 0Number of asset objects unloaded after import = 1

========================================================================
Received Import Request.
  Time since last request: 0.000016 seconds.
  path: Assets/Assets/KayKit_ResourceBits_1.0_FREE/Assets/fbx/Wood_Log_B.fbx
  artifactKey: Guid(f0dc1ac60a24cde42b65a7f8a42c64c3) Importer(2089858483,b0f066a214c2f5e87bad3c948f4d605d)
Start importing Assets/Assets/KayKit_ResourceBits_1.0_FREE/Assets/fbx/Wood_Log_B.fbx using Guid(f0dc1ac60a24cde42b65a7f8a42c64c3) Importer(2089858483,b0f066a214c2f5e87bad3c948f4d605d) (ScriptedImporter) -> (artifact id: 'e26603c8d379108b84c92b0b2154daad') in 0.0214361 seconds
Number of updated asset objects reloaded before import = 0Number of asset objects unloaded after import = 9

========================================================================
Received Import Request.
  Time since last request: 0.000019 seconds.
  path: Assets/Assets/KayKit_ResourceBits_1.0_FREE/Assets/obj/Stone_Brick.obj
  artifactKey: Guid(6e60bf918864407419557fc60f736192) Importer(2089858483,b0f066a214c2f5e87bad3c948f4d605d)
Start importing Assets/Assets/KayKit_ResourceBits_1.0_FREE/Assets/obj/Stone_Brick.obj using Guid(6e60bf918864407419557fc60f736192) Importer(2089858483,b0f066a214c2f5e87bad3c948f4d605d) (ScriptedImporter) -> (artifact id: '942fab6c6fc4a61e1b8215e2d359fb3d') in 0.023836 seconds
Number of updated asset objects reloaded before import = 0Number of asset objects unloaded after import = 11

========================================================================
Received Import Request.
  Time since last request: 0.633079 seconds.
  path: Assets/UI/Menu.uss
  artifactKey: Guid(38a06a499f722df4a8498e479b625db7) Importer(2089858483,b0f066a214c2f5e87bad3c948f4d605d)
Start importing Assets/UI/Menu.uss using Guid(38a06a499f722df4a8498e479b625db7) Importer(2089858483,b0f066a214c2f5e87bad3c948f4d605d) (ScriptedImporter) -> (artifact id: 'bd838931a548547231d37e79f53a415c') in 0.0306197 seconds
Number of updated asset objects reloaded before import = 0Number of asset objects unloaded after import = 1

========================================================================
Received Import Request.
  Time since last request: 313.645646 seconds.
  path: Assets/UI/Menu.uss
  artifactKey: Guid(38a06a499f722df4a8498e479b625db7) Importer(2089858483,b0f066a214c2f5e87bad3c948f4d605d)
Start importing Assets/UI/Menu.uss using Guid(38a06a499f722df4a8498e479b625db7) Importer(2089858483,b0f066a214c2f5e87bad3c948f4d605d) (ScriptedImporter) -> (artifact id: '48fd9973b208c8561e4187cae7f9b4cc') in 0.0135261 seconds
Number of updated asset objects reloaded before import = 0Number of asset objects unloaded after import = 1

========================================================================
Received Import Request.
  Time since last request: 128.868525 seconds.
  path: Assets/UI/Menu.uss
  artifactKey: Guid(38a06a499f722df4a8498e479b625db7) Importer(2089858483,b0f066a214c2f5e87bad3c948f4d605d)
Start importing Assets/UI/Menu.uss using Guid(38a06a499f722df4a8498e479b625db7) Importer(2089858483,b0f066a214c2f5e87bad3c948f4d605d) (ScriptedImporter) -> (artifact id: 'b2e52e4230b7f2f6774fcb8d5548bf23') in 0.0119955 seconds
Number of updated asset objects reloaded before import = 0Number of asset objects unloaded after import = 1

========================================================================
Received Import Request.
  Time since last request: 19.085944 seconds.
  path: Assets/Assets/KayKit_ResourceBits_1.0_FREE/Assets/obj/Copper_Bars.obj
  artifactKey: Guid(e160bbe25b187304798ed386e595ae47) Importer(815301076,1909f56bfc062723c751e8b465ee728b)
Start importing Assets/Assets/KayKit_ResourceBits_1.0_FREE/Assets/obj/Copper_Bars.obj using Guid(e160bbe25b187304798ed386e595ae47) Importer(815301076,1909f56bfc062723c751e8b465ee728b) (PreviewImporter) -> (artifact id: '69ea5f7218a7f66baf45292496b96221') in 6.4730743 seconds
Number of updated asset objects reloaded before import = 0Number of asset objects unloaded after import = 11

========================================================================
Received Import Request.
  Time since last request: 0.000035 seconds.
  path: Assets/Assets/KayKit_ResourceBits_1.0_FREE/Assets/fbx(unity)/Silver_Bars.fbx
  artifactKey: Guid(edcdac2c086aa24499d70d33bf2340bf) Importer(815301076,1909f56bfc062723c751e8b465ee728b)
Start importing Assets/Assets/KayKit_ResourceBits_1.0_FREE/Assets/fbx(unity)/Silver_Bars.fbx using Guid(edcdac2c086aa24499d70d33bf2340bf) Importer(815301076,1909f56bfc062723c751e8b465ee728b) (PreviewImporter) -> (artifact id: '025293b4f9b60537df8d8527e5e9bacd') in 0.029269 seconds
Number of updated asset objects reloaded before import = 0Number of asset objects unloaded after import = 9

========================================================================
Received Import Request.
  Time since last request: 0.000037 seconds.
  path: Assets/Assets/KayKit_ResourceBits_1.0_FREE/Assets/fbx(unity)/Textiles_Stack_Large_Colored.fbx
  artifactKey: Guid(517dffd0d1a81994495a99845feef0bd) Importer(815301076,1909f56bfc062723c751e8b465ee728b)
Start importing Assets/Assets/KayKit_ResourceBits_1.0_FREE/Assets/fbx(unity)/Textiles_Stack_Large_Colored.fbx using Guid(517dffd0d1a81994495a99845feef0bd) Importer(815301076,1909f56bfc062723c751e8b465ee728b) (PreviewImporter) -> (artifact id: 'e5a98c3fb8b57e14a71df63414aa531b') in 0.0272353 seconds
Number of updated asset objects reloaded before import = 0Number of asset objects unloaded after import = 9

========================================================================
Received Import Request.
  Time since last request: 0.000033 seconds.
  path: Assets/Assets/KayKit_ResourceBits_1.0_FREE/Assets/fbx(unity)/Gold_Nugget_Medium.fbx
  artifactKey: Guid(460698a57a5df7e41a34de17d9609eed) Importer(815301076,1909f56bfc062723c751e8b465ee728b)
Start importing Assets/Assets/KayKit_ResourceBits_1.0_FREE/Assets/fbx(unity)/Gold_Nugget_Medium.fbx using Guid(460698a57a5df7e41a34de17d9609eed) Importer(815301076,1909f56bfc062723c751e8b465ee728b) (PreviewImporter) -> (artifact id: '6f3234dca1032cf8d7979b69a876ca00') in 0.0281475 seconds
Number of updated asset objects reloaded before import = 0Number of asset objects unloaded after import = 9

========================================================================
Received Import Request.
  Time since last request: 0.000027 seconds.
  path: Assets/Assets/KayKit_ResourceBits_1.0_FREE/Assets/fbx(unity)/Copper_Nugget_Medium.fbx
  artifactKey: Guid(b0c9dd2623a273247817e3837d7e311f) Importer(815301076,1909f56bfc062723c751e8b465ee728b)
Start importing Assets/Assets/KayKit_ResourceBits_1.0_FREE/Assets/fbx(unity)/Copper_Nugget_Medium.fbx using Guid(b0c9dd2623a273247817e3837d7e311f) Importer(815301076,1909f56bfc062723c751e8b465ee728b) (PreviewImporter) -> (artifact id: '02221c81ed413de7ad1824dd3be185d4') in 0.0253863 seconds
Number of updated asset objects reloaded before import = 0Number of asset objects unloaded after import = 9

========================================================================
Received Import Request.
  Time since last request: 0.000028 seconds.
  path: Assets/Assets/KayKit_ResourceBits_1.0_FREE/Assets/obj/Fuel_B_Barrels.obj
  artifactKey: Guid(7eb656f57901ea44ba41294288ddd720) Importer(815301076,1909f56bfc062723c751e8b465ee728b)
Start importing Assets/Assets/KayKit_ResourceBits_1.0_FREE/Assets/obj/Fuel_B_Barrels.obj using Guid(7eb656f57901ea44ba41294288ddd720) Importer(815301076,1909f56bfc062723c751e8b465ee728b) (PreviewImporter) -> (artifact id: 'b6340ec3b95f801e3038b2ea42cf6617') in 0.0341511 seconds
Number of updated asset objects reloaded before import = 0Number of asset objects unloaded after import = 11

========================================================================
Received Import Request.
  Time since last request: 0.000039 seconds.
  path: Assets/Assets/KayKit_ResourceBits_1.0_FREE/Assets/obj/Gold_Nugget_Large.obj
  artifactKey: Guid(acb4f91a9992983499d1f491557f01a9) Importer(815301076,1909f56bfc062723c751e8b465ee728b)
Start importing Assets/Assets/KayKit_ResourceBits_1.0_FREE/Assets/obj/Gold_Nugget_Large.obj using Guid(acb4f91a9992983499d1f491557f01a9) Importer(815301076,1909f56bfc062723c751e8b465ee728b) (PreviewImporter) -> (artifact id: '912efa7876df42e6bd0fad90895e0aa2') in 0.0303688 seconds
Number of updated asset objects reloaded before import = 0Number of asset objects unloaded after import = 11

========================================================================
Received Import Request.
  Time since last request: 0.000046 seconds.
  path: Assets/Assets/KayKit_ResourceBits_1.0_FREE/Assets/fbx(unity)/Iron_Bar.fbx
  artifactKey: Guid(6cffc4498b5b6ba4aaa545c9a49b4f0c) Importer(815301076,1909f56bfc062723c751e8b465ee728b)
Start importing Assets/Assets/KayKit_ResourceBits_1.0_FREE/Assets/fbx(unity)/Iron_Bar.fbx using Guid(6cffc4498b5b6ba4aaa545c9a49b4f0c) Importer(815301076,1909f56bfc062723c751e8b465ee728b) (PreviewImporter) -> (artifact id: 'c7404c2c074b5f0b7ec8c158da70a168') in 0.0283773 seconds
Number of updated asset objects reloaded before import = 0Number of asset objects unloaded after import = 9

========================================================================
Received Import Request.
  Time since last request: 0.000028 seconds.
  path: Assets/Assets/KayKit_ResourceBits_1.0_FREE/Assets/fbx(unity)/Pallet_Wood_Covered_B.fbx
  artifactKey: Guid(8929d7d34e0fb984fb394bf68d565e2d) Importer(815301076,1909f56bfc062723c751e8b465ee728b)
Start importing Assets/Assets/KayKit_ResourceBits_1.0_FREE/Assets/fbx(unity)/Pallet_Wood_Covered_B.fbx using Guid(8929d7d34e0fb984fb394bf68d565e2d) Importer(815301076,1909f56bfc062723c751e8b465ee728b) (PreviewImporter) -> (artifact id: '9a5b80aa1695de171b40403b22755591') in 0.0300994 seconds
Number of updated asset objects reloaded before import = 0Number of asset objects unloaded after import = 9

========================================================================
Received Import Request.
  Time since last request: 0.000064 seconds.
  path: Assets/Assets/KayKit_ResourceBits_1.0_FREE/Assets/obj/Fuel_B_Barrel.obj
  artifactKey: Guid(7ce69042bbd72c142badc0a57bf8d3e7) Importer(815301076,1909f56bfc062723c751e8b465ee728b)
Start importing Assets/Assets/KayKit_ResourceBits_1.0_FREE/Assets/obj/Fuel_B_Barrel.obj using Guid(7ce69042bbd72c142badc0a57bf8d3e7) Importer(815301076,1909f56bfc062723c751e8b465ee728b) (PreviewImporter) -> (artifact id: 'abcac60839920f03f8ec9ed5f29b06c0') in 0.0331151 seconds
Number of updated asset objects reloaded before import = 0Number of asset objects unloaded after import = 11

========================================================================
Received Import Request.
  Time since last request: 0.000034 seconds.
  path: Assets/Assets/KayKit_ResourceBits_1.0_FREE/Assets/fbx(unity)/Fuel_B_Barrels.fbx
  artifactKey: Guid(6a792b134b6fe11408613944a7891597) Importer(815301076,1909f56bfc062723c751e8b465ee728b)
Start importing Assets/Assets/KayKit_ResourceBits_1.0_FREE/Assets/fbx(unity)/Fuel_B_Barrels.fbx using Guid(6a792b134b6fe11408613944a7891597) Importer(815301076,1909f56bfc062723c751e8b465ee728b) (PreviewImporter) -> (artifact id: '65d83642bb43832dea070c70fd04d274') in 0.0277164 seconds
Number of updated asset objects reloaded before import = 0Number of asset objects unloaded after import = 9

========================================================================
Received Import Request.
  Time since last request: 0.000023 seconds.
  path: Assets/Assets/KayKit_ResourceBits_1.0_FREE/Assets/obj/Iron_Bars.obj
  artifactKey: Guid(fee2715c241adfa43adf3d03eabf23cb) Importer(815301076,1909f56bfc062723c751e8b465ee728b)
Start importing Assets/Assets/KayKit_ResourceBits_1.0_FREE/Assets/obj/Iron_Bars.obj using Guid(fee2715c241adfa43adf3d03eabf23cb) Importer(815301076,1909f56bfc062723c751e8b465ee728b) (PreviewImporter) -> (artifact id: '80e3fcbd0a3d947a81e630c30b167bdb') in 0.0331422 seconds
Number of updated asset objects reloaded before import = 0Number of asset objects unloaded after import = 11

========================================================================
Received Import Request.
  Time since last request: 0.000035 seconds.
  path: Assets/Assets/KayKit_ResourceBits_1.0_FREE/Assets/fbx(unity)/Parts_Pile_Large.fbx
  artifactKey: Guid(336bea0cc5d269a46b55448209a8968b) Importer(815301076,1909f56bfc062723c751e8b465ee728b)
Start importing Assets/Assets/KayKit_ResourceBits_1.0_FREE/Assets/fbx(unity)/Parts_Pile_Large.fbx using Guid(336bea0cc5d269a46b55448209a8968b) Importer(815301076,1909f56bfc062723c751e8b465ee728b) (PreviewImporter) -> (artifact id: '328548617fc7662b41fa67d82eab16cb') in 0.0247772 seconds
Number of updated asset objects reloaded before import = 0Number of asset objects unloaded after import = 9

========================================================================
Received Import Request.
  Time since last request: 0.000031 seconds.
  path: Assets/Assets/KayKit_ResourceBits_1.0_FREE/Assets/fbx(unity)/Gold_Nugget_Small.fbx
  artifactKey: Guid(2d647632fb1706947861bdca31abd69f) Importer(815301076,1909f56bfc062723c751e8b465ee728b)
Start importing Assets/Assets/KayKit_ResourceBits_1.0_FREE/Assets/fbx(unity)/Gold_Nugget_Small.fbx using Guid(2d647632fb1706947861bdca31abd69f) Importer(815301076,1909f56bfc062723c751e8b465ee728b) (PreviewImporter) -> (artifact id: '44dd8b287271d29851a3b877da9d8b8e') in 0.0246289 seconds
Number of updated asset objects reloaded before import = 0Number of asset objects unloaded after import = 9

========================================================================
Received Import Request.
  Time since last request: 0.000040 seconds.
  path: Assets/Assets/KayKit_ResourceBits_1.0_FREE/Assets/obj/Gold_Bars_Stack_Large.obj
  artifactKey: Guid(5188bd45bb951d94f909b3d1cc679c87) Importer(815301076,1909f56bfc062723c751e8b465ee728b)
Start importing Assets/Assets/KayKit_ResourceBits_1.0_FREE/Assets/obj/Gold_Bars_Stack_Large.obj using Guid(5188bd45bb951d94f909b3d1cc679c87) Importer(815301076,1909f56bfc062723c751e8b465ee728b) (PreviewImporter) -> (artifact id: 'e2ca00d68ae71af572da97bda7f4f535') in 0.0319596 seconds
Number of updated asset objects reloaded before import = 0Number of asset objects unloaded after import = 11

========================================================================
Received Import Request.
  Time since last request: 0.000026 seconds.
  path: Assets/Assets/KayKit_ResourceBits_1.0_FREE/Assets/fbx(unity)/Gold_Nugget_Large.fbx
  artifactKey: Guid(a030bdf66531f504c82a1b930abf571e) Importer(815301076,1909f56bfc062723c751e8b465ee728b)
Start importing Assets/Assets/KayKit_ResourceBits_1.0_FREE/Assets/fbx(unity)/Gold_Nugget_Large.fbx using Guid(a030bdf66531f504c82a1b930abf571e) Importer(815301076,1909f56bfc062723c751e8b465ee728b) (PreviewImporter) -> (artifact id: '5f0eaea87f50892c68bfcf41314aeb75') in 0.0303172 seconds
Number of updated asset objects reloaded before import = 0Number of asset objects unloaded after import = 9

========================================================================
Received Import Request.
  Time since last request: 0.000029 seconds.
  path: Assets/Assets/KayKit_ResourceBits_1.0_FREE/Assets/obj/Fuel_A_Barrel_Dirty.obj
  artifactKey: Guid(8e10799b287c59d45822531c02a61587) Importer(815301076,1909f56bfc062723c751e8b465ee728b)
Start importing Assets/Assets/KayKit_ResourceBits_1.0_FREE/Assets/obj/Fuel_A_Barrel_Dirty.obj using Guid(8e10799b287c59d45822531c02a61587) Importer(815301076,1909f56bfc062723c751e8b465ee728b) (PreviewImporter) -> (artifact id: 'd38ce5078619e1950762fc405593ef8f') in 0.0301823 seconds
Number of updated asset objects reloaded before import = 0Number of asset objects unloaded after import = 11

========================================================================
Received Import Request.
  Time since last request: 0.000036 seconds.
  path: Assets/Assets/KayKit_ResourceBits_1.0_FREE/Assets/fbx(unity)/Gold_Bars_Stack_Small.fbx
  artifactKey: Guid(c1fcd3ec08aa9ee4196977a321739b04) Importer(815301076,1909f56bfc062723c751e8b465ee728b)
Start importing Assets/Assets/KayKit_ResourceBits_1.0_FREE/Assets/fbx(unity)/Gold_Bars_Stack_Small.fbx using Guid(c1fcd3ec08aa9ee4196977a321739b04) Importer(815301076,1909f56bfc062723c751e8b465ee728b) (PreviewImporter) -> (artifact id: '70c77ef286479d4ac5e1c28da7777617') in 0.0243608 seconds
Number of updated asset objects reloaded before import = 0Number of asset objects unloaded after import = 9

========================================================================
Received Import Request.
  Time since last request: 0.000031 seconds.
  path: Assets/Assets/KayKit_ResourceBits_1.0_FREE/Assets/fbx(unity)/Stone_Bricks_Stack_Small.fbx
  artifactKey: Guid(d46a545f61f1b754383df9359de99963) Importer(815301076,1909f56bfc062723c751e8b465ee728b)
Start importing Assets/Assets/KayKit_ResourceBits_1.0_FREE/Assets/fbx(unity)/Stone_Bricks_Stack_Small.fbx using Guid(d46a545f61f1b754383df9359de99963) Importer(815301076,1909f56bfc062723c751e8b465ee728b) (PreviewImporter) -> (artifact id: 'bc9a217e6f399c63665196d7f681fdd8') in 0.0294993 seconds
Number of updated asset objects reloaded before import = 0Number of asset objects unloaded after import = 9

========================================================================
Received Import Request.
  Time since last request: 0.000030 seconds.
  path: Assets/Assets/KayKit_ResourceBits_1.0_FREE/Assets/fbx(unity)/Iron_Bars_Stack_Small.fbx
  artifactKey: Guid(aa5728a7f01c66a4196a054ad9005fb4) Importer(815301076,1909f56bfc062723c751e8b465ee728b)
Start importing Assets/Assets/KayKit_ResourceBits_1.0_FREE/Assets/fbx(unity)/Iron_Bars_Stack_Small.fbx using Guid(aa5728a7f01c66a4196a054ad9005fb4) Importer(815301076,1909f56bfc062723c751e8b465ee728b) (PreviewImporter) -> (artifact id: '2ff5688a43de8c2bac44859843c3edf8') in 0.0239226 seconds
Number of updated asset objects reloaded before import = 0Number of asset objects unloaded after import = 9

========================================================================
Received Import Request.
  Time since last request: 0.000034 seconds.
  path: Assets/Assets/KayKit_ResourceBits_1.0_FREE/Assets/fbx(unity)/Wood_Planks_Stack_Large.fbx
  artifactKey: Guid(4841625260883fb4a8eac0530f61d280) Importer(815301076,1909f56bfc062723c751e8b465ee728b)
Start importing Assets/Assets/KayKit_ResourceBits_1.0_FREE/Assets/fbx(unity)/Wood_Planks_Stack_Large.fbx using Guid(4841625260883fb4a8eac0530f61d280) Importer(815301076,1909f56bfc062723c751e8b465ee728b) (PreviewImporter) -> (artifact id: '1245e9df37a871c50d24354d0b0e34c7') in 0.0275069 seconds
Number of updated asset objects reloaded before import = 0Number of asset objects unloaded after import = 9

========================================================================
Received Import Request.
  Time since last request: 0.000035 seconds.
  path: Assets/Assets/KayKit_ResourceBits_1.0_FREE/Assets/fbx(unity)
  artifactKey: Guid(e6798a9c11caca44f819c2e34a3894d4) Importer(815301076,1909f56bfc062723c751e8b465ee728b)
Start importing Assets/Assets/KayKit_ResourceBits_1.0_FREE/Assets/fbx(unity) using Guid(e6798a9c11caca44f819c2e34a3894d4) Importer(815301076,1909f56bfc062723c751e8b465ee728b) (PreviewImporter) -> (artifact id: '96e5a792eb9e0e152f8a64d864a666c2') in 0.0006037 seconds
Number of updated asset objects reloaded before import = 0Number of asset objects unloaded after import = 0

========================================================================
Received Import Request.
  Time since last request: 0.000051 seconds.
  path: Assets/Assets/KayKit_ResourceBits_1.0_FREE/Assets/obj/Fuel_B_Jerrycan.obj
  artifactKey: Guid(04774b1eeb2a37e46a1c9882ac297f22) Importer(815301076,1909f56bfc062723c751e8b465ee728b)
Start importing Assets/Assets/KayKit_ResourceBits_1.0_FREE/Assets/obj/Fuel_B_Jerrycan.obj using Guid(04774b1eeb2a37e46a1c9882ac297f22) Importer(815301076,1909f56bfc062723c751e8b465ee728b) (PreviewImporter) -> (artifact id: '15c22adf1db8ac9b496adf41118641a6') in 0.0369566 seconds
Number of updated asset objects reloaded before import = 0Number of asset objects unloaded after import = 11

========================================================================
Received Import Request.
  Time since last request: 0.000031 seconds.
  path: Assets/Assets/KayKit_ResourceBits_1.0_FREE/Assets/fbx(unity)/Silver_Nugget_Medium.fbx
  artifactKey: Guid(35bd80a09a41bf741a296f05bd0271a3) Importer(815301076,1909f56bfc062723c751e8b465ee728b)
Start importing Assets/Assets/KayKit_ResourceBits_1.0_FREE/Assets/fbx(unity)/Silver_Nugget_Medium.fbx using Guid(35bd80a09a41bf741a296f05bd0271a3) Importer(815301076,1909f56bfc062723c751e8b465ee728b) (PreviewImporter) -> (artifact id: 'e638662b0bdde3970288003e12cc7ece') in 0.0263006 seconds
Number of updated asset objects reloaded before import = 0Number of asset objects unloaded after import = 9

========================================================================
Received Import Request.
  Time since last request: 0.000028 seconds.
  path: Assets/Assets/KayKit_ResourceBits_1.0_FREE/Assets/fbx(unity)/Copper_Nugget_Large.fbx
  artifactKey: Guid(0f35d565bcd46934aa1bbe29f6d318eb) Importer(815301076,1909f56bfc062723c751e8b465ee728b)
Start importing Assets/Assets/KayKit_ResourceBits_1.0_FREE/Assets/fbx(unity)/Copper_Nugget_Large.fbx using Guid(0f35d565bcd46934aa1bbe29f6d318eb) Importer(815301076,1909f56bfc062723c751e8b465ee728b) (PreviewImporter) -> (artifact id: '422dbe01316c67d70feefd1ccf9adf78') in 0.0272104 seconds
Number of updated asset objects reloaded before import = 0Number of asset objects unloaded after import = 9

========================================================================
Received Import Request.
  Time since last request: 0.000033 seconds.
  path: Assets/Assets/KayKit_ResourceBits_1.0_FREE/Assets/obj/Gold_Bar.obj
  artifactKey: Guid(6fa28c73e343cdc45b708b5bc4a2cdac) Importer(815301076,1909f56bfc062723c751e8b465ee728b)
Start importing Assets/Assets/KayKit_ResourceBits_1.0_FREE/Assets/obj/Gold_Bar.obj using Guid(6fa28c73e343cdc45b708b5bc4a2cdac) Importer(815301076,1909f56bfc062723c751e8b465ee728b) (PreviewImporter) -> (artifact id: '2735772b1241ea999800d0620c378e04') in 0.032462 seconds
Number of updated asset objects reloaded before import = 0Number of asset objects unloaded after import = 11

========================================================================
Received Import Request.
  Time since last request: 0.000041 seconds.
  path: Assets/Assets/KayKit_ResourceBits_1.0_FREE/Assets/fbx(unity)/Pallet_Wood_Covered_A.fbx
  artifactKey: Guid(b4ac7c468fe678e48b2ec6850138ea13) Importer(815301076,1909f56bfc062723c751e8b465ee728b)
Start importing Assets/Assets/KayKit_ResourceBits_1.0_FREE/Assets/fbx(unity)/Pallet_Wood_Covered_A.fbx using Guid(b4ac7c468fe678e48b2ec6850138ea13) Importer(815301076,1909f56bfc062723c751e8b465ee728b) (PreviewImporter) -> (artifact id: '2ecc29ef345bff082103b4049979f724') in 0.0306088 seconds
Number of updated asset objects reloaded before import = 0Number of asset objects unloaded after import = 9

========================================================================
Received Import Request.
  Time since last request: 0.000046 seconds.
  path: Assets/Assets/KayKit_ResourceBits_1.0_FREE/Assets/fbx(unity)/Parts_Pile_Medium.fbx
  artifactKey: Guid(915b7388838853f48bd8c64365b42e1f) Importer(815301076,1909f56bfc062723c751e8b465ee728b)
Start importing Assets/Assets/KayKit_ResourceBits_1.0_FREE/Assets/fbx(unity)/Parts_Pile_Medium.fbx using Guid(915b7388838853f48bd8c64365b42e1f) Importer(815301076,1909f56bfc062723c751e8b465ee728b) (PreviewImporter) -> (artifact id: '70781523ec3c37c81f270e773f7bc566') in 0.0264568 seconds
Number of updated asset objects reloaded before import = 0Number of asset objects unloaded after import = 9

========================================================================
Received Import Request.
  Time since last request: 0.000031 seconds.
  path: Assets/Assets/KayKit_ResourceBits_1.0_FREE/Assets/fbx(unity)/Fuel_A_Barrels.fbx
  artifactKey: Guid(b1ac5c41be4bf044091be417557ed2a0) Importer(815301076,1909f56bfc062723c751e8b465ee728b)
Start importing Assets/Assets/KayKit_ResourceBits_1.0_FREE/Assets/fbx(unity)/Fuel_A_Barrels.fbx using Guid(b1ac5c41be4bf044091be417557ed2a0) Importer(815301076,1909f56bfc062723c751e8b465ee728b) (PreviewImporter) -> (artifact id: '38b2b99714ff849fc61d31f62d7aa779') in 0.0273506 seconds
Number of updated asset objects reloaded before import = 0Number of asset objects unloaded after import = 9

========================================================================
Received Import Request.
  Time since last request: 0.000029 seconds.
  path: Assets/Assets/KayKit_ResourceBits_1.0_FREE/Assets/fbx(unity)/Fuel_B_Barrel.fbx
  artifactKey: Guid(6e5648cfa5251514cb16770ca8934b62) Importer(815301076,1909f56bfc062723c751e8b465ee728b)
Start importing Assets/Assets/KayKit_ResourceBits_1.0_FREE/Assets/fbx(unity)/Fuel_B_Barrel.fbx using Guid(6e5648cfa5251514cb16770ca8934b62) Importer(815301076,1909f56bfc062723c751e8b465ee728b) (PreviewImporter) -> (artifact id: '29d07cc54a61ba8de796ceeccc02b8c2') in 0.0308156 seconds
Number of updated asset objects reloaded before import = 0Number of asset objects unloaded after import = 9

========================================================================
Received Import Request.
  Time since last request: 0.000036 seconds.
  path: Assets/Assets/KayKit_ResourceBits_1.0_FREE/Assets/obj/Gold_Bars_Stack_Small.obj
  artifactKey: Guid(26e725f52a601094abf344b0d609226d) Importer(815301076,1909f56bfc062723c751e8b465ee728b)
Start importing Assets/Assets/KayKit_ResourceBits_1.0_FREE/Assets/obj/Gold_Bars_Stack_Small.obj using Guid(26e725f52a601094abf344b0d609226d) Importer(815301076,1909f56bfc062723c751e8b465ee728b) (PreviewImporter) -> (artifact id: '4d410ac0d42fb4631372aea580344de4') in 0.0288238 seconds
Number of updated asset objects reloaded before import = 0Number of asset objects unloaded after import = 11

========================================================================
Received Import Request.
  Time since last request: 0.000023 seconds.
  path: Assets/Assets/KayKit_ResourceBits_1.0_FREE/Assets/fbx(unity)/Iron_Nugget_Large.fbx
  artifactKey: Guid(9a92f6ed4a24f98488d1382a6e77d7d4) Importer(815301076,1909f56bfc062723c751e8b465ee728b)
Start importing Assets/Assets/KayKit_ResourceBits_1.0_FREE/Assets/fbx(unity)/Iron_Nugget_Large.fbx using Guid(9a92f6ed4a24f98488d1382a6e77d7d4) Importer(815301076,1909f56bfc062723c751e8b465ee728b) (PreviewImporter) -> (artifact id: 'f966bf7d1b2d7915291ba231dfa48665') in 0.0256037 seconds
Number of updated asset objects reloaded before import = 0Number of asset objects unloaded after import = 9

========================================================================
Received Import Request.
  Time since last request: 0.000029 seconds.
  path: Assets/Assets/KayKit_ResourceBits_1.0_FREE/Assets/fbx(unity)/Stone_Chunks_Small.fbx
  artifactKey: Guid(d894b914e16a0b142b9adb50b3bfb7e1) Importer(815301076,1909f56bfc062723c751e8b465ee728b)
Start importing Assets/Assets/KayKit_ResourceBits_1.0_FREE/Assets/fbx(unity)/Stone_Chunks_Small.fbx using Guid(d894b914e16a0b142b9adb50b3bfb7e1) Importer(815301076,1909f56bfc062723c751e8b465ee728b) (PreviewImporter) -> (artifact id: '998cd310b891258d87470e42fcfba5fb') in 0.0274815 seconds
Number of updated asset objects reloaded before import = 0Number of asset objects unloaded after import = 9

========================================================================
Received Import Request.
  Time since last request: 0.000026 seconds.
  path: Assets/Assets/KayKit_ResourceBits_1.0_FREE/Assets/fbx(unity)/Copper_Bar.fbx
  artifactKey: Guid(7b98f898796d074408304f975ecf5a05) Importer(815301076,1909f56bfc062723c751e8b465ee728b)
Start importing Assets/Assets/KayKit_ResourceBits_1.0_FREE/Assets/fbx(unity)/Copper_Bar.fbx using Guid(7b98f898796d074408304f975ecf5a05) Importer(815301076,1909f56bfc062723c751e8b465ee728b) (PreviewImporter) -> (artifact id: 'c9f5e7e5b6288307804a75937f4207e2') in 0.0301444 seconds
Number of updated asset objects reloaded before import = 0Number of asset objects unloaded after import = 9

========================================================================
Received Import Request.
  Time since last request: 0.000035 seconds.
  path: Assets/Assets/KayKit_ResourceBits_1.0_FREE/Assets/obj/Gold_Bars.obj
  artifactKey: Guid(c5bae7f5630ff884f9b987193173bcdb) Importer(815301076,1909f56bfc062723c751e8b465ee728b)
Start importing Assets/Assets/KayKit_ResourceBits_1.0_FREE/Assets/obj/Gold_Bars.obj using Guid(c5bae7f5630ff884f9b987193173bcdb) Importer(815301076,1909f56bfc062723c751e8b465ee728b) (PreviewImporter) -> (artifact id: '627f17bda43d533180f010e3faba90bd') in 0.0296967 seconds
Number of updated asset objects reloaded before import = 0Number of asset objects unloaded after import = 11

========================================================================
Received Import Request.
  Time since last request: 0.000031 seconds.
  path: Assets/Assets/KayKit_ResourceBits_1.0_FREE/Assets/obj/Copper_Bars_Stack_Large.obj
  artifactKey: Guid(b62899b1f416dc942a12845492edde49) Importer(815301076,1909f56bfc062723c751e8b465ee728b)
Start importing Assets/Assets/KayKit_ResourceBits_1.0_FREE/Assets/obj/Copper_Bars_Stack_Large.obj using Guid(b62899b1f416dc942a12845492edde49) Importer(815301076,1909f56bfc062723c751e8b465ee728b) (PreviewImporter) -> (artifact id: 'eaf2ed87b690b36ab327f6fb30b7d8ea') in 0.0377475 seconds
Number of updated asset objects reloaded before import = 0Number of asset objects unloaded after import = 11

========================================================================
Received Import Request.
  Time since last request: 0.000026 seconds.
  path: Assets/Assets/KayKit_ResourceBits_1.0_FREE/Assets/fbx(unity)/resource_bits_texture.png
  artifactKey: Guid(c86e0755d84a626438071a29780c46d2) Importer(815301076,1909f56bfc062723c751e8b465ee728b)
Start importing Assets/Assets/KayKit_ResourceBits_1.0_FREE/Assets/fbx(unity)/resource_bits_texture.png using Guid(c86e0755d84a626438071a29780c46d2) Importer(815301076,1909f56bfc062723c751e8b465ee728b) (PreviewImporter) -> (artifact id: 'fa0351b1482411a222d2af16776fa3f7') in 0.0231611 seconds
Number of updated asset objects reloaded before import = 0Number of asset objects unloaded after import = 2

========================================================================
Received Import Request.
  Time since last request: 0.000036 seconds.
  path: Assets/Assets/KayKit_ResourceBits_1.0_FREE/Assets/obj/Copper_Nugget_Medium.obj
  artifactKey: Guid(16c64915da60ae74f9580a29059fb2a1) Importer(815301076,1909f56bfc062723c751e8b465ee728b)
Start importing Assets/Assets/KayKit_ResourceBits_1.0_FREE/Assets/obj/Copper_Nugget_Medium.obj using Guid(16c64915da60ae74f9580a29059fb2a1) Importer(815301076,1909f56bfc062723c751e8b465ee728b) (PreviewImporter) -> (artifact id: 'a70da67968b56017dec1e250e80d9b0f') in 0.0355675 seconds
Number of updated asset objects reloaded before import = 0Number of asset objects unloaded after import = 11

========================================================================
Received Import Request.
  Time since last request: 0.000036 seconds.
  path: Assets/Assets/KayKit_ResourceBits_1.0_FREE/Assets/fbx(unity)/Stone_Brick.fbx
  artifactKey: Guid(19de5f98fcad342469a66b18eaeabdda) Importer(815301076,1909f56bfc062723c751e8b465ee728b)
Start importing Assets/Assets/KayKit_ResourceBits_1.0_FREE/Assets/fbx(unity)/Stone_Brick.fbx using Guid(19de5f98fcad342469a66b18eaeabdda) Importer(815301076,1909f56bfc062723c751e8b465ee728b) (PreviewImporter) -> (artifact id: '4b6ffabbbd8f3dc23b264ecde5ad21cd') in 0.0299655 seconds
Number of updated asset objects reloaded before import = 0Number of asset objects unloaded after import = 9

========================================================================
Received Import Request.
  Time since last request: 0.000028 seconds.
  path: Assets/Assets/KayKit_ResourceBits_1.0_FREE/Assets/fbx(unity)/Silver_Nugget_Small.fbx
  artifactKey: Guid(7e83b88ee9737e340bd609598a5e3ecc) Importer(815301076,1909f56bfc062723c751e8b465ee728b)
Start importing Assets/Assets/KayKit_ResourceBits_1.0_FREE/Assets/fbx(unity)/Silver_Nugget_Small.fbx using Guid(7e83b88ee9737e340bd609598a5e3ecc) Importer(815301076,1909f56bfc062723c751e8b465ee728b) (PreviewImporter) -> (artifact id: '7b193431407e66d066c46a29fbe78c22') in 0.0277824 seconds
Number of updated asset objects reloaded before import = 0Number of asset objects unloaded after import = 9

========================================================================
Received Import Request.
  Time since last request: 0.000026 seconds.
  path: Assets/Assets/KayKit_ResourceBits_1.0_FREE/Assets/obj/Fuel_A_Barrel.obj
  artifactKey: Guid(139ee4110063a6d4491085a111de5449) Importer(815301076,1909f56bfc062723c751e8b465ee728b)
Start importing Assets/Assets/KayKit_ResourceBits_1.0_FREE/Assets/obj/Fuel_A_Barrel.obj using Guid(139ee4110063a6d4491085a111de5449) Importer(815301076,1909f56bfc062723c751e8b465ee728b) (PreviewImporter) -> (artifact id: '4daf75daa177707426172e97785c87e6') in 0.0308188 seconds
Number of updated asset objects reloaded before import = 0Number of asset objects unloaded after import = 11

========================================================================
Received Import Request.
  Time since last request: 0.000027 seconds.
  path: Assets/Assets/KayKit_ResourceBits_1.0_FREE/Assets/fbx(unity)/Wood_Plank_A.fbx
  artifactKey: Guid(5b6999cf4fef4bd4d8291c199d6af554) Importer(815301076,1909f56bfc062723c751e8b465ee728b)
Start importing Assets/Assets/KayKit_ResourceBits_1.0_FREE/Assets/fbx(unity)/Wood_Plank_A.fbx using Guid(5b6999cf4fef4bd4d8291c199d6af554) Importer(815301076,1909f56bfc062723c751e8b465ee728b) (PreviewImporter) -> (artifact id: '244c85ffd1a44840f49c93212678a19e') in 0.0253691 seconds
Number of updated asset objects reloaded before import = 0Number of asset objects unloaded after import = 9

========================================================================
Received Import Request.
  Time since last request: 0.000044 seconds.
  path: Assets/Assets/KayKit_ResourceBits_1.0_FREE/Assets/obj/Fuel_C_Barrel.obj
  artifactKey: Guid(7b2fa4aebce2b8f4faa627efd56c4e11) Importer(815301076,1909f56bfc062723c751e8b465ee728b)
Start importing Assets/Assets/KayKit_ResourceBits_1.0_FREE/Assets/obj/Fuel_C_Barrel.obj using Guid(7b2fa4aebce2b8f4faa627efd56c4e11) Importer(815301076,1909f56bfc062723c751e8b465ee728b) (PreviewImporter) -> (artifact id: '10709a718081708eec5b956de043df96') in 0.0343375 seconds
Number of updated asset objects reloaded before import = 0Number of asset objects unloaded after import = 11

========================================================================
Received Import Request.
  Time since last request: 0.000027 seconds.
  path: Assets/Assets/KayKit_ResourceBits_1.0_FREE/Assets/obj/Fuel_A_Jerrycan.obj
  artifactKey: Guid(14b6d84507db8744bb9ef3844e77841e) Importer(815301076,1909f56bfc062723c751e8b465ee728b)
Start importing Assets/Assets/KayKit_ResourceBits_1.0_FREE/Assets/obj/Fuel_A_Jerrycan.obj using Guid(14b6d84507db8744bb9ef3844e77841e) Importer(815301076,1909f56bfc062723c751e8b465ee728b) (PreviewImporter) -> (artifact id: '1c64f61b11e42f6b34cc5f2b2a6072e2') in 0.0335714 seconds
Number of updated asset objects reloaded before import = 0Number of asset objects unloaded after import = 11

========================================================================
Received Import Request.
  Time since last request: 0.000026 seconds.
  path: Assets/Assets/KayKit_ResourceBits_1.0_FREE/Assets/fbx(unity)/Copper_Nugget_Small.fbx
  artifactKey: Guid(c90a0478a07621149a74f295e02a68bb) Importer(815301076,1909f56bfc062723c751e8b465ee728b)
Start importing Assets/Assets/KayKit_ResourceBits_1.0_FREE/Assets/fbx(unity)/Copper_Nugget_Small.fbx using Guid(c90a0478a07621149a74f295e02a68bb) Importer(815301076,1909f56bfc062723c751e8b465ee728b) (PreviewImporter) -> (artifact id: '3827e1c3b7f21fcf2637ae879913433d') in 0.0250693 seconds
Number of updated asset objects reloaded before import = 0Number of asset objects unloaded after import = 9

========================================================================
Received Import Request.
  Time since last request: 0.000027 seconds.
  path: Assets/Assets/KayKit_ResourceBits_1.0_FREE/Assets/fbx(unity)/Iron_Bars_Stack_Large.fbx
  artifactKey: Guid(63a04639f7ae53945aefd17fa2cb02aa) Importer(815301076,1909f56bfc062723c751e8b465ee728b)
Start importing Assets/Assets/KayKit_ResourceBits_1.0_FREE/Assets/fbx(unity)/Iron_Bars_Stack_Large.fbx using Guid(63a04639f7ae53945aefd17fa2cb02aa) Importer(815301076,1909f56bfc062723c751e8b465ee728b) (PreviewImporter) -> (artifact id: '52e53b67ee14832fd2fb44179be01e02') in 0.0259512 seconds
Number of updated asset objects reloaded before import = 0Number of asset objects unloaded after import = 9

========================================================================
Received Import Request.
  Time since last request: 0.000031 seconds.
  path: Assets/Assets/KayKit_ResourceBits_1.0_FREE/Assets/fbx(unity)/Fuel_A_Barrel_Dirty.fbx
  artifactKey: Guid(bc7300d75b37a174290d13c62c8ba527) Importer(815301076,1909f56bfc062723c751e8b465ee728b)
Start importing Assets/Assets/KayKit_ResourceBits_1.0_FREE/Assets/fbx(unity)/Fuel_A_Barrel_Dirty.fbx using Guid(bc7300d75b37a174290d13c62c8ba527) Importer(815301076,1909f56bfc062723c751e8b465ee728b) (PreviewImporter) -> (artifact id: 'eb51c9de0d3ae32dee5eab37379e1978') in 0.0322798 seconds
Number of updated asset objects reloaded before import = 0Number of asset objects unloaded after import = 9

========================================================================
Received Import Request.
  Time since last request: 0.000029 seconds.
  path: Assets/Assets/KayKit_ResourceBits_1.0_FREE/Assets/fbx(unity)/Stone_Bricks_Stack_Large.fbx
  artifactKey: Guid(f537240ecae76bb4fb001e02ed5241d7) Importer(815301076,1909f56bfc062723c751e8b465ee728b)
Start importing Assets/Assets/KayKit_ResourceBits_1.0_FREE/Assets/fbx(unity)/Stone_Bricks_Stack_Large.fbx using Guid(f537240ecae76bb4fb001e02ed5241d7) Importer(815301076,1909f56bfc062723c751e8b465ee728b) (PreviewImporter) -> (artifact id: '70ea4b7e0a131ab6c0f381f85d30bf04') in 0.0283213 seconds
Number of updated asset objects reloaded before import = 0Number of asset objects unloaded after import = 9

Editor requested this worker to shutdown with reason: Scaling down because of idle timeout
AssetImportWorker is now disconnected from the server
Process exiting
Exiting without the bug reporter. Application will terminate with return code 0