[Licensing::Module] Trying to connect to existing licensing client channel...
Built from '6000.3/staging' branch; Version is '6000.3.11f1 (3000ef702840) revision 3145967'; Using compiler version '194234433'; Build Type 'Release'
[Licensing::IpcConnector] Successfully connected to: "LicenseClient-rabot" at "2026-03-17T17:22:56.9362689Z"
OS: 'Windows 11  (10.0.26200) Professional' Language: 'ru' Physical Memory: 32616 MB
BatchMode: 1, IsHumanControllingUs: 0, StartBugReporterOnCrash: 0, Is64bit: 1
System  architecture: x64
Process architecture: x64
Date: 2026-03-17T17:22:56Z

COMMAND LINE ARGUMENTS:
Q:\Unity\Installs\6000.3.11f1\Editor\Unity.exe
-adb2
-batchMode
-noUpm
-name
AssetImportWorker2
-projectPath
Q:/Unity/Projects/AITUproject
-logFile
Logs/AssetImportWorker2.log
-srvPort
58049
-job-worker-count
5
-background-job-worker-count
8
-gc-helper-count
1
-name
AssetImport
Successfully changed project path to: Q:/Unity/Projects/AITUproject
Q:/Unity/Projects/AITUproject
[UnityMemory] Configuration Parameters - Can be set up in boot.config
    "memorysetup-temp-allocator-size-nav-mesh-worker=65536"
    "memorysetup-temp-allocator-size-audio-worker=65536"
    "memorysetup-temp-allocator-size-gfx=262144"
    "memorysetup-allocator-temp-initial-block-size-main=262144"
    "memorysetup-allocator-temp-initial-block-size-worker=262144"
    "memorysetup-temp-allocator-size-background-worker=32768"
    "memorysetup-temp-allocator-size-job-worker=262144"
    "memorysetup-temp-allocator-size-preload-manager=33554432"
    "memorysetup-temp-allocator-size-gi-baking-worker=262144"
    "memorysetup-temp-allocator-size-gi-baking-worker=262144"
    "memorysetup-temp-allocator-size-gi-baking-worker=262144"
    "memorysetup-temp-allocator-size-gi-baking-worker=262144"
    "memorysetup-temp-allocator-size-gi-baking-worker=262144"
    "memorysetup-bucket-allocator-granularity=16"
    "memorysetup-bucket-allocator-bucket-count=8"
    "memorysetup-bucket-allocator-block-size=33554432"
    "memorysetup-bucket-allocator-block-count=8"
    "memorysetup-main-allocator-block-size=16777216"
    "memorysetup-thread-allocator-block-size=16777216"
    "memorysetup-gfx-main-allocator-block-size=16777216"
    "memorysetup-gfx-thread-allocator-block-size=16777216"
    "memorysetup-cache-allocator-block-size=4194304"
    "memorysetup-typetree-allocator-block-size=2097152"
    "memorysetup-profiler-bucket-allocator-granularity=16"
    "memorysetup-profiler-bucket-allocator-bucket-count=8"
    "memorysetup-profiler-bucket-allocator-block-size=33554432"
    "memorysetup-profiler-bucket-allocator-block-count=8"
    "memorysetup-profiler-allocator-block-size=16777216"
    "memorysetup-profiler-editor-allocator-block-size=1048576"
    "memorysetup-temp-allocator-size-main=16777216"
    "memorysetup-job-temp-allocator-block-size=2097152"
    "memorysetup-job-temp-allocator-block-size-background=1048576"
    "memorysetup-job-temp-allocator-reduction-small-platforms=262144"
    "memorysetup-temp-allocator-size-cloud-worker=32768"
Player connection [5428]  Target information:

Player connection [5428]  * "[IP] 192.168.0.104 [Port] 0 [Flags] 2 [Guid] 1545898997 [EditorId] 1545898997 [Version] 1048832 [Id] WindowsEditor(7,DESKTOP-DIYARKA) [Debug] 1 [PackageName] WindowsEditor [ProjectName] Editor" 

Player connection [5428]  * "[IP] 26.13.131.41 [Port] 0 [Flags] 2 [Guid] 1545898997 [EditorId] 1545898997 [Version] 1048832 [Id] WindowsEditor(7,DESKTOP-DIYARKA) [Debug] 1 [PackageName] WindowsEditor [ProjectName] Editor" 

Player connection [5428]  * "[IP] 100.114.32.9 [Port] 0 [Flags] 2 [Guid] 1545898997 [EditorId] 1545898997 [Version] 1048832 [Id] WindowsEditor(7,DESKTOP-DIYARKA) [Debug] 1 [PackageName] WindowsEditor [ProjectName] Editor" 

Player connection [5428] Host joined multi-casting on [225.0.0.222:54997]...
Player connection [5428] Host joined alternative multi-casting on [225.0.0.222:34997]...
JobSystem: Creating JobQueue using job-worker-count value 5
Input System module state changed to: Initialized.
[Physics::Module] Initialized fallback backend.
[Physics::Module] Id: 0xdecafbad
Library Redirect Path: Library/
[Physics::Module] Selected backend.
[Physics::Module] Name: PhysX
[Physics::Module] Id: 0xf2b8ea05
[Physics::Module] SDK Version: 4.1.2
[Physics::Module] Integration Version: 1.0.0
[Physics::Module] Threading Mode: Multi-Threaded
Refreshing native plugins compatible for Editor in 4.21 ms, found 3 plugins.
Preloading 0 native plugins for Editor in 0.00 ms.
Initialize engine version: 6000.3.11f1 (3000ef702840)
[Subsystems] Discovering subsystems at path Q:/Unity/Installs/6000.3.11f1/Editor/Data/Resources/UnitySubsystems
[Subsystems] Discovering subsystems at path Q:/Unity/Projects/AITUproject/Assets
GfxDevice: creating device client; kGfxThreadingModeNonThreaded
Direct3D:
    Version:  Direct3D 11.0 [level 11.1]
    Renderer: NVIDIA GeForce RTX 2060 (ID=0x1f03)
    Vendor:   NVIDIA
    VRAM:     12061 MB
    Driver:   32.0.15.6590
Initialize mono
Mono path[0] = 'Q:/Unity/Installs/6000.3.11f1/Editor/Data/Managed'
Mono path[1] = 'Q:/Unity/Installs/6000.3.11f1/Editor/Data/MonoBleedingEdge/lib/mono/unityjit-win32'
Mono config path = 'Q:/Unity/Installs/6000.3.11f1/Editor/Data/MonoBleedingEdge/etc'
Using monoOptions --debugger-agent=transport=dt_socket,embedding=1,server=y,suspend=n,address=127.0.0.1:56284
Begin MonoManager ReloadAssembly
Registering precompiled unity dll's ...
Register platform support module: Q:/Unity/Installs/6000.3.11f1/Editor/Data/PlaybackEngines/MacStandaloneSupport/UnityEditor.OSXStandalone.Extensions.dll
Register platform support module: Q:/Unity/Installs/6000.3.11f1/Editor/Data/PlaybackEngines/WindowsStandaloneSupport/UnityEditor.WindowsStandalone.Extensions.dll
[Licensing::Module] Licensing is not yet initialized.
[Licensing::Client] Error: HandshakeResponse reported an error:
	ResponseCode: 505
	ResponseStatus: Unsupported protocol version '1.18.0'.
[Licensing::Module] Error: Failed to handshake to channel: "LicenseClient-rabot"
[Licensing::IpcConnector] LicenseClient-rabot channel disconnected successfully.
[Licensing::IpcConnector] Successfully connected to: "LicenseClient-rabot-6000.3.11" at "2026-03-17T17:22:59.9048703Z"
[Licensing::Client] Handshaking with LicensingClient:
  Version:                 1.18.0+23225a6
  Session Id:              a0db98f9dadc4551b1e3b344e8051f28
  Correlation Id:          754c3e71f851ac00e81f613393648de3
  External correlation Id: 316179868670422714
  Machine Id:              EGwHAvd1CQ4Id3zjsuWeaLY2Eh0=
[Licensing::Module] Successfully connected to LicensingClient on channel: "LicenseClient-rabot-6000.3.11" (connect: 0.00s, validation: 0.00s, handshake: 0.40s)
[Licensing::IpcConnector] Successfully connected to: "LicenseClient-rabot-6000.3.11-notifications" at "2026-03-17T17:23:00.3025686Z"
[Licensing::Module] Licensing Background thread has ended after 3.37s
[Licensing::Module] Licensing is initialized (took 2.45s).
[Licensing::Client] Successfully resolved entitlement details
[Licensing::Module] License group:
  Id: 18966812025771-UnityPersXXXX
  Product: Unity Personal
  Type: Assigned
  Expiration: Unlimited
Register platform support module: Q:/Unity/Installs/6000.3.11f1/Editor/Data/PlaybackEngines/AndroidPlayer/UnityEditor.Android.Extensions.dll
[Licensing::Client] Successfully resolved entitlement details
Register platform support module: Q:/Unity/Installs/6000.3.11f1/Editor/Data/PlaybackEngines/iOSSupport/UnityEditor.iOS.Extensions.dll
Registered in 2.456936 seconds.
- Loaded All Assemblies, in  3.000 seconds
[usbmuxd] Start listen thread
[usbmuxd] Listen thread started
Native extension for iOS target not found
Native extension for Android target not found
Native extension for WindowsStandalone target not found
Native extension for OSXStandalone target not found
Package Manager log level set to [2]
[Package Manager] Failed to launch server process. Reason: Unity was launched with the -noUpm command-line argument
[Package Manager] Unable to send message (not connected to server process).
[Package Manager] Cannot connect to Unity Package Manager local server
ScheduleIndexationOnStartup MainProcess:False IndexOnStartup:True
Mono: successfully reloaded assembly
- Finished resetting the current domain, in  0.547 seconds
Domain Reload Profiling: 3548ms
	BeginReloadAssembly (164ms)
		ExecutionOrderSort (0ms)
		DisableScriptedObjects (0ms)
		BackupInstance (0ms)
		ReleaseScriptingObjects (0ms)
		CreateAndSetChildDomain (1ms)
	RebuildCommonClasses (46ms)
	RebuildNativeTypeToScriptingClass (22ms)
	initialDomainReloadingComplete (2508ms)
	LoadAllAssembliesAndSetupDomain (260ms)
		LoadAssemblies (164ms)
		RebuildTransferFunctionScriptingTraits (0ms)
		AnalyzeDomain (256ms)
			TypeCache.Refresh (253ms)
				TypeCache.ScanAssembly (234ms)
			BuildScriptInfoCaches (0ms)
			ResolveRequiredComponents (1ms)
	FinalizeReload (548ms)
		ReleaseScriptCaches (0ms)
		RebuildScriptCaches (0ms)
		SetupLoadedEditorAssemblies (479ms)
			LogAssemblyErrors (0ms)
			InitializePlatformSupportModulesInManaged (91ms)
			SetLoadedEditorAssemblies (5ms)
			BeforeProcessingInitializeOnLoad (117ms)
			ProcessInitializeOnLoadAttributes (168ms)
			ProcessInitializeOnLoadMethodAttributes (97ms)
			AfterProcessingInitializeOnLoad (0ms)
			EditorAssembliesLoaded (0ms)
		ExecutionOrderSort2 (0ms)
		AwakeInstancesAfterBackupRestoration (0ms)
========================================================================
Worker process is ready to serve import requests
Import Worker Mode flag is 0x00
Begin MonoManager ReloadAssembly
[Licensing::Client] Successfully resolved entitlement details
- Loaded All Assemblies, in  0.969 seconds
Refreshing native plugins compatible for Editor in 1.33 ms, found 3 plugins.
Native extension for iOS target not found
Native extension for Android target not found
Native extension for WindowsStandalone target not found
Native extension for OSXStandalone target not found
[Package Manager] Failed to launch server process. Reason: Unity was launched with the -noUpm command-line argument
[Package Manager] Unable to send message (not connected to server process).
[Package Manager] Cannot connect to Unity Package Manager local server
[Package Manager] Failed to launch server process. Reason: Unity was launched with the -noUpm command-line argument
[Package Manager] Unable to send message (not connected to server process).
[Package Manager] Cannot connect to Unity Package Manager local server
ScheduleIndexationOnStartup MainProcess:False IndexOnStartup:True
Mono: successfully reloaded assembly
- Finished resetting the current domain, in  0.975 seconds
Domain Reload Profiling: 1943ms
	BeginReloadAssembly (223ms)
		ExecutionOrderSort (0ms)
		DisableScriptedObjects (7ms)
		BackupInstance (0ms)
		ReleaseScriptingObjects (0ms)
		CreateAndSetChildDomain (36ms)
	RebuildCommonClasses (50ms)
	RebuildNativeTypeToScriptingClass (17ms)
	initialDomainReloadingComplete (43ms)
	LoadAllAssembliesAndSetupDomain (634ms)
		LoadAssemblies (409ms)
		RebuildTransferFunctionScriptingTraits (0ms)
		AnalyzeDomain (350ms)
			TypeCache.Refresh (251ms)
				TypeCache.ScanAssembly (230ms)
			BuildScriptInfoCaches (82ms)
			ResolveRequiredComponents (13ms)
	FinalizeReload (976ms)
		ReleaseScriptCaches (0ms)
		RebuildScriptCaches (0ms)
		SetupLoadedEditorAssemblies (716ms)
			LogAssemblyErrors (0ms)
			InitializePlatformSupportModulesInManaged (13ms)
			SetLoadedEditorAssemblies (6ms)
			BeforeProcessingInitializeOnLoad (164ms)
			ProcessInitializeOnLoadAttributes (422ms)
			ProcessInitializeOnLoadMethodAttributes (108ms)
			AfterProcessingInitializeOnLoad (3ms)
			EditorAssembliesLoaded (0ms)
		ExecutionOrderSort2 (0ms)
		AwakeInstancesAfterBackupRestoration (14ms)
Launched and connected shader compiler UnityShaderCompiler.exe after 0.02 seconds
Refreshing native plugins compatible for Editor in 1.10 ms, found 3 plugins.
Preloading 0 native plugins for Editor in 0.00 ms.
Unloading 16 Unused Serialized files (Serialized files now loaded: 0)
Unloading 6186 unused Assets / (4.5 MB). Loaded Objects now: 6985.
Memory consumption went from 146.0 MB to 141.6 MB.
Total: 13.534000 ms (FindLiveObjects: 0.947000 ms CreateObjectMapping: 1.408800 ms MarkObjects: 7.168400 ms  DeleteObjects: 4.008600 ms)

========================================================================
Received Import Request.
  Time since last request: 376948.668777 seconds.
  path: Assets/Scenes/SampleScene.unity
  artifactKey: Guid(99c9720ab356a0642a771bea13969a05) Importer(2089858483,b0f066a214c2f5e87bad3c948f4d605d)
Start importing Assets/Scenes/SampleScene.unity using Guid(99c9720ab356a0642a771bea13969a05) Importer(2089858483,b0f066a214c2f5e87bad3c948f4d605d) (ScriptedImporter) -> (artifact id: 'f031554a4c0fad1ab8d3519516393960') in 0.1109398 seconds
Number of updated asset objects reloaded before import = 1Number of asset objects unloaded after import = 1

========================================================================
Received Import Request.
  Time since last request: 0.332568 seconds.
  path: Assets/Settings/Mobile_RPAsset.asset
  artifactKey: Guid(5e6cbd92db86f4b18aec3ed561671858) Importer(2089858483,b0f066a214c2f5e87bad3c948f4d605d)
Start importing Assets/Settings/Mobile_RPAsset.asset using Guid(5e6cbd92db86f4b18aec3ed561671858) Importer(2089858483,b0f066a214c2f5e87bad3c948f4d605d) (ScriptedImporter) -> (artifact id: '5035984598b7ece68e4a4e7580d584e2') in 0.2048239 seconds
Number of updated asset objects reloaded before import = 0Number of asset objects unloaded after import = 2

========================================================================
Received Import Request.
  Time since last request: 0.000320 seconds.
  path: Assets/Settings/SampleSceneProfile.asset
  artifactKey: Guid(10fc4df2da32a41aaa32d77bc913491c) Importer(2089858483,b0f066a214c2f5e87bad3c948f4d605d)
Start importing Assets/Settings/SampleSceneProfile.asset using Guid(10fc4df2da32a41aaa32d77bc913491c) Importer(2089858483,b0f066a214c2f5e87bad3c948f4d605d) (ScriptedImporter) -> (artifact id: 'c4a2b82468180aa270525b51238c6ba6') in 0.0179102 seconds
Number of updated asset objects reloaded before import = 0Number of asset objects unloaded after import = 1

========================================================================
Received Import Request.
  Time since last request: 0.000039 seconds.
  path: Assets/TutorialInfo/Icons/URP.png
  artifactKey: Guid(727a75301c3d24613a3ebcec4a24c2c8) Importer(2089858483,b0f066a214c2f5e87bad3c948f4d605d)
Start importing Assets/TutorialInfo/Icons/URP.png using Guid(727a75301c3d24613a3ebcec4a24c2c8) Importer(2089858483,b0f066a214c2f5e87bad3c948f4d605d) (ScriptedImporter) -> (artifact id: '95efc38b3ec002a552b3363ee0c1872e') in 0.0696047 seconds
Number of updated asset objects reloaded before import = 0Number of asset objects unloaded after import = 1

========================================================================
Received Prepare
Refreshing native plugins compatible for Editor in 0.82 ms, found 3 plugins.
Preloading 0 native plugins for Editor in 0.00 ms.
Unloading 16 Unused Serialized files (Serialized files now loaded: 0)
Unloading 6174 unused Assets / (4.7 MB). Loaded Objects now: 6985.
Memory consumption went from 145.0 MB to 140.3 MB.
Total: 13.019200 ms (FindLiveObjects: 0.800800 ms CreateObjectMapping: 1.289700 ms MarkObjects: 7.371600 ms  DeleteObjects: 3.555600 ms)

Prepare: number of updated asset objects reloaded= 0
========================================================================
Received Prepare
Begin MonoManager ReloadAssembly
[Licensing::Client] Successfully resolved entitlement details
- Loaded All Assemblies, in  0.889 seconds
Refreshing native plugins compatible for Editor in 0.98 ms, found 3 plugins.
Native extension for iOS target not found
Native extension for Android target not found
Native extension for WindowsStandalone target not found
Native extension for OSXStandalone target not found
[Package Manager] Failed to launch server process. Reason: Unity was launched with the -noUpm command-line argument
[Package Manager] Unable to send message (not connected to server process).
[Package Manager] Cannot connect to Unity Package Manager local server
[Package Manager] Failed to launch server process. Reason: Unity was launched with the -noUpm command-line argument
[Package Manager] Unable to send message (not connected to server process).
[Package Manager] Cannot connect to Unity Package Manager local server
ScheduleIndexationOnStartup MainProcess:False IndexOnStartup:True
Mono: successfully reloaded assembly
- Finished resetting the current domain, in  0.921 seconds
Domain Reload Profiling: 1814ms
	BeginReloadAssembly (258ms)
		ExecutionOrderSort (0ms)
		DisableScriptedObjects (9ms)
		BackupInstance (0ms)
		ReleaseScriptingObjects (0ms)
		CreateAndSetChildDomain (56ms)
	RebuildCommonClasses (50ms)
	RebuildNativeTypeToScriptingClass (18ms)
	initialDomainReloadingComplete (34ms)
	LoadAllAssembliesAndSetupDomain (532ms)
		LoadAssemblies (402ms)
		RebuildTransferFunctionScriptingTraits (0ms)
		AnalyzeDomain (254ms)
			TypeCache.Refresh (14ms)
				TypeCache.ScanAssembly (0ms)
			BuildScriptInfoCaches (221ms)
			ResolveRequiredComponents (13ms)
	FinalizeReload (921ms)
		ReleaseScriptCaches (0ms)
		RebuildScriptCaches (0ms)
		SetupLoadedEditorAssemblies (683ms)
			LogAssemblyErrors (0ms)
			InitializePlatformSupportModulesInManaged (16ms)
			SetLoadedEditorAssemblies (7ms)
			BeforeProcessingInitializeOnLoad (202ms)
			ProcessInitializeOnLoadAttributes (378ms)
			ProcessInitializeOnLoadMethodAttributes (77ms)
			AfterProcessingInitializeOnLoad (3ms)
			EditorAssembliesLoaded (0ms)
		ExecutionOrderSort2 (0ms)
		AwakeInstancesAfterBackupRestoration (18ms)
Refreshing native plugins compatible for Editor in 1.06 ms, found 3 plugins.
Preloading 0 native plugins for Editor in 0.00 ms.
Unloading 16 Unused Serialized files (Serialized files now loaded: 0)
Unloading 6180 unused Assets / (4.7 MB). Loaded Objects now: 7001.
Memory consumption went from 151.6 MB to 146.9 MB.
Total: 11.613100 ms (FindLiveObjects: 1.729700 ms CreateObjectMapping: 1.566300 ms MarkObjects: 5.187300 ms  DeleteObjects: 3.128500 ms)

Prepare: number of updated asset objects reloaded= 0
========================================================================
Received Import Request.
  Time since last request: 212.399012 seconds.
  path: Packages/com.unity.ugui/package.json
  artifactKey: Guid(319b8889f363f5947acf209c17a94149) Importer(815301076,1909f56bfc062723c751e8b465ee728b)
Start importing Packages/com.unity.ugui/package.json using Guid(319b8889f363f5947acf209c17a94149) Importer(815301076,1909f56bfc062723c751e8b465ee728b) (PreviewImporter) -> (artifact id: 'f14546f6619a417732524b5cb907d495') in 0.0369617 seconds
Number of updated asset objects reloaded before import = 0Number of asset objects unloaded after import = 1

========================================================================
Received Import Request.
  Time since last request: 123.027926 seconds.
  path: Assets/Settings/DefaultVolumeProfile.asset
  artifactKey: Guid(ab09877e2e707104187f6f83e2f62510) Importer(815301076,1909f56bfc062723c751e8b465ee728b)
Start importing Assets/Settings/DefaultVolumeProfile.asset using Guid(ab09877e2e707104187f6f83e2f62510) Importer(815301076,1909f56bfc062723c751e8b465ee728b) (PreviewImporter) -> (artifact id: '10528149371aefc32227726816d72a59') in 0.0016362 seconds
Number of updated asset objects reloaded before import = 0Number of asset objects unloaded after import = 0

========================================================================
Received Import Request.
  Time since last request: 0.000023 seconds.
  path: Assets/Settings/UniversalRenderPipelineGlobalSettings.asset
  artifactKey: Guid(18dc0cd2c080841dea60987a38ce93fa) Importer(815301076,1909f56bfc062723c751e8b465ee728b)
Start importing Assets/Settings/UniversalRenderPipelineGlobalSettings.asset using Guid(18dc0cd2c080841dea60987a38ce93fa) Importer(815301076,1909f56bfc062723c751e8b465ee728b) (PreviewImporter) -> (artifact id: '2a6c1cc84d433003bbac54fc7de51679') in 0.0011319 seconds
Number of updated asset objects reloaded before import = 0Number of asset objects unloaded after import = 0

========================================================================
Received Import Request.
  Time since last request: 35.595192 seconds.
  path: Packages/com.unity.ugui/Editor/UGUI/UnityEditor.UI.asmdef
  artifactKey: Guid(343deaaf83e0cee4ca978e7df0b80d21) Importer(815301076,1909f56bfc062723c751e8b465ee728b)
Start importing Packages/com.unity.ugui/Editor/UGUI/UnityEditor.UI.asmdef using Guid(343deaaf83e0cee4ca978e7df0b80d21) Importer(815301076,1909f56bfc062723c751e8b465ee728b) (PreviewImporter) -> (artifact id: '2a6e05975fc44bdbfe9f60387ec160b2') in 0.000733 seconds
Number of updated asset objects reloaded before import = 0Number of asset objects unloaded after import = 0

========================================================================
Received Import Request.
  Time since last request: 11.856341 seconds.
  path: Packages/com.unity.ugui/Editor/UGUI/UI
  artifactKey: Guid(853edc343b78a7c4c81cbb3851d48c0a) Importer(815301076,1909f56bfc062723c751e8b465ee728b)
Start importing Packages/com.unity.ugui/Editor/UGUI/UI using Guid(853edc343b78a7c4c81cbb3851d48c0a) Importer(815301076,1909f56bfc062723c751e8b465ee728b) (PreviewImporter) -> (artifact id: '79e58f825a48029b3b83eb047f7eaeb0') in 0.0012709 seconds
Number of updated asset objects reloaded before import = 0Number of asset objects unloaded after import = 0

========================================================================
Received Import Request.
  Time since last request: 2.241357 seconds.
  path: Packages/com.unity.ugui/Editor/UGUI/UI/PropertyDrawers
  artifactKey: Guid(bc9aa6d5a7945f34882c442e9e201537) Importer(815301076,1909f56bfc062723c751e8b465ee728b)
Start importing Packages/com.unity.ugui/Editor/UGUI/UI/PropertyDrawers using Guid(bc9aa6d5a7945f34882c442e9e201537) Importer(815301076,1909f56bfc062723c751e8b465ee728b) (PreviewImporter) -> (artifact id: '6e6479bd3f72f2af5437de1e1f39f1d7') in 0.0008353 seconds
Number of updated asset objects reloaded before import = 0Number of asset objects unloaded after import = 0

========================================================================
Received Import Request.
  Time since last request: 2.077660 seconds.
  path: Packages/com.unity.ugui/Editor/UGUI/EventSystem
  artifactKey: Guid(f525580684527b147b70cf94aaa70dbc) Importer(815301076,1909f56bfc062723c751e8b465ee728b)
Start importing Packages/com.unity.ugui/Editor/UGUI/EventSystem using Guid(f525580684527b147b70cf94aaa70dbc) Importer(815301076,1909f56bfc062723c751e8b465ee728b) (PreviewImporter) -> (artifact id: '781d2ab5c122cf7c6d64706b125d7f03') in 0.0005918 seconds
Number of updated asset objects reloaded before import = 0Number of asset objects unloaded after import = 0

========================================================================
Received Import Request.
  Time since last request: 143.366718 seconds.
  path: Assets
  artifactKey: Guid(00000000000000001000000000000000) Importer(815301076,1909f56bfc062723c751e8b465ee728b)
Start importing Assets using Guid(00000000000000001000000000000000) Importer(815301076,1909f56bfc062723c751e8b465ee728b) (PreviewImporter) -> (artifact id: 'c391582d739b6e62a5220f35cbb167ac') in 0.0005903 seconds
Number of updated asset objects reloaded before import = 0Number of asset objects unloaded after import = 0

========================================================================
Received Import Request.
  Time since last request: 7.654810 seconds.
  path: Assets/Assets
  artifactKey: Guid(51093049e50a28c428f1fd2a4adf9436) Importer(815301076,1909f56bfc062723c751e8b465ee728b)
Start importing Assets/Assets using Guid(51093049e50a28c428f1fd2a4adf9436) Importer(815301076,1909f56bfc062723c751e8b465ee728b) (PreviewImporter) -> (artifact id: '306950decdd88145a7e409bd1cef0d58') in 0.0005637 seconds
Number of updated asset objects reloaded before import = 0Number of asset objects unloaded after import = 0

========================================================================
Received Import Request.
  Time since last request: 0.909793 seconds.
  path: Assets/Assets
  artifactKey: Guid(51093049e50a28c428f1fd2a4adf9436) Importer(2089858483,b0f066a214c2f5e87bad3c948f4d605d)
Start importing Assets/Assets using Guid(51093049e50a28c428f1fd2a4adf9436) Importer(2089858483,b0f066a214c2f5e87bad3c948f4d605d) (ScriptedImporter) -> (artifact id: '468b9179392f113f3f76b171d6505fa8') in 0.0495267 seconds
Number of updated asset objects reloaded before import = 0Number of asset objects unloaded after import = 1

========================================================================
Received Import Request.
  Time since last request: 31.427809 seconds.
  path: Assets/Assets/KayKit_ResourceBits_1.0_FREE/Assets/fbx(unity)/Gold_Nugget_Small.fbx
  artifactKey: Guid(2d647632fb1706947861bdca31abd69f) Importer(2089858483,b0f066a214c2f5e87bad3c948f4d605d)
Start importing Assets/Assets/KayKit_ResourceBits_1.0_FREE/Assets/fbx(unity)/Gold_Nugget_Small.fbx using Guid(2d647632fb1706947861bdca31abd69f) Importer(2089858483,b0f066a214c2f5e87bad3c948f4d605d) (ScriptedImporter) -> (artifact id: '47f275b6c0420c1ccbc7967e0a3d93f0') in 0.1591064 seconds
Number of updated asset objects reloaded before import = 0Number of asset objects unloaded after import = 9

========================================================================
Received Import Request.
  Time since last request: 0.000021 seconds.
  path: Assets/Assets/KayKit_ResourceBits_1.0_FREE/Assets/fbx(unity)/Copper_Bars_Stack_Large.fbx
  artifactKey: Guid(5e82e3f5b10bda24b8056e489296e3c5) Importer(2089858483,b0f066a214c2f5e87bad3c948f4d605d)
Start importing Assets/Assets/KayKit_ResourceBits_1.0_FREE/Assets/fbx(unity)/Copper_Bars_Stack_Large.fbx using Guid(5e82e3f5b10bda24b8056e489296e3c5) Importer(2089858483,b0f066a214c2f5e87bad3c948f4d605d) (ScriptedImporter) -> (artifact id: '7e86ecf2a86434088c6a88e2a4cbaf15') in 0.0356305 seconds
Number of updated asset objects reloaded before import = 0Number of asset objects unloaded after import = 9

========================================================================
Received Import Request.
  Time since last request: 0.000032 seconds.
  path: Assets/Assets/KayKit_ResourceBits_1.0_FREE/Assets/fbx(unity)/Textiles_C.fbx
  artifactKey: Guid(60e5dd684d4a0314691328dbad684421) Importer(2089858483,b0f066a214c2f5e87bad3c948f4d605d)
Start importing Assets/Assets/KayKit_ResourceBits_1.0_FREE/Assets/fbx(unity)/Textiles_C.fbx using Guid(60e5dd684d4a0314691328dbad684421) Importer(2089858483,b0f066a214c2f5e87bad3c948f4d605d) (ScriptedImporter) -> (artifact id: 'c12e9a1bcc7f5e4087653a415d433ee1') in 0.0218958 seconds
Number of updated asset objects reloaded before import = 0Number of asset objects unloaded after import = 9

========================================================================
Received Import Request.
  Time since last request: 0.000016 seconds.
  path: Assets/Assets/KayKit_ResourceBits_1.0_FREE/Assets/fbx(unity)/Parts_Pile_Medium.fbx
  artifactKey: Guid(915b7388838853f48bd8c64365b42e1f) Importer(2089858483,b0f066a214c2f5e87bad3c948f4d605d)
Start importing Assets/Assets/KayKit_ResourceBits_1.0_FREE/Assets/fbx(unity)/Parts_Pile_Medium.fbx using Guid(915b7388838853f48bd8c64365b42e1f) Importer(2089858483,b0f066a214c2f5e87bad3c948f4d605d) (ScriptedImporter) -> (artifact id: '2a90d30714d3af32c7bfa6006fdb0836') in 0.0250451 seconds
Number of updated asset objects reloaded before import = 0Number of asset objects unloaded after import = 9

========================================================================
Received Import Request.
  Time since last request: 0.000019 seconds.
  path: Assets/Assets/KayKit_ResourceBits_1.0_FREE/Assets/gltf/Textiles_B.gltf
  artifactKey: Guid(8b209090e2cdb664dac0d144157cfec9) Importer(2089858483,b0f066a214c2f5e87bad3c948f4d605d)
Start importing Assets/Assets/KayKit_ResourceBits_1.0_FREE/Assets/gltf/Textiles_B.gltf using Guid(8b209090e2cdb664dac0d144157cfec9) Importer(2089858483,b0f066a214c2f5e87bad3c948f4d605d) (ScriptedImporter) -> (artifact id: '54ced09392a1d833d60c40b446fed01d') in 0.0107248 seconds
Number of updated asset objects reloaded before import = 0Number of asset objects unloaded after import = 1

========================================================================
Received Import Request.
  Time since last request: 0.000024 seconds.
  path: Assets/Assets/KayKit_ResourceBits_1.0_FREE/Assets/obj/Silver_Bars_Stack_Medium.mtl
  artifactKey: Guid(d8d9ad878c405b746a2bc53f81b08c44) Importer(2089858483,b0f066a214c2f5e87bad3c948f4d605d)
Start importing Assets/Assets/KayKit_ResourceBits_1.0_FREE/Assets/obj/Silver_Bars_Stack_Medium.mtl using Guid(d8d9ad878c405b746a2bc53f81b08c44) Importer(2089858483,b0f066a214c2f5e87bad3c948f4d605d) (ScriptedImporter) -> (artifact id: '5afdb3adb63db489932650490e3e4f3d') in 0.0102376 seconds
Number of updated asset objects reloaded before import = 0Number of asset objects unloaded after import = 1

========================================================================
Received Import Request.
  Time since last request: 0.000032 seconds.
  path: Assets/Assets/KayKit_ResourceBits_1.0_FREE/Assets/fbx/Textiles_B.fbx
  artifactKey: Guid(5b763afdaa1a76b4ab24d915cf861cfd) Importer(2089858483,b0f066a214c2f5e87bad3c948f4d605d)
Start importing Assets/Assets/KayKit_ResourceBits_1.0_FREE/Assets/fbx/Textiles_B.fbx using Guid(5b763afdaa1a76b4ab24d915cf861cfd) Importer(2089858483,b0f066a214c2f5e87bad3c948f4d605d) (ScriptedImporter) -> (artifact id: '6d895d228918e2fe6902f0ec82146bbf') in 0.0233737 seconds
Number of updated asset objects reloaded before import = 0Number of asset objects unloaded after import = 9

========================================================================
Received Import Request.
  Time since last request: 0.000025 seconds.
  path: Assets/Assets/KayKit_ResourceBits_1.0_FREE/Assets/obj/Silver_Bars.obj
  artifactKey: Guid(5c7e3ab06309f1142913ea05f8f806b5) Importer(2089858483,b0f066a214c2f5e87bad3c948f4d605d)
Start importing Assets/Assets/KayKit_ResourceBits_1.0_FREE/Assets/obj/Silver_Bars.obj using Guid(5c7e3ab06309f1142913ea05f8f806b5) Importer(2089858483,b0f066a214c2f5e87bad3c948f4d605d) (ScriptedImporter) -> (artifact id: '6f1beeb25309bec6cabc8423afa0499f') in 0.0176545 seconds
Number of updated asset objects reloaded before import = 0Number of asset objects unloaded after import = 11

========================================================================
Received Import Request.
  Time since last request: 0.000021 seconds.
  path: Assets/Assets/KayKit_ResourceBits_1.0_FREE/Assets/gltf/Silver_Bars_Stack_Medium.gltf
  artifactKey: Guid(379600fb46e84c34c841174f436c24dd) Importer(2089858483,b0f066a214c2f5e87bad3c948f4d605d)
Start importing Assets/Assets/KayKit_ResourceBits_1.0_FREE/Assets/gltf/Silver_Bars_Stack_Medium.gltf using Guid(379600fb46e84c34c841174f436c24dd) Importer(2089858483,b0f066a214c2f5e87bad3c948f4d605d) (ScriptedImporter) -> (artifact id: 'e156eb9362379751f58dd762c9469015') in 0.011332 seconds
Number of updated asset objects reloaded before import = 0Number of asset objects unloaded after import = 1

========================================================================
Received Import Request.
  Time since last request: 0.000016 seconds.
  path: Assets/Assets/KayKit_ResourceBits_1.0_FREE/Assets/gltf/Wood_Log_A.gltf
  artifactKey: Guid(a5c489ce9a8ea5947b9ca7f8404a9e57) Importer(2089858483,b0f066a214c2f5e87bad3c948f4d605d)
Start importing Assets/Assets/KayKit_ResourceBits_1.0_FREE/Assets/gltf/Wood_Log_A.gltf using Guid(a5c489ce9a8ea5947b9ca7f8404a9e57) Importer(2089858483,b0f066a214c2f5e87bad3c948f4d605d) (ScriptedImporter) -> (artifact id: 'bf4a7919a3158eb4ae4c5e1a660047d7') in 0.0132235 seconds
Number of updated asset objects reloaded before import = 0Number of asset objects unloaded after import = 1

========================================================================
Received Import Request.
  Time since last request: 0.000022 seconds.
  path: Assets/Assets/KayKit_ResourceBits_1.0_FREE/Assets/fbx/Iron_Nugget_Large.fbx
  artifactKey: Guid(de051a4f84a82d24ba634011984781de) Importer(2089858483,b0f066a214c2f5e87bad3c948f4d605d)
Start importing Assets/Assets/KayKit_ResourceBits_1.0_FREE/Assets/fbx/Iron_Nugget_Large.fbx using Guid(de051a4f84a82d24ba634011984781de) Importer(2089858483,b0f066a214c2f5e87bad3c948f4d605d) (ScriptedImporter) -> (artifact id: '8b9cbc71ec93c7d21bb0a5611e374db5') in 0.0249124 seconds
Number of updated asset objects reloaded before import = 0Number of asset objects unloaded after import = 9

========================================================================
Received Import Request.
  Time since last request: 0.000030 seconds.
  path: Assets/Assets/KayKit_ResourceBits_1.0_FREE/More KayKit Assets.url
  artifactKey: Guid(cb3817bda20694243bb93edf071b31cf) Importer(2089858483,b0f066a214c2f5e87bad3c948f4d605d)
Start importing Assets/Assets/KayKit_ResourceBits_1.0_FREE/More KayKit Assets.url using Guid(cb3817bda20694243bb93edf071b31cf) Importer(2089858483,b0f066a214c2f5e87bad3c948f4d605d) (ScriptedImporter) -> (artifact id: '0fa0afb23a45005080641561acec269c') in 0.0150606 seconds
Number of updated asset objects reloaded before import = 0Number of asset objects unloaded after import = 1

========================================================================
Received Import Request.
  Time since last request: 0.000019 seconds.
  path: Assets/Assets/KayKit_ResourceBits_1.0_FREE/Patreon.url
  artifactKey: Guid(4fc0b0c83f8c72944a2338b7bae95ad6) Importer(2089858483,b0f066a214c2f5e87bad3c948f4d605d)
Start importing Assets/Assets/KayKit_ResourceBits_1.0_FREE/Patreon.url using Guid(4fc0b0c83f8c72944a2338b7bae95ad6) Importer(2089858483,b0f066a214c2f5e87bad3c948f4d605d) (ScriptedImporter) -> (artifact id: '27247230632e9935dd03122bbf5a1d27') in 0.0120851 seconds
Number of updated asset objects reloaded before import = 0Number of asset objects unloaded after import = 1

========================================================================
Received Import Request.
  Time since last request: 0.000015 seconds.
  path: Assets/Assets/KayKit_ResourceBits_1.0_FREE/Assets/gltf/Copper_Nugget_Large.gltf
  artifactKey: Guid(510cc4fa70483ff4b9d3a1b816c9dd58) Importer(2089858483,b0f066a214c2f5e87bad3c948f4d605d)
Start importing Assets/Assets/KayKit_ResourceBits_1.0_FREE/Assets/gltf/Copper_Nugget_Large.gltf using Guid(510cc4fa70483ff4b9d3a1b816c9dd58) Importer(2089858483,b0f066a214c2f5e87bad3c948f4d605d) (ScriptedImporter) -> (artifact id: 'c281c3a379d2fd76f8e482922e8251cb') in 0.011 seconds
Number of updated asset objects reloaded before import = 0Number of asset objects unloaded after import = 1

========================================================================
Received Import Request.
  Time since last request: 0.000023 seconds.
  path: Assets/Assets/KayKit_ResourceBits_1.0_FREE/Assets/obj/Iron_Bars.mtl
  artifactKey: Guid(072cb9fb841e3824a85ddccc8deaa700) Importer(2089858483,b0f066a214c2f5e87bad3c948f4d605d)
Start importing Assets/Assets/KayKit_ResourceBits_1.0_FREE/Assets/obj/Iron_Bars.mtl using Guid(072cb9fb841e3824a85ddccc8deaa700) Importer(2089858483,b0f066a214c2f5e87bad3c948f4d605d) (ScriptedImporter) -> (artifact id: 'f6fa84939c0e00cd3ae8d3a625e8642b') in 0.0122254 seconds
Number of updated asset objects reloaded before import = 0Number of asset objects unloaded after import = 1

========================================================================
Received Import Request.
  Time since last request: 0.000024 seconds.
  path: Assets/Assets/KayKit_ResourceBits_1.0_FREE/Assets/gltf/Gold_Nuggets.gltf
  artifactKey: Guid(f2a679e1d184d294cac4fd6e2ef84245) Importer(2089858483,b0f066a214c2f5e87bad3c948f4d605d)
Start importing Assets/Assets/KayKit_ResourceBits_1.0_FREE/Assets/gltf/Gold_Nuggets.gltf using Guid(f2a679e1d184d294cac4fd6e2ef84245) Importer(2089858483,b0f066a214c2f5e87bad3c948f4d605d) (ScriptedImporter) -> (artifact id: '364d25fb69622ac7534d2b64187801cc') in 0.0122654 seconds
Number of updated asset objects reloaded before import = 0Number of asset objects unloaded after import = 1

========================================================================
Received Import Request.
  Time since last request: 0.000033 seconds.
  path: Assets/Assets/KayKit_ResourceBits_1.0_FREE/Assets/obj/Gold_Bar.obj
  artifactKey: Guid(6fa28c73e343cdc45b708b5bc4a2cdac) Importer(2089858483,b0f066a214c2f5e87bad3c948f4d605d)
Start importing Assets/Assets/KayKit_ResourceBits_1.0_FREE/Assets/obj/Gold_Bar.obj using Guid(6fa28c73e343cdc45b708b5bc4a2cdac) Importer(2089858483,b0f066a214c2f5e87bad3c948f4d605d) (ScriptedImporter) -> (artifact id: '0a52ba3914ff73ee41418deddef5482a') in 0.017839 seconds
Number of updated asset objects reloaded before import = 0Number of asset objects unloaded after import = 11

========================================================================
Received Import Request.
  Time since last request: 0.000027 seconds.
  path: Assets/Assets/KayKit_ResourceBits_1.0_FREE/Assets/gltf/Gold_Bars.bin
  artifactKey: Guid(1fc7c848653c4894498aca3660440161) Importer(2089858483,b0f066a214c2f5e87bad3c948f4d605d)
Start importing Assets/Assets/KayKit_ResourceBits_1.0_FREE/Assets/gltf/Gold_Bars.bin using Guid(1fc7c848653c4894498aca3660440161) Importer(2089858483,b0f066a214c2f5e87bad3c948f4d605d) (ScriptedImporter) -> (artifact id: '3a0d1c410c99dd0d9f199ec0a5a0979d') in 0.0132411 seconds
Number of updated asset objects reloaded before import = 0Number of asset objects unloaded after import = 1

========================================================================
Received Import Request.
  Time since last request: 0.000022 seconds.
  path: Assets/Assets/KayKit_ResourceBits_1.0_FREE/Assets/gltf/Silver_Bars_Stack_Medium.bin
  artifactKey: Guid(9875ee1eeee1e8443a0ea98a0cd72c58) Importer(2089858483,b0f066a214c2f5e87bad3c948f4d605d)
Start importing Assets/Assets/KayKit_ResourceBits_1.0_FREE/Assets/gltf/Silver_Bars_Stack_Medium.bin using Guid(9875ee1eeee1e8443a0ea98a0cd72c58) Importer(2089858483,b0f066a214c2f5e87bad3c948f4d605d) (ScriptedImporter) -> (artifact id: '4348c5e7128c5e0000292eba2a5e78a4') in 0.0112608 seconds
Number of updated asset objects reloaded before import = 0Number of asset objects unloaded after import = 1

========================================================================
Received Import Request.
  Time since last request: 0.000017 seconds.
  path: Assets/Assets/KayKit_ResourceBits_1.0_FREE/Assets/gltf/Iron_Bars_Stack_Large.bin
  artifactKey: Guid(0b4cfbc5d3e463e488f42d3be74256b8) Importer(2089858483,b0f066a214c2f5e87bad3c948f4d605d)
Start importing Assets/Assets/KayKit_ResourceBits_1.0_FREE/Assets/gltf/Iron_Bars_Stack_Large.bin using Guid(0b4cfbc5d3e463e488f42d3be74256b8) Importer(2089858483,b0f066a214c2f5e87bad3c948f4d605d) (ScriptedImporter) -> (artifact id: '23bae6d47619d00d740061a20a8d9cb1') in 0.01112 seconds
Number of updated asset objects reloaded before import = 0Number of asset objects unloaded after import = 1

========================================================================
Received Import Request.
  Time since last request: 0.000027 seconds.
  path: Assets/Assets/KayKit_ResourceBits_1.0_FREE/Assets/fbx(unity)/Fuel_B_Barrel_Dirty.fbx
  artifactKey: Guid(27e7c6c29f2633c409739d2496eaa1a7) Importer(2089858483,b0f066a214c2f5e87bad3c948f4d605d)
Start importing Assets/Assets/KayKit_ResourceBits_1.0_FREE/Assets/fbx(unity)/Fuel_B_Barrel_Dirty.fbx using Guid(27e7c6c29f2633c409739d2496eaa1a7) Importer(2089858483,b0f066a214c2f5e87bad3c948f4d605d) (ScriptedImporter) -> (artifact id: 'df8b67b5f1bd5f09c7a14268fba2cd3a') in 0.0229509 seconds
Number of updated asset objects reloaded before import = 0Number of asset objects unloaded after import = 9

========================================================================
Received Import Request.
  Time since last request: 0.000033 seconds.
  path: Assets/Assets/KayKit_ResourceBits_1.0_FREE/Assets/obj/Iron_Nugget_Medium.obj
  artifactKey: Guid(4d3887e9f07b33a4cb4255941bd87bc5) Importer(2089858483,b0f066a214c2f5e87bad3c948f4d605d)
Start importing Assets/Assets/KayKit_ResourceBits_1.0_FREE/Assets/obj/Iron_Nugget_Medium.obj using Guid(4d3887e9f07b33a4cb4255941bd87bc5) Importer(2089858483,b0f066a214c2f5e87bad3c948f4d605d) (ScriptedImporter) -> (artifact id: '872cc1c0d8d9cb5ce862e846e1fdf66a') in 0.0170486 seconds
Number of updated asset objects reloaded before import = 0Number of asset objects unloaded after import = 11

========================================================================
Received Import Request.
  Time since last request: 0.000017 seconds.
  path: Assets/Assets/KayKit_ResourceBits_1.0_FREE/Assets/obj/Fuel_C_Jerrycan.obj
  artifactKey: Guid(674bf8aee16862341bb1ed9aca1a8d6a) Importer(2089858483,b0f066a214c2f5e87bad3c948f4d605d)
Start importing Assets/Assets/KayKit_ResourceBits_1.0_FREE/Assets/obj/Fuel_C_Jerrycan.obj using Guid(674bf8aee16862341bb1ed9aca1a8d6a) Importer(2089858483,b0f066a214c2f5e87bad3c948f4d605d) (ScriptedImporter) -> (artifact id: 'b4cf6f557e1874b66d31fbf9473d7745') in 0.0182529 seconds
Number of updated asset objects reloaded before import = 0Number of asset objects unloaded after import = 11

========================================================================
Received Import Request.
  Time since last request: 0.000016 seconds.
  path: Assets/Assets/KayKit_ResourceBits_1.0_FREE/Assets/obj/Silver_Bars.mtl
  artifactKey: Guid(51a62a9d47eebfc41af3c61d38bf7c54) Importer(2089858483,b0f066a214c2f5e87bad3c948f4d605d)
Start importing Assets/Assets/KayKit_ResourceBits_1.0_FREE/Assets/obj/Silver_Bars.mtl using Guid(51a62a9d47eebfc41af3c61d38bf7c54) Importer(2089858483,b0f066a214c2f5e87bad3c948f4d605d) (ScriptedImporter) -> (artifact id: '13f048924577e2f2bb6ca141845946db') in 0.0103278 seconds
Number of updated asset objects reloaded before import = 0Number of asset objects unloaded after import = 1

========================================================================
Received Import Request.
  Time since last request: 0.000014 seconds.
  path: Assets/Assets/KayKit_ResourceBits_1.0_FREE/Assets/fbx/Gold_Bars.fbx
  artifactKey: Guid(428f5cd8d4afaaf43b2367f3ffb08af1) Importer(2089858483,b0f066a214c2f5e87bad3c948f4d605d)
Start importing Assets/Assets/KayKit_ResourceBits_1.0_FREE/Assets/fbx/Gold_Bars.fbx using Guid(428f5cd8d4afaaf43b2367f3ffb08af1) Importer(2089858483,b0f066a214c2f5e87bad3c948f4d605d) (ScriptedImporter) -> (artifact id: '6a1e7933f8f3a012677c7708c9610386') in 0.0173754 seconds
Number of updated asset objects reloaded before import = 0Number of asset objects unloaded after import = 9

========================================================================
Received Import Request.
  Time since last request: 0.000019 seconds.
  path: Assets/Assets/KayKit_ResourceBits_1.0_FREE/Assets/obj/Iron_Bars_Stack_Large.mtl
  artifactKey: Guid(27f1ea9725fb8334fba31ae90d620885) Importer(2089858483,b0f066a214c2f5e87bad3c948f4d605d)
Start importing Assets/Assets/KayKit_ResourceBits_1.0_FREE/Assets/obj/Iron_Bars_Stack_Large.mtl using Guid(27f1ea9725fb8334fba31ae90d620885) Importer(2089858483,b0f066a214c2f5e87bad3c948f4d605d) (ScriptedImporter) -> (artifact id: '5943b629bb27282bb26ab03e57cac4a7') in 0.0099617 seconds
Number of updated asset objects reloaded before import = 0Number of asset objects unloaded after import = 1

========================================================================
Received Import Request.
  Time since last request: 0.000039 seconds.
  path: Assets/Assets/KayKit_ResourceBits_1.0_FREE/Assets/gltf/Stone_Bricks_Stack_Large.gltf
  artifactKey: Guid(781d27fd3f41e894e860aa4e5f14d4ff) Importer(2089858483,b0f066a214c2f5e87bad3c948f4d605d)
Start importing Assets/Assets/KayKit_ResourceBits_1.0_FREE/Assets/gltf/Stone_Bricks_Stack_Large.gltf using Guid(781d27fd3f41e894e860aa4e5f14d4ff) Importer(2089858483,b0f066a214c2f5e87bad3c948f4d605d) (ScriptedImporter) -> (artifact id: '58d5bac8c135e30cb9ddb41da5b433cc') in 0.0168626 seconds
Number of updated asset objects reloaded before import = 0Number of asset objects unloaded after import = 1

========================================================================
Received Import Request.
  Time since last request: 0.000023 seconds.
  path: Assets/Assets/KayKit_ResourceBits_1.0_FREE/Assets/obj/Textiles_C.mtl
  artifactKey: Guid(c8bd9e85f1704ad459995c44ce3d2f9b) Importer(2089858483,b0f066a214c2f5e87bad3c948f4d605d)
Start importing Assets/Assets/KayKit_ResourceBits_1.0_FREE/Assets/obj/Textiles_C.mtl using Guid(c8bd9e85f1704ad459995c44ce3d2f9b) Importer(2089858483,b0f066a214c2f5e87bad3c948f4d605d) (ScriptedImporter) -> (artifact id: '08d19ffe9814269c86cb11f096d0830d') in 0.0119699 seconds
Number of updated asset objects reloaded before import = 0Number of asset objects unloaded after import = 1

========================================================================
Received Import Request.
  Time since last request: 0.000027 seconds.
  path: Assets/Assets/KayKit_ResourceBits_1.0_FREE/Assets/gltf/Textiles_Stack_Large.gltf
  artifactKey: Guid(4ffd5c9348a2d344bad5a5d8013e97ed) Importer(2089858483,b0f066a214c2f5e87bad3c948f4d605d)
Start importing Assets/Assets/KayKit_ResourceBits_1.0_FREE/Assets/gltf/Textiles_Stack_Large.gltf using Guid(4ffd5c9348a2d344bad5a5d8013e97ed) Importer(2089858483,b0f066a214c2f5e87bad3c948f4d605d) (ScriptedImporter) -> (artifact id: '4e2c666c0648bae47ba29b4f69511e4b') in 0.0109615 seconds
Number of updated asset objects reloaded before import = 0Number of asset objects unloaded after import = 1

========================================================================
Received Import Request.
  Time since last request: 0.000015 seconds.
  path: Assets/Assets/KayKit_ResourceBits_1.0_FREE/Assets/obj/Stone_Chunks_Large.obj
  artifactKey: Guid(5176b057f86cbec4885c1e5f81d63271) Importer(2089858483,b0f066a214c2f5e87bad3c948f4d605d)
Start importing Assets/Assets/KayKit_ResourceBits_1.0_FREE/Assets/obj/Stone_Chunks_Large.obj using Guid(5176b057f86cbec4885c1e5f81d63271) Importer(2089858483,b0f066a214c2f5e87bad3c948f4d605d) (ScriptedImporter) -> (artifact id: 'a1cc9d530bd051421e9773078c41c865') in 0.0276132 seconds
Number of updated asset objects reloaded before import = 0Number of asset objects unloaded after import = 11

========================================================================
Received Import Request.
  Time since last request: 0.000017 seconds.
  path: Assets/Assets/KayKit_ResourceBits_1.0_FREE/Assets/obj/Fuel_B_Barrels.obj
  artifactKey: Guid(7eb656f57901ea44ba41294288ddd720) Importer(2089858483,b0f066a214c2f5e87bad3c948f4d605d)
Start importing Assets/Assets/KayKit_ResourceBits_1.0_FREE/Assets/obj/Fuel_B_Barrels.obj using Guid(7eb656f57901ea44ba41294288ddd720) Importer(2089858483,b0f066a214c2f5e87bad3c948f4d605d) (ScriptedImporter) -> (artifact id: 'd4d9a494004a8ec8972eff1852846151') in 0.0221117 seconds
Number of updated asset objects reloaded before import = 0Number of asset objects unloaded after import = 11

========================================================================
Received Import Request.
  Time since last request: 0.000037 seconds.
  path: Assets/Assets/KayKit_ResourceBits_1.0_FREE/Assets/obj/Gold_Nuggets.mtl
  artifactKey: Guid(714e2dd1954a04a47862e70715ca617f) Importer(2089858483,b0f066a214c2f5e87bad3c948f4d605d)
Start importing Assets/Assets/KayKit_ResourceBits_1.0_FREE/Assets/obj/Gold_Nuggets.mtl using Guid(714e2dd1954a04a47862e70715ca617f) Importer(2089858483,b0f066a214c2f5e87bad3c948f4d605d) (ScriptedImporter) -> (artifact id: 'b8d6452522e9135a26baac9513f934ec') in 0.014008 seconds
Number of updated asset objects reloaded before import = 0Number of asset objects unloaded after import = 1

========================================================================
Received Import Request.
  Time since last request: 0.000014 seconds.
  path: Assets/Assets/KayKit_ResourceBits_1.0_FREE/Assets/obj/resource_bits_texture.png
  artifactKey: Guid(b04836eac6f4b3e45b2edc7ccea59999) Importer(2089858483,b0f066a214c2f5e87bad3c948f4d605d)
Start importing Assets/Assets/KayKit_ResourceBits_1.0_FREE/Assets/obj/resource_bits_texture.png using Guid(b04836eac6f4b3e45b2edc7ccea59999) Importer(2089858483,b0f066a214c2f5e87bad3c948f4d605d) (ScriptedImporter) -> (artifact id: 'cd1b0af4b92911bb813e9f3190ab1142') in 0.0591644 seconds
Number of updated asset objects reloaded before import = 0Number of asset objects unloaded after import = 1

========================================================================
Received Import Request.
  Time since last request: 0.000020 seconds.
  path: Assets/Assets/KayKit_ResourceBits_1.0_FREE/Assets/gltf/Textiles_Stack_Small.bin
  artifactKey: Guid(3523c8498a90ff44088284ea15c35f15) Importer(2089858483,b0f066a214c2f5e87bad3c948f4d605d)
Start importing Assets/Assets/KayKit_ResourceBits_1.0_FREE/Assets/gltf/Textiles_Stack_Small.bin using Guid(3523c8498a90ff44088284ea15c35f15) Importer(2089858483,b0f066a214c2f5e87bad3c948f4d605d) (ScriptedImporter) -> (artifact id: 'a0e155dc1eff33fa5339179709895400') in 0.0106912 seconds
Number of updated asset objects reloaded before import = 0Number of asset objects unloaded after import = 1

========================================================================
Received Import Request.
  Time since last request: 0.000020 seconds.
  path: Assets/Assets/KayKit_ResourceBits_1.0_FREE/Assets/fbx(unity)/Pallet_Wood_Covered_B.fbx
  artifactKey: Guid(8929d7d34e0fb984fb394bf68d565e2d) Importer(2089858483,b0f066a214c2f5e87bad3c948f4d605d)
Start importing Assets/Assets/KayKit_ResourceBits_1.0_FREE/Assets/fbx(unity)/Pallet_Wood_Covered_B.fbx using Guid(8929d7d34e0fb984fb394bf68d565e2d) Importer(2089858483,b0f066a214c2f5e87bad3c948f4d605d) (ScriptedImporter) -> (artifact id: '89b364de2e36fc54220bf4be63db4b18') in 0.0192847 seconds
Number of updated asset objects reloaded before import = 0Number of asset objects unloaded after import = 9

========================================================================
Received Import Request.
  Time since last request: 0.000024 seconds.
  path: Assets/Assets/KayKit_ResourceBits_1.0_FREE/Assets/gltf/Wood_Planks_Stack_Small.bin
  artifactKey: Guid(013353510cc36c749add3ee58639a88e) Importer(2089858483,b0f066a214c2f5e87bad3c948f4d605d)
Start importing Assets/Assets/KayKit_ResourceBits_1.0_FREE/Assets/gltf/Wood_Planks_Stack_Small.bin using Guid(013353510cc36c749add3ee58639a88e) Importer(2089858483,b0f066a214c2f5e87bad3c948f4d605d) (ScriptedImporter) -> (artifact id: '37c4fc3d48dcede62934afb74fb3bff6') in 0.0095849 seconds
Number of updated asset objects reloaded before import = 0Number of asset objects unloaded after import = 1

========================================================================
Received Import Request.
  Time since last request: 0.000015 seconds.
  path: Assets/Assets/KayKit_ResourceBits_1.0_FREE/Assets/gltf/Fuel_C_Jerrycan.gltf
  artifactKey: Guid(93d3b09d6cda6664fb09b116f83cda78) Importer(2089858483,b0f066a214c2f5e87bad3c948f4d605d)
Start importing Assets/Assets/KayKit_ResourceBits_1.0_FREE/Assets/gltf/Fuel_C_Jerrycan.gltf using Guid(93d3b09d6cda6664fb09b116f83cda78) Importer(2089858483,b0f066a214c2f5e87bad3c948f4d605d) (ScriptedImporter) -> (artifact id: 'c4aa89939ebe05b94ec2ba901a4c5e0b') in 0.0119938 seconds
Number of updated asset objects reloaded before import = 0Number of asset objects unloaded after import = 1

========================================================================
Received Import Request.
  Time since last request: 0.000022 seconds.
  path: Assets/Assets/KayKit_ResourceBits_1.0_FREE/Assets/obj/Silver_Nuggets.obj
  artifactKey: Guid(2cb1b38d616747e4ebb5f2bc41e68e5f) Importer(2089858483,b0f066a214c2f5e87bad3c948f4d605d)
Start importing Assets/Assets/KayKit_ResourceBits_1.0_FREE/Assets/obj/Silver_Nuggets.obj using Guid(2cb1b38d616747e4ebb5f2bc41e68e5f) Importer(2089858483,b0f066a214c2f5e87bad3c948f4d605d) (ScriptedImporter) -> (artifact id: '89773834a5a28f687a3029508b83fe17') in 0.0174788 seconds
Number of updated asset objects reloaded before import = 0Number of asset objects unloaded after import = 11

========================================================================
Received Import Request.
  Time since last request: 0.000015 seconds.
  path: Assets/Assets/KayKit_ResourceBits_1.0_FREE/Assets/gltf/Stone_Chunks_Large.bin
  artifactKey: Guid(a4afe9f2e59cf9f4ba465c72749e6638) Importer(2089858483,b0f066a214c2f5e87bad3c948f4d605d)
Start importing Assets/Assets/KayKit_ResourceBits_1.0_FREE/Assets/gltf/Stone_Chunks_Large.bin using Guid(a4afe9f2e59cf9f4ba465c72749e6638) Importer(2089858483,b0f066a214c2f5e87bad3c948f4d605d) (ScriptedImporter) -> (artifact id: '5eef6454f657b355076e57766de4a2fc') in 0.0106076 seconds
Number of updated asset objects reloaded before import = 0Number of asset objects unloaded after import = 1

========================================================================
Received Import Request.
  Time since last request: 0.000018 seconds.
  path: Assets/Assets/KayKit_ResourceBits_1.0_FREE/Assets/fbx/Iron_Bars.fbx
  artifactKey: Guid(3f2d5b168f79d154a9d91832425d524e) Importer(2089858483,b0f066a214c2f5e87bad3c948f4d605d)
Start importing Assets/Assets/KayKit_ResourceBits_1.0_FREE/Assets/fbx/Iron_Bars.fbx using Guid(3f2d5b168f79d154a9d91832425d524e) Importer(2089858483,b0f066a214c2f5e87bad3c948f4d605d) (ScriptedImporter) -> (artifact id: 'f7506afba6bc5426b83b37abee0004ed') in 0.018848 seconds
Number of updated asset objects reloaded before import = 0Number of asset objects unloaded after import = 9

========================================================================
Received Import Request.
  Time since last request: 0.000024 seconds.
  path: Assets/Assets/KayKit_ResourceBits_1.0_FREE/Assets/obj/Gold_Bar.mtl
  artifactKey: Guid(b1c570ffa25a5164ea9102f8b82553b8) Importer(2089858483,b0f066a214c2f5e87bad3c948f4d605d)
Start importing Assets/Assets/KayKit_ResourceBits_1.0_FREE/Assets/obj/Gold_Bar.mtl using Guid(b1c570ffa25a5164ea9102f8b82553b8) Importer(2089858483,b0f066a214c2f5e87bad3c948f4d605d) (ScriptedImporter) -> (artifact id: '6c09d71d4bfaa56e4f540e361baeff61') in 0.0101199 seconds
Number of updated asset objects reloaded before import = 0Number of asset objects unloaded after import = 1

========================================================================
Received Import Request.
  Time since last request: 0.000015 seconds.
  path: Assets/Assets/KayKit_ResourceBits_1.0_FREE/Assets/obj/Wood_Log_Stack.obj
  artifactKey: Guid(2ebcd1ec0681f3f499b4c837e73573e1) Importer(2089858483,b0f066a214c2f5e87bad3c948f4d605d)
Start importing Assets/Assets/KayKit_ResourceBits_1.0_FREE/Assets/obj/Wood_Log_Stack.obj using Guid(2ebcd1ec0681f3f499b4c837e73573e1) Importer(2089858483,b0f066a214c2f5e87bad3c948f4d605d) (ScriptedImporter) -> (artifact id: '785ea3b7c84e9b6bb6873f88c5492050') in 0.0199196 seconds
Number of updated asset objects reloaded before import = 0Number of asset objects unloaded after import = 11

========================================================================
Received Import Request.
  Time since last request: 0.000017 seconds.
  path: Assets/Assets/KayKit_ResourceBits_1.0_FREE/Assets/gltf/Gold_Nugget_Large.bin
  artifactKey: Guid(6b479f2eaa9352c48ba9fb124470e3c3) Importer(2089858483,b0f066a214c2f5e87bad3c948f4d605d)
Start importing Assets/Assets/KayKit_ResourceBits_1.0_FREE/Assets/gltf/Gold_Nugget_Large.bin using Guid(6b479f2eaa9352c48ba9fb124470e3c3) Importer(2089858483,b0f066a214c2f5e87bad3c948f4d605d) (ScriptedImporter) -> (artifact id: '3e84d03523299b29633419dc8d605cda') in 0.0104145 seconds
Number of updated asset objects reloaded before import = 0Number of asset objects unloaded after import = 1

========================================================================
Received Import Request.
  Time since last request: 0.000015 seconds.
  path: Assets/Assets/KayKit_ResourceBits_1.0_FREE/Assets/fbx(unity)/Textiles_Stack_Small.fbx
  artifactKey: Guid(5d8d7e00b7c9f154fb77fc517c98e919) Importer(2089858483,b0f066a214c2f5e87bad3c948f4d605d)
Start importing Assets/Assets/KayKit_ResourceBits_1.0_FREE/Assets/fbx(unity)/Textiles_Stack_Small.fbx using Guid(5d8d7e00b7c9f154fb77fc517c98e919) Importer(2089858483,b0f066a214c2f5e87bad3c948f4d605d) (ScriptedImporter) -> (artifact id: 'fa831518650cf662e9f6130d7f02c150') in 0.0224105 seconds
Number of updated asset objects reloaded before import = 0Number of asset objects unloaded after import = 9

========================================================================
Received Import Request.
  Time since last request: 0.000021 seconds.
  path: Assets/Assets/KayKit_ResourceBits_1.0_FREE/Assets/fbx/Silver_Bars_Stack_Small.fbx
  artifactKey: Guid(b69cad3e033699d449fd1a17da77aeb7) Importer(2089858483,b0f066a214c2f5e87bad3c948f4d605d)
Start importing Assets/Assets/KayKit_ResourceBits_1.0_FREE/Assets/fbx/Silver_Bars_Stack_Small.fbx using Guid(b69cad3e033699d449fd1a17da77aeb7) Importer(2089858483,b0f066a214c2f5e87bad3c948f4d605d) (ScriptedImporter) -> (artifact id: 'c38bf5f34f86b7fa0720e54988772f9f') in 0.0256256 seconds
Number of updated asset objects reloaded before import = 0Number of asset objects unloaded after import = 9

========================================================================
Received Import Request.
  Time since last request: 0.000029 seconds.
  path: Assets/Assets/KayKit_ResourceBits_1.0_FREE/Assets/gltf/Iron_Bars.gltf
  artifactKey: Guid(1465bb8ba89de514e9ee31da495d6a15) Importer(2089858483,b0f066a214c2f5e87bad3c948f4d605d)
Start importing Assets/Assets/KayKit_ResourceBits_1.0_FREE/Assets/gltf/Iron_Bars.gltf using Guid(1465bb8ba89de514e9ee31da495d6a15) Importer(2089858483,b0f066a214c2f5e87bad3c948f4d605d) (ScriptedImporter) -> (artifact id: 'cd2909ddf38cb368be8cdf530c7c4460') in 0.0113765 seconds
Number of updated asset objects reloaded before import = 0Number of asset objects unloaded after import = 1

========================================================================
Received Import Request.
  Time since last request: 0.000015 seconds.
  path: Assets/Assets/KayKit_ResourceBits_1.0_FREE/Assets/gltf/Wood_Planks_Stack_Large.gltf
  artifactKey: Guid(c00bd4293ee09c84d84b1646813eaa70) Importer(2089858483,b0f066a214c2f5e87bad3c948f4d605d)
Start importing Assets/Assets/KayKit_ResourceBits_1.0_FREE/Assets/gltf/Wood_Planks_Stack_Large.gltf using Guid(c00bd4293ee09c84d84b1646813eaa70) Importer(2089858483,b0f066a214c2f5e87bad3c948f4d605d) (ScriptedImporter) -> (artifact id: '3598b10c91ddf3f2ed670aebb07d6604') in 0.0163323 seconds
Number of updated asset objects reloaded before import = 0Number of asset objects unloaded after import = 1

========================================================================
Received Import Request.
  Time since last request: 0.000016 seconds.
  path: Assets/Assets/KayKit_ResourceBits_1.0_FREE/Assets/obj/Copper_Bars.mtl
  artifactKey: Guid(962eded6db2e086459fa47a0f7ec1173) Importer(2089858483,b0f066a214c2f5e87bad3c948f4d605d)
Start importing Assets/Assets/KayKit_ResourceBits_1.0_FREE/Assets/obj/Copper_Bars.mtl using Guid(962eded6db2e086459fa47a0f7ec1173) Importer(2089858483,b0f066a214c2f5e87bad3c948f4d605d) (ScriptedImporter) -> (artifact id: '2185795ed465038ef17c2368c5e42914') in 0.0159507 seconds
Number of updated asset objects reloaded before import = 0Number of asset objects unloaded after import = 1

========================================================================
Received Import Request.
  Time since last request: 0.000015 seconds.
  path: Assets/Assets/KayKit_ResourceBits_1.0_FREE/Assets/fbx/Fuel_C_Jerrycan.fbx
  artifactKey: Guid(1b7d8c402c32ca345a2d1af196a5239b) Importer(2089858483,b0f066a214c2f5e87bad3c948f4d605d)
Start importing Assets/Assets/KayKit_ResourceBits_1.0_FREE/Assets/fbx/Fuel_C_Jerrycan.fbx using Guid(1b7d8c402c32ca345a2d1af196a5239b) Importer(2089858483,b0f066a214c2f5e87bad3c948f4d605d) (ScriptedImporter) -> (artifact id: '53712de735ea89e719494a4e7a7f8329') in 0.0273143 seconds
Number of updated asset objects reloaded before import = 0Number of asset objects unloaded after import = 9

========================================================================
Received Import Request.
  Time since last request: 0.000025 seconds.
  path: Assets/Assets/KayKit_ResourceBits_1.0_FREE/Assets/obj/Iron_Nugget_Medium.mtl
  artifactKey: Guid(60fb7c571b50624479e49016b73eb4a3) Importer(2089858483,b0f066a214c2f5e87bad3c948f4d605d)
Start importing Assets/Assets/KayKit_ResourceBits_1.0_FREE/Assets/obj/Iron_Nugget_Medium.mtl using Guid(60fb7c571b50624479e49016b73eb4a3) Importer(2089858483,b0f066a214c2f5e87bad3c948f4d605d) (ScriptedImporter) -> (artifact id: 'a94858ee394f9450062ae5f984c8383c') in 0.0257748 seconds
Number of updated asset objects reloaded before import = 0Number of asset objects unloaded after import = 1

========================================================================
Received Import Request.
  Time since last request: 0.000037 seconds.
  path: Assets/Assets/KayKit_ResourceBits_1.0_FREE/Assets/obj/Fuel_A_Jerrycan.obj
  artifactKey: Guid(14b6d84507db8744bb9ef3844e77841e) Importer(2089858483,b0f066a214c2f5e87bad3c948f4d605d)
Start importing Assets/Assets/KayKit_ResourceBits_1.0_FREE/Assets/obj/Fuel_A_Jerrycan.obj using Guid(14b6d84507db8744bb9ef3844e77841e) Importer(2089858483,b0f066a214c2f5e87bad3c948f4d605d) (ScriptedImporter) -> (artifact id: 'c00c44b0ad87f170428db1cae101d43a') in 0.0273174 seconds
Number of updated asset objects reloaded before import = 0Number of asset objects unloaded after import = 11

========================================================================
Received Import Request.
  Time since last request: 0.000017 seconds.
  path: Assets/Assets/KayKit_ResourceBits_1.0_FREE/Assets/fbx(unity)/Silver_Nugget_Medium.fbx
  artifactKey: Guid(35bd80a09a41bf741a296f05bd0271a3) Importer(2089858483,b0f066a214c2f5e87bad3c948f4d605d)
Start importing Assets/Assets/KayKit_ResourceBits_1.0_FREE/Assets/fbx(unity)/Silver_Nugget_Medium.fbx using Guid(35bd80a09a41bf741a296f05bd0271a3) Importer(2089858483,b0f066a214c2f5e87bad3c948f4d605d) (ScriptedImporter) -> (artifact id: '482b97fbaaae46c9efe1d0535eed9994') in 0.0233054 seconds
Number of updated asset objects reloaded before import = 0Number of asset objects unloaded after import = 9

========================================================================
Received Import Request.
  Time since last request: 0.000024 seconds.
  path: Assets/Assets/KayKit_ResourceBits_1.0_FREE/Assets/gltf/Silver_Bars.bin
  artifactKey: Guid(9aa451790d3a6214893f05c0090910fe) Importer(2089858483,b0f066a214c2f5e87bad3c948f4d605d)
Start importing Assets/Assets/KayKit_ResourceBits_1.0_FREE/Assets/gltf/Silver_Bars.bin using Guid(9aa451790d3a6214893f05c0090910fe) Importer(2089858483,b0f066a214c2f5e87bad3c948f4d605d) (ScriptedImporter) -> (artifact id: '65405bb4c8d782596ad353fb8fe329a4') in 0.0135971 seconds
Number of updated asset objects reloaded before import = 0Number of asset objects unloaded after import = 1

========================================================================
Received Import Request.
  Time since last request: 0.000023 seconds.
  path: Assets/Assets/KayKit_ResourceBits_1.0_FREE/Assets/gltf/Fuel_B_Barrel_Dirty.bin
  artifactKey: Guid(61058acdd8e43c947bb5d17b79861bcc) Importer(2089858483,b0f066a214c2f5e87bad3c948f4d605d)
Start importing Assets/Assets/KayKit_ResourceBits_1.0_FREE/Assets/gltf/Fuel_B_Barrel_Dirty.bin using Guid(61058acdd8e43c947bb5d17b79861bcc) Importer(2089858483,b0f066a214c2f5e87bad3c948f4d605d) (ScriptedImporter) -> (artifact id: 'ea48f765678377e4f568b4e0ad9564cf') in 0.0102018 seconds
Number of updated asset objects reloaded before import = 0Number of asset objects unloaded after import = 1

========================================================================
Received Import Request.
  Time since last request: 0.000026 seconds.
  path: Assets/Assets/KayKit_ResourceBits_1.0_FREE/Assets/fbx(unity)/Stone_Chunks_Large.fbx
  artifactKey: Guid(d255402129bb1d24188eec19e687e26f) Importer(2089858483,b0f066a214c2f5e87bad3c948f4d605d)
Start importing Assets/Assets/KayKit_ResourceBits_1.0_FREE/Assets/fbx(unity)/Stone_Chunks_Large.fbx using Guid(d255402129bb1d24188eec19e687e26f) Importer(2089858483,b0f066a214c2f5e87bad3c948f4d605d) (ScriptedImporter) -> (artifact id: '84454c7991e6d27a286338c95feec52e') in 0.0233081 seconds
Number of updated asset objects reloaded before import = 0Number of asset objects unloaded after import = 9

========================================================================
Received Import Request.
  Time since last request: 0.000022 seconds.
  path: Assets/Assets/KayKit_ResourceBits_1.0_FREE/Assets/gltf/Stone_Bricks_Stack_Small.gltf
  artifactKey: Guid(32d6f405c3f8707458c0bab0e26ef7ae) Importer(2089858483,b0f066a214c2f5e87bad3c948f4d605d)
Start importing Assets/Assets/KayKit_ResourceBits_1.0_FREE/Assets/gltf/Stone_Bricks_Stack_Small.gltf using Guid(32d6f405c3f8707458c0bab0e26ef7ae) Importer(2089858483,b0f066a214c2f5e87bad3c948f4d605d) (ScriptedImporter) -> (artifact id: 'a7a6620a51d3a17acbf8ad6a56cf05da') in 0.0123292 seconds
Number of updated asset objects reloaded before import = 0Number of asset objects unloaded after import = 1

========================================================================
Received Import Request.
  Time since last request: 0.000015 seconds.
  path: Assets/Assets/KayKit_ResourceBits_1.0_FREE/Assets/obj/Silver_Nugget_Small.mtl
  artifactKey: Guid(0244e07be2f15cf4cb43fb542c46414a) Importer(2089858483,b0f066a214c2f5e87bad3c948f4d605d)
Start importing Assets/Assets/KayKit_ResourceBits_1.0_FREE/Assets/obj/Silver_Nugget_Small.mtl using Guid(0244e07be2f15cf4cb43fb542c46414a) Importer(2089858483,b0f066a214c2f5e87bad3c948f4d605d) (ScriptedImporter) -> (artifact id: '5f8d647e0ffcf26c060cb3eba0ef850c') in 0.0120873 seconds
Number of updated asset objects reloaded before import = 0Number of asset objects unloaded after import = 1

========================================================================
Received Import Request.
  Time since last request: 0.000014 seconds.
  path: Assets/Assets/KayKit_ResourceBits_1.0_FREE/Assets/gltf/Fuel_A_Jerrycan.bin
  artifactKey: Guid(cba9c1267f3af3844bcf49922d3215a7) Importer(2089858483,b0f066a214c2f5e87bad3c948f4d605d)
Start importing Assets/Assets/KayKit_ResourceBits_1.0_FREE/Assets/gltf/Fuel_A_Jerrycan.bin using Guid(cba9c1267f3af3844bcf49922d3215a7) Importer(2089858483,b0f066a214c2f5e87bad3c948f4d605d) (ScriptedImporter) -> (artifact id: 'fcb7e17de7c8bacf364ea353798e84bf') in 0.0110065 seconds
Number of updated asset objects reloaded before import = 0Number of asset objects unloaded after import = 1

========================================================================
Received Import Request.
  Time since last request: 0.000030 seconds.
  path: Assets/Assets/KayKit_ResourceBits_1.0_FREE/Assets/fbx(unity)/Iron_Nugget_Small.fbx
  artifactKey: Guid(088771b335a7fbb439661d8f2e9254b5) Importer(2089858483,b0f066a214c2f5e87bad3c948f4d605d)
Start importing Assets/Assets/KayKit_ResourceBits_1.0_FREE/Assets/fbx(unity)/Iron_Nugget_Small.fbx using Guid(088771b335a7fbb439661d8f2e9254b5) Importer(2089858483,b0f066a214c2f5e87bad3c948f4d605d) (ScriptedImporter) -> (artifact id: '77c33978751e2cc67196c66c96bf5986') in 0.0220074 seconds
Number of updated asset objects reloaded before import = 0Number of asset objects unloaded after import = 9

========================================================================
Received Import Request.
  Time since last request: 0.000028 seconds.
  path: Assets/Assets/KayKit_ResourceBits_1.0_FREE/Assets/obj/Gold_Bars_Stack_Medium.obj
  artifactKey: Guid(9bbac8cc779f59548a81c919dbeaf7f2) Importer(2089858483,b0f066a214c2f5e87bad3c948f4d605d)
Start importing Assets/Assets/KayKit_ResourceBits_1.0_FREE/Assets/obj/Gold_Bars_Stack_Medium.obj using Guid(9bbac8cc779f59548a81c919dbeaf7f2) Importer(2089858483,b0f066a214c2f5e87bad3c948f4d605d) (ScriptedImporter) -> (artifact id: 'b93fdb867bb7f7252fea994055c74197') in 0.0207014 seconds
Number of updated asset objects reloaded before import = 0Number of asset objects unloaded after import = 11

========================================================================
Received Import Request.
  Time since last request: 0.000016 seconds.
  path: Assets/Assets/KayKit_ResourceBits_1.0_FREE/Assets/fbx(unity)/Stone_Chunks_Small.fbx
  artifactKey: Guid(d894b914e16a0b142b9adb50b3bfb7e1) Importer(2089858483,b0f066a214c2f5e87bad3c948f4d605d)
Start importing Assets/Assets/KayKit_ResourceBits_1.0_FREE/Assets/fbx(unity)/Stone_Chunks_Small.fbx using Guid(d894b914e16a0b142b9adb50b3bfb7e1) Importer(2089858483,b0f066a214c2f5e87bad3c948f4d605d) (ScriptedImporter) -> (artifact id: '9202959d90bcac3ec45ea4d822c11798') in 0.0198679 seconds
Number of updated asset objects reloaded before import = 0Number of asset objects unloaded after import = 9

========================================================================
Received Import Request.
  Time since last request: 0.000020 seconds.
  path: Assets/Assets/KayKit_ResourceBits_1.0_FREE/Assets/gltf/Wood_Log_Stack.bin
  artifactKey: Guid(babfbecb088fc6041a52662adbaa13c2) Importer(2089858483,b0f066a214c2f5e87bad3c948f4d605d)
Start importing Assets/Assets/KayKit_ResourceBits_1.0_FREE/Assets/gltf/Wood_Log_Stack.bin using Guid(babfbecb088fc6041a52662adbaa13c2) Importer(2089858483,b0f066a214c2f5e87bad3c948f4d605d) (ScriptedImporter) -> (artifact id: '25fd57a5279f88e3a2652c7c8650a138') in 0.011564 seconds
Number of updated asset objects reloaded before import = 0Number of asset objects unloaded after import = 1

========================================================================
Received Import Request.
  Time since last request: 0.000014 seconds.
  path: Assets/Assets/KayKit_ResourceBits_1.0_FREE/Assets/obj/Silver_Bars_Stack_Medium.obj
  artifactKey: Guid(f9211dffcc731944db3f23a63ced4301) Importer(2089858483,b0f066a214c2f5e87bad3c948f4d605d)
Start importing Assets/Assets/KayKit_ResourceBits_1.0_FREE/Assets/obj/Silver_Bars_Stack_Medium.obj using Guid(f9211dffcc731944db3f23a63ced4301) Importer(2089858483,b0f066a214c2f5e87bad3c948f4d605d) (ScriptedImporter) -> (artifact id: '90e5e2eed1d31c67262681b4ba7c9933') in 0.0211097 seconds
Number of updated asset objects reloaded before import = 0Number of asset objects unloaded after import = 11

========================================================================
Received Import Request.
  Time since last request: 0.000019 seconds.
  path: Assets/Assets/KayKit_ResourceBits_1.0_FREE/Assets/fbx(unity)/Fuel_C_Barrel.fbx
  artifactKey: Guid(1993c6408770e974ab27b347fa55d3c9) Importer(2089858483,b0f066a214c2f5e87bad3c948f4d605d)
Start importing Assets/Assets/KayKit_ResourceBits_1.0_FREE/Assets/fbx(unity)/Fuel_C_Barrel.fbx using Guid(1993c6408770e974ab27b347fa55d3c9) Importer(2089858483,b0f066a214c2f5e87bad3c948f4d605d) (ScriptedImporter) -> (artifact id: 'bf46cc9628cf9db6bb9fe1a3e071b448') in 0.0219499 seconds
Number of updated asset objects reloaded before import = 0Number of asset objects unloaded after import = 9

========================================================================
Received Import Request.
  Time since last request: 0.000029 seconds.
  path: Assets/Assets/KayKit_ResourceBits_1.0_FREE/Assets/gltf/Stone_Chunks_Small.gltf
  artifactKey: Guid(e63e2c3a4ebe4bb46ad338ea584f8f91) Importer(2089858483,b0f066a214c2f5e87bad3c948f4d605d)
Start importing Assets/Assets/KayKit_ResourceBits_1.0_FREE/Assets/gltf/Stone_Chunks_Small.gltf using Guid(e63e2c3a4ebe4bb46ad338ea584f8f91) Importer(2089858483,b0f066a214c2f5e87bad3c948f4d605d) (ScriptedImporter) -> (artifact id: 'a253287dbfa269c84e038a4a9e1e092a') in 0.011952 seconds
Number of updated asset objects reloaded before import = 0Number of asset objects unloaded after import = 1

========================================================================
Received Import Request.
  Time since last request: 0.000015 seconds.
  path: Assets/Assets/KayKit_ResourceBits_1.0_FREE/Assets/fbx/Textiles_A.fbx
  artifactKey: Guid(138d27aea2abbb4428e90ca4e111b683) Importer(2089858483,b0f066a214c2f5e87bad3c948f4d605d)
Start importing Assets/Assets/KayKit_ResourceBits_1.0_FREE/Assets/fbx/Textiles_A.fbx using Guid(138d27aea2abbb4428e90ca4e111b683) Importer(2089858483,b0f066a214c2f5e87bad3c948f4d605d) (ScriptedImporter) -> (artifact id: 'fca4fe66e9c4864aeb9cdb536654219a') in 0.0228031 seconds
Number of updated asset objects reloaded before import = 0Number of asset objects unloaded after import = 9

========================================================================
Received Import Request.
  Time since last request: 0.000016 seconds.
  path: Assets/Assets/KayKit_ResourceBits_1.0_FREE/Assets/fbx(unity)/Textiles_B.fbx
  artifactKey: Guid(77c0090e3d912814db35f12562118a97) Importer(2089858483,b0f066a214c2f5e87bad3c948f4d605d)
Start importing Assets/Assets/KayKit_ResourceBits_1.0_FREE/Assets/fbx(unity)/Textiles_B.fbx using Guid(77c0090e3d912814db35f12562118a97) Importer(2089858483,b0f066a214c2f5e87bad3c948f4d605d) (ScriptedImporter) -> (artifact id: 'ed0a51b5bfb814deb2b2f6699d435ea0') in 0.0209797 seconds
Number of updated asset objects reloaded before import = 0Number of asset objects unloaded after import = 9

========================================================================
Received Import Request.
  Time since last request: 0.000029 seconds.
  path: Assets/Assets/KayKit_ResourceBits_1.0_FREE/Assets/fbx(unity)/Wood_Plank_C.fbx
  artifactKey: Guid(e403d10767d94dc42aef04fca5ee48ef) Importer(2089858483,b0f066a214c2f5e87bad3c948f4d605d)
Start importing Assets/Assets/KayKit_ResourceBits_1.0_FREE/Assets/fbx(unity)/Wood_Plank_C.fbx using Guid(e403d10767d94dc42aef04fca5ee48ef) Importer(2089858483,b0f066a214c2f5e87bad3c948f4d605d) (ScriptedImporter) -> (artifact id: '310acc7a91445e1f9acf9a0162cce635') in 0.0238969 seconds
Number of updated asset objects reloaded before import = 0Number of asset objects unloaded after import = 9

========================================================================
Received Import Request.
  Time since last request: 0.000098 seconds.
  path: Assets/Assets/KayKit_ResourceBits_1.0_FREE/Assets/fbx/Copper_Nuggets.fbx
  artifactKey: Guid(0f381d8b8092b47429d165978f3f470d) Importer(2089858483,b0f066a214c2f5e87bad3c948f4d605d)
Start importing Assets/Assets/KayKit_ResourceBits_1.0_FREE/Assets/fbx/Copper_Nuggets.fbx using Guid(0f381d8b8092b47429d165978f3f470d) Importer(2089858483,b0f066a214c2f5e87bad3c948f4d605d) (ScriptedImporter) -> (artifact id: '6dc11653c39df7d2771464bc6bafaebe') in 0.022121 seconds
Number of updated asset objects reloaded before import = 0Number of asset objects unloaded after import = 9

========================================================================
Received Import Request.
  Time since last request: 0.000025 seconds.
  path: Assets/Assets/KayKit_ResourceBits_1.0_FREE/Assets/obj/Textiles_Stack_Large_Colored.mtl
  artifactKey: Guid(55e58f471c1fc834ba11d074733553b5) Importer(2089858483,b0f066a214c2f5e87bad3c948f4d605d)
Start importing Assets/Assets/KayKit_ResourceBits_1.0_FREE/Assets/obj/Textiles_Stack_Large_Colored.mtl using Guid(55e58f471c1fc834ba11d074733553b5) Importer(2089858483,b0f066a214c2f5e87bad3c948f4d605d) (ScriptedImporter) -> (artifact id: 'b34c0ccdaca608a649c5a67d57540e29') in 0.0108196 seconds
Number of updated asset objects reloaded before import = 0Number of asset objects unloaded after import = 1

========================================================================
Received Import Request.
  Time since last request: 0.000016 seconds.
  path: Assets/Assets/KayKit_ResourceBits_1.0_FREE/Assets/fbx(unity)/Fuel_C_Jerrycan.fbx
  artifactKey: Guid(fd5126ee0a67ea940b03c26f8838b627) Importer(2089858483,b0f066a214c2f5e87bad3c948f4d605d)
Start importing Assets/Assets/KayKit_ResourceBits_1.0_FREE/Assets/fbx(unity)/Fuel_C_Jerrycan.fbx using Guid(fd5126ee0a67ea940b03c26f8838b627) Importer(2089858483,b0f066a214c2f5e87bad3c948f4d605d) (ScriptedImporter) -> (artifact id: 'e70bd370b57bdd2d4496249e4ea5ec56') in 0.0232964 seconds
Number of updated asset objects reloaded before import = 0Number of asset objects unloaded after import = 9

========================================================================
Received Import Request.
  Time since last request: 0.000016 seconds.
  path: Assets/Assets/KayKit_ResourceBits_1.0_FREE/Assets/obj/Fuel_B_Barrels.mtl
  artifactKey: Guid(ed8d51c331f76004394a0c6cc6d8ac95) Importer(2089858483,b0f066a214c2f5e87bad3c948f4d605d)
Start importing Assets/Assets/KayKit_ResourceBits_1.0_FREE/Assets/obj/Fuel_B_Barrels.mtl using Guid(ed8d51c331f76004394a0c6cc6d8ac95) Importer(2089858483,b0f066a214c2f5e87bad3c948f4d605d) (ScriptedImporter) -> (artifact id: '09d06cc7db0b6c08bc8758ef9e92c08e') in 0.0100362 seconds
Number of updated asset objects reloaded before import = 0Number of asset objects unloaded after import = 1

========================================================================
Received Import Request.
  Time since last request: 0.000020 seconds.
  path: Assets/Assets/KayKit_ResourceBits_1.0_FREE/Assets/gltf/Parts_Pile_Large.gltf
  artifactKey: Guid(42f0f8f7713ecf24fb0d7b887ce10355) Importer(2089858483,b0f066a214c2f5e87bad3c948f4d605d)
Start importing Assets/Assets/KayKit_ResourceBits_1.0_FREE/Assets/gltf/Parts_Pile_Large.gltf using Guid(42f0f8f7713ecf24fb0d7b887ce10355) Importer(2089858483,b0f066a214c2f5e87bad3c948f4d605d) (ScriptedImporter) -> (artifact id: '2ccb68c77f6c6c21aa9559430e453133') in 0.0119478 seconds
Number of updated asset objects reloaded before import = 0Number of asset objects unloaded after import = 1

========================================================================
Received Import Request.
  Time since last request: 0.000017 seconds.
  path: Assets/Assets/KayKit_ResourceBits_1.0_FREE/Assets/fbx(unity)/Silver_Nugget_Large.fbx
  artifactKey: Guid(52a7388b4a3e1594783da1a892ab8a1b) Importer(2089858483,b0f066a214c2f5e87bad3c948f4d605d)
Start importing Assets/Assets/KayKit_ResourceBits_1.0_FREE/Assets/fbx(unity)/Silver_Nugget_Large.fbx using Guid(52a7388b4a3e1594783da1a892ab8a1b) Importer(2089858483,b0f066a214c2f5e87bad3c948f4d605d) (ScriptedImporter) -> (artifact id: 'edc04d77e57ca3ba5d35df2946413ac4') in 0.0221837 seconds
Number of updated asset objects reloaded before import = 0Number of asset objects unloaded after import = 9

========================================================================
Received Import Request.
  Time since last request: 0.000025 seconds.
  path: Assets/Assets/KayKit_ResourceBits_1.0_FREE/Assets/gltf/Copper_Bars_Stack_Medium.gltf
  artifactKey: Guid(0e250b4f98deadc45be41d5eec1fc31e) Importer(2089858483,b0f066a214c2f5e87bad3c948f4d605d)
Start importing Assets/Assets/KayKit_ResourceBits_1.0_FREE/Assets/gltf/Copper_Bars_Stack_Medium.gltf using Guid(0e250b4f98deadc45be41d5eec1fc31e) Importer(2089858483,b0f066a214c2f5e87bad3c948f4d605d) (ScriptedImporter) -> (artifact id: '755a2b3b8137244f2f55f61fdb9aaf87') in 0.0127614 seconds
Number of updated asset objects reloaded before import = 0Number of asset objects unloaded after import = 1

========================================================================
Received Import Request.
  Time since last request: 0.000016 seconds.
  path: Assets/Assets/KayKit_ResourceBits_1.0_FREE/Assets/gltf/Silver_Bar.gltf
  artifactKey: Guid(54ffe2240dff9dc4f8fd7db5eb08824c) Importer(2089858483,b0f066a214c2f5e87bad3c948f4d605d)
Start importing Assets/Assets/KayKit_ResourceBits_1.0_FREE/Assets/gltf/Silver_Bar.gltf using Guid(54ffe2240dff9dc4f8fd7db5eb08824c) Importer(2089858483,b0f066a214c2f5e87bad3c948f4d605d) (ScriptedImporter) -> (artifact id: '2e79fa7866e1345ccabd50508d7089d7') in 0.0100632 seconds
Number of updated asset objects reloaded before import = 0Number of asset objects unloaded after import = 1

========================================================================
Received Import Request.
  Time since last request: 0.000016 seconds.
  path: Assets/Assets/KayKit_ResourceBits_1.0_FREE/Assets/obj/Copper_Bars_Stack_Medium.mtl
  artifactKey: Guid(0ca7fb3eb950f164ba01c87942bd440a) Importer(2089858483,b0f066a214c2f5e87bad3c948f4d605d)
Start importing Assets/Assets/KayKit_ResourceBits_1.0_FREE/Assets/obj/Copper_Bars_Stack_Medium.mtl using Guid(0ca7fb3eb950f164ba01c87942bd440a) Importer(2089858483,b0f066a214c2f5e87bad3c948f4d605d) (ScriptedImporter) -> (artifact id: 'b13086812cda18a7535a54d26c5eb7ad') in 0.0112743 seconds
Number of updated asset objects reloaded before import = 0Number of asset objects unloaded after import = 1

========================================================================
Received Import Request.
  Time since last request: 0.000015 seconds.
  path: Assets/Assets/KayKit_ResourceBits_1.0_FREE/Assets/obj/Textiles_A.obj
  artifactKey: Guid(00a5a186da376224b8e90094b929e186) Importer(2089858483,b0f066a214c2f5e87bad3c948f4d605d)
Start importing Assets/Assets/KayKit_ResourceBits_1.0_FREE/Assets/obj/Textiles_A.obj using Guid(00a5a186da376224b8e90094b929e186) Importer(2089858483,b0f066a214c2f5e87bad3c948f4d605d) (ScriptedImporter) -> (artifact id: 'a7177172cbb04726081c15f5bc338a40') in 0.0182386 seconds
Number of updated asset objects reloaded before import = 0Number of asset objects unloaded after import = 11

========================================================================
Received Import Request.
  Time since last request: 0.000020 seconds.
  path: Assets/Assets/KayKit_ResourceBits_1.0_FREE/Assets/obj/Stone_Bricks_Stack_Medium.mtl
  artifactKey: Guid(d476a84925fb087458697a87fcaefdad) Importer(2089858483,b0f066a214c2f5e87bad3c948f4d605d)
Start importing Assets/Assets/KayKit_ResourceBits_1.0_FREE/Assets/obj/Stone_Bricks_Stack_Medium.mtl using Guid(d476a84925fb087458697a87fcaefdad) Importer(2089858483,b0f066a214c2f5e87bad3c948f4d605d) (ScriptedImporter) -> (artifact id: 'a097815368d4ceee77beb66a2223000d') in 0.0163925 seconds
Number of updated asset objects reloaded before import = 0Number of asset objects unloaded after import = 1

========================================================================
Received Import Request.
  Time since last request: 0.000037 seconds.
  path: Assets/Assets/KayKit_ResourceBits_1.0_FREE/Assets/obj/Silver_Nugget_Small.obj
  artifactKey: Guid(db0124176940b4e4eae82f5aafd9a8fa) Importer(2089858483,b0f066a214c2f5e87bad3c948f4d605d)
Start importing Assets/Assets/KayKit_ResourceBits_1.0_FREE/Assets/obj/Silver_Nugget_Small.obj using Guid(db0124176940b4e4eae82f5aafd9a8fa) Importer(2089858483,b0f066a214c2f5e87bad3c948f4d605d) (ScriptedImporter) -> (artifact id: '32c6cfd3fc3c8e8255a0c129497b3c02') in 0.0248912 seconds
Number of updated asset objects reloaded before import = 0Number of asset objects unloaded after import = 11

========================================================================
Received Import Request.
  Time since last request: 0.000035 seconds.
  path: Assets/Assets/KayKit_ResourceBits_1.0_FREE/Assets/fbx(unity)/Gold_Nugget_Large.fbx
  artifactKey: Guid(a030bdf66531f504c82a1b930abf571e) Importer(2089858483,b0f066a214c2f5e87bad3c948f4d605d)
Start importing Assets/Assets/KayKit_ResourceBits_1.0_FREE/Assets/fbx(unity)/Gold_Nugget_Large.fbx using Guid(a030bdf66531f504c82a1b930abf571e) Importer(2089858483,b0f066a214c2f5e87bad3c948f4d605d) (ScriptedImporter) -> (artifact id: '641d3f33e60e3e18dcd59e6907036fd3') in 0.0250867 seconds
Number of updated asset objects reloaded before import = 0Number of asset objects unloaded after import = 9

========================================================================
Received Import Request.
  Time since last request: 0.000024 seconds.
  path: Assets/Assets/KayKit_ResourceBits_1.0_FREE/Assets/fbx(unity)/Wood_Plank_B.fbx
  artifactKey: Guid(751a4bbd70f997c439451cda7da76a16) Importer(2089858483,b0f066a214c2f5e87bad3c948f4d605d)
Start importing Assets/Assets/KayKit_ResourceBits_1.0_FREE/Assets/fbx(unity)/Wood_Plank_B.fbx using Guid(751a4bbd70f997c439451cda7da76a16) Importer(2089858483,b0f066a214c2f5e87bad3c948f4d605d) (ScriptedImporter) -> (artifact id: '95a13dddf4a9663c45418b12d6bc8d7d') in 0.0338926 seconds
Number of updated asset objects reloaded before import = 0Number of asset objects unloaded after import = 9

========================================================================
Received Import Request.
  Time since last request: 0.000025 seconds.
  path: Assets/Assets/KayKit_ResourceBits_1.0_FREE/Assets/fbx/Wood_Planks_Stack_Medium.fbx
  artifactKey: Guid(47a44cfd22ab8a443aced9adad6d5260) Importer(2089858483,b0f066a214c2f5e87bad3c948f4d605d)
Start importing Assets/Assets/KayKit_ResourceBits_1.0_FREE/Assets/fbx/Wood_Planks_Stack_Medium.fbx using Guid(47a44cfd22ab8a443aced9adad6d5260) Importer(2089858483,b0f066a214c2f5e87bad3c948f4d605d) (ScriptedImporter) -> (artifact id: 'a0f4db77ddbaccab617d0cb961a9e610') in 0.0386845 seconds
Number of updated asset objects reloaded before import = 0Number of asset objects unloaded after import = 9

========================================================================
Received Import Request.
  Time since last request: 0.000039 seconds.
  path: Assets/Assets/KayKit_ResourceBits_1.0_FREE/Assets/fbx/Stone_Bricks_Stack_Large.fbx
  artifactKey: Guid(2b6e28e66eedb8f41baa471b7171a90d) Importer(2089858483,b0f066a214c2f5e87bad3c948f4d605d)
Start importing Assets/Assets/KayKit_ResourceBits_1.0_FREE/Assets/fbx/Stone_Bricks_Stack_Large.fbx using Guid(2b6e28e66eedb8f41baa471b7171a90d) Importer(2089858483,b0f066a214c2f5e87bad3c948f4d605d) (ScriptedImporter) -> (artifact id: '84dcdbe123121ebb3597f67b37eacfb7') in 0.057495 seconds
Number of updated asset objects reloaded before import = 0Number of asset objects unloaded after import = 9

========================================================================
Received Import Request.
  Time since last request: 0.000026 seconds.
  path: Assets/Assets/KayKit_ResourceBits_1.0_FREE/Assets/fbx/Textiles_Stack_Small.fbx
  artifactKey: Guid(4feb0ac1051d39946a71a4bfabb1b7d2) Importer(2089858483,b0f066a214c2f5e87bad3c948f4d605d)
Start importing Assets/Assets/KayKit_ResourceBits_1.0_FREE/Assets/fbx/Textiles_Stack_Small.fbx using Guid(4feb0ac1051d39946a71a4bfabb1b7d2) Importer(2089858483,b0f066a214c2f5e87bad3c948f4d605d) (ScriptedImporter) -> (artifact id: 'a4a699e0bb1c10357492ddc8c60d7b46') in 0.0337829 seconds
Number of updated asset objects reloaded before import = 0Number of asset objects unloaded after import = 9

========================================================================
Received Import Request.
  Time since last request: 0.000022 seconds.
  path: Assets/Assets/KayKit_ResourceBits_1.0_FREE/Assets/fbx(unity)/Gold_Bar.fbx
  artifactKey: Guid(506d3561f6b49154e9c09c842643099b) Importer(2089858483,b0f066a214c2f5e87bad3c948f4d605d)
Start importing Assets/Assets/KayKit_ResourceBits_1.0_FREE/Assets/fbx(unity)/Gold_Bar.fbx using Guid(506d3561f6b49154e9c09c842643099b) Importer(2089858483,b0f066a214c2f5e87bad3c948f4d605d) (ScriptedImporter) -> (artifact id: '36605e20e549c8a8a7526bf6a7ec388d') in 0.0334496 seconds
Number of updated asset objects reloaded before import = 0Number of asset objects unloaded after import = 9

========================================================================
Received Import Request.
  Time since last request: 0.000032 seconds.
  path: Assets/Assets/KayKit_ResourceBits_1.0_FREE/Assets/gltf/Silver_Nugget_Large.bin
  artifactKey: Guid(3407bcf00e26d904c9b23bfc2791393c) Importer(2089858483,b0f066a214c2f5e87bad3c948f4d605d)
Start importing Assets/Assets/KayKit_ResourceBits_1.0_FREE/Assets/gltf/Silver_Nugget_Large.bin using Guid(3407bcf00e26d904c9b23bfc2791393c) Importer(2089858483,b0f066a214c2f5e87bad3c948f4d605d) (ScriptedImporter) -> (artifact id: '10497ac93196ba4fe93ffa449273c4c3') in 0.0125023 seconds
Number of updated asset objects reloaded before import = 0Number of asset objects unloaded after import = 1

========================================================================
Received Import Request.
  Time since last request: 0.000025 seconds.
  path: Assets/Assets/KayKit_ResourceBits_1.0_FREE/Assets/gltf/Copper_Nuggets.bin
  artifactKey: Guid(1c510e2bb795a2742ae2999a3e8474d8) Importer(2089858483,b0f066a214c2f5e87bad3c948f4d605d)
Start importing Assets/Assets/KayKit_ResourceBits_1.0_FREE/Assets/gltf/Copper_Nuggets.bin using Guid(1c510e2bb795a2742ae2999a3e8474d8) Importer(2089858483,b0f066a214c2f5e87bad3c948f4d605d) (ScriptedImporter) -> (artifact id: '0aa1a3a45981020d1e24016d3ee3b6ec') in 0.0109085 seconds
Number of updated asset objects reloaded before import = 0Number of asset objects unloaded after import = 1

========================================================================
Received Import Request.
  Time since last request: 0.000023 seconds.
  path: Assets/Assets/KayKit_ResourceBits_1.0_FREE/Assets/obj/Silver_Nugget_Medium.mtl
  artifactKey: Guid(413ce1177fef3a942b7155ab9f165a85) Importer(2089858483,b0f066a214c2f5e87bad3c948f4d605d)
Start importing Assets/Assets/KayKit_ResourceBits_1.0_FREE/Assets/obj/Silver_Nugget_Medium.mtl using Guid(413ce1177fef3a942b7155ab9f165a85) Importer(2089858483,b0f066a214c2f5e87bad3c948f4d605d) (ScriptedImporter) -> (artifact id: '5156b1a2c8e2cc6b641945c043930342') in 0.0113384 seconds
Number of updated asset objects reloaded before import = 0Number of asset objects unloaded after import = 1

========================================================================
Received Import Request.
  Time since last request: 0.000024 seconds.
  path: Assets/Assets/KayKit_ResourceBits_1.0_FREE/Assets/gltf/Silver_Bars_Stack_Small.gltf
  artifactKey: Guid(5374b0d0dac1bee4aa0a414d41ef744a) Importer(2089858483,b0f066a214c2f5e87bad3c948f4d605d)
Start importing Assets/Assets/KayKit_ResourceBits_1.0_FREE/Assets/gltf/Silver_Bars_Stack_Small.gltf using Guid(5374b0d0dac1bee4aa0a414d41ef744a) Importer(2089858483,b0f066a214c2f5e87bad3c948f4d605d) (ScriptedImporter) -> (artifact id: 'bb9498553e7cb838afc9676ba340c908') in 0.0110815 seconds
Number of updated asset objects reloaded before import = 0Number of asset objects unloaded after import = 1

========================================================================
Received Import Request.
  Time since last request: 0.000020 seconds.
  path: Assets/Assets/KayKit_ResourceBits_1.0_FREE/Assets/gltf/Iron_Nugget_Medium.gltf
  artifactKey: Guid(e37b097266a89ec47a6b23f0994df055) Importer(2089858483,b0f066a214c2f5e87bad3c948f4d605d)
Start importing Assets/Assets/KayKit_ResourceBits_1.0_FREE/Assets/gltf/Iron_Nugget_Medium.gltf using Guid(e37b097266a89ec47a6b23f0994df055) Importer(2089858483,b0f066a214c2f5e87bad3c948f4d605d) (ScriptedImporter) -> (artifact id: 'aa617cde31c924b9ee5cef1967d9bede') in 0.0114688 seconds
Number of updated asset objects reloaded before import = 0Number of asset objects unloaded after import = 1

========================================================================
Received Import Request.
  Time since last request: 0.000039 seconds.
  path: Assets/Assets/KayKit_ResourceBits_1.0_FREE/Assets/gltf/Fuel_B_Barrels.bin
  artifactKey: Guid(b89849e017ddd80408bf0becb38b8747) Importer(2089858483,b0f066a214c2f5e87bad3c948f4d605d)
Start importing Assets/Assets/KayKit_ResourceBits_1.0_FREE/Assets/gltf/Fuel_B_Barrels.bin using Guid(b89849e017ddd80408bf0becb38b8747) Importer(2089858483,b0f066a214c2f5e87bad3c948f4d605d) (ScriptedImporter) -> (artifact id: 'fe68de09b3ff4307f31e28d38563aed7') in 0.0127625 seconds
Number of updated asset objects reloaded before import = 0Number of asset objects unloaded after import = 1

========================================================================
Received Import Request.
  Time since last request: 0.000023 seconds.
  path: Assets/Assets/KayKit_ResourceBits_1.0_FREE/Assets/gltf/Wood_Log_A.bin
  artifactKey: Guid(ae8fb8407a9d0954aba57e2fc630ca10) Importer(2089858483,b0f066a214c2f5e87bad3c948f4d605d)
Start importing Assets/Assets/KayKit_ResourceBits_1.0_FREE/Assets/gltf/Wood_Log_A.bin using Guid(ae8fb8407a9d0954aba57e2fc630ca10) Importer(2089858483,b0f066a214c2f5e87bad3c948f4d605d) (ScriptedImporter) -> (artifact id: '1160ba1bf9d3b676ba651c495518c1eb') in 0.0125013 seconds
Number of updated asset objects reloaded before import = 0Number of asset objects unloaded after import = 1

========================================================================
Received Import Request.
  Time since last request: 0.000018 seconds.
  path: Assets/Assets/KayKit_ResourceBits_1.0_FREE/Assets/gltf/Silver_Nugget_Medium.bin
  artifactKey: Guid(713495fc44408024e8a0ce0db0fb8e2f) Importer(2089858483,b0f066a214c2f5e87bad3c948f4d605d)
Start importing Assets/Assets/KayKit_ResourceBits_1.0_FREE/Assets/gltf/Silver_Nugget_Medium.bin using Guid(713495fc44408024e8a0ce0db0fb8e2f) Importer(2089858483,b0f066a214c2f5e87bad3c948f4d605d) (ScriptedImporter) -> (artifact id: '384bb1ff62b90942873763051d530db8') in 0.0153315 seconds
Number of updated asset objects reloaded before import = 0Number of asset objects unloaded after import = 1

========================================================================
Received Import Request.
  Time since last request: 0.000080 seconds.
  path: Assets/Assets/KayKit_ResourceBits_1.0_FREE/Assets/obj/Fuel_B_Barrel_Dirty.obj
  artifactKey: Guid(962469810a8dc374fbfed87840bc2110) Importer(2089858483,b0f066a214c2f5e87bad3c948f4d605d)
Start importing Assets/Assets/KayKit_ResourceBits_1.0_FREE/Assets/obj/Fuel_B_Barrel_Dirty.obj using Guid(962469810a8dc374fbfed87840bc2110) Importer(2089858483,b0f066a214c2f5e87bad3c948f4d605d) (ScriptedImporter) -> (artifact id: 'abebf2a9b56ac642d566040b89433caa') in 0.0285599 seconds
Number of updated asset objects reloaded before import = 0Number of asset objects unloaded after import = 11

========================================================================
Received Import Request.
  Time since last request: 0.000019 seconds.
  path: Assets/Assets/KayKit_ResourceBits_1.0_FREE/Assets/obj/Wood_Log_Stack.mtl
  artifactKey: Guid(e690b99e80a5be74daebc4767b31d9ee) Importer(2089858483,b0f066a214c2f5e87bad3c948f4d605d)
Start importing Assets/Assets/KayKit_ResourceBits_1.0_FREE/Assets/obj/Wood_Log_Stack.mtl using Guid(e690b99e80a5be74daebc4767b31d9ee) Importer(2089858483,b0f066a214c2f5e87bad3c948f4d605d) (ScriptedImporter) -> (artifact id: '18faba9bfc8a8d0e8895145b88600bdb') in 0.013961 seconds
Number of updated asset objects reloaded before import = 0Number of asset objects unloaded after import = 1

========================================================================
Received Import Request.
  Time since last request: 0.000043 seconds.
  path: Assets/Assets/KayKit_ResourceBits_1.0_FREE/Assets/fbx(unity)/Iron_Bars.fbx
  artifactKey: Guid(d9c0e694a8f0b3940867edf48fb000d6) Importer(2089858483,b0f066a214c2f5e87bad3c948f4d605d)
Start importing Assets/Assets/KayKit_ResourceBits_1.0_FREE/Assets/fbx(unity)/Iron_Bars.fbx using Guid(d9c0e694a8f0b3940867edf48fb000d6) Importer(2089858483,b0f066a214c2f5e87bad3c948f4d605d) (ScriptedImporter) -> (artifact id: '0e73d1002b06316db5cbb427a7315718') in 0.0246899 seconds
Number of updated asset objects reloaded before import = 0Number of asset objects unloaded after import = 9

========================================================================
Received Import Request.
  Time since last request: 0.000028 seconds.
  path: Assets/Assets/KayKit_ResourceBits_1.0_FREE/Assets/obj/Wood_Log_A.mtl
  artifactKey: Guid(d9e238ce6c199c043911830a06d1ed22) Importer(2089858483,b0f066a214c2f5e87bad3c948f4d605d)
Start importing Assets/Assets/KayKit_ResourceBits_1.0_FREE/Assets/obj/Wood_Log_A.mtl using Guid(d9e238ce6c199c043911830a06d1ed22) Importer(2089858483,b0f066a214c2f5e87bad3c948f4d605d) (ScriptedImporter) -> (artifact id: 'ac7e6eabdd7037d6b6ad5b3d991da454') in 0.0145932 seconds
Number of updated asset objects reloaded before import = 0Number of asset objects unloaded after import = 1

========================================================================
Received Import Request.
  Time since last request: 0.000027 seconds.
  path: Assets/Assets/KayKit_ResourceBits_1.0_FREE/Assets/obj/Silver_Nuggets.mtl
  artifactKey: Guid(0496a742b68ad0c4fa6e4fb5284244c3) Importer(2089858483,b0f066a214c2f5e87bad3c948f4d605d)
Start importing Assets/Assets/KayKit_ResourceBits_1.0_FREE/Assets/obj/Silver_Nuggets.mtl using Guid(0496a742b68ad0c4fa6e4fb5284244c3) Importer(2089858483,b0f066a214c2f5e87bad3c948f4d605d) (ScriptedImporter) -> (artifact id: '6b833646480805e91e3c5536adc01a8a') in 0.0136493 seconds
Number of updated asset objects reloaded before import = 0Number of asset objects unloaded after import = 1

========================================================================
Received Import Request.
  Time since last request: 0.000022 seconds.
  path: Assets/Assets/KayKit_ResourceBits_1.0_FREE/Assets/gltf/Iron_Bars.bin
  artifactKey: Guid(bab41c4536510c348bb2025d1ecefe58) Importer(2089858483,b0f066a214c2f5e87bad3c948f4d605d)
Start importing Assets/Assets/KayKit_ResourceBits_1.0_FREE/Assets/gltf/Iron_Bars.bin using Guid(bab41c4536510c348bb2025d1ecefe58) Importer(2089858483,b0f066a214c2f5e87bad3c948f4d605d) (ScriptedImporter) -> (artifact id: 'd8ad385bba5e1e7e61916b2a0613a042') in 0.0142663 seconds
Number of updated asset objects reloaded before import = 0Number of asset objects unloaded after import = 1

========================================================================
Received Import Request.
  Time since last request: 0.000030 seconds.
  path: Assets/Assets/KayKit_ResourceBits_1.0_FREE/Assets/obj/Iron_Bar.mtl
  artifactKey: Guid(7276cacd3cde77347988701d7c5f8804) Importer(2089858483,b0f066a214c2f5e87bad3c948f4d605d)
Start importing Assets/Assets/KayKit_ResourceBits_1.0_FREE/Assets/obj/Iron_Bar.mtl using Guid(7276cacd3cde77347988701d7c5f8804) Importer(2089858483,b0f066a214c2f5e87bad3c948f4d605d) (ScriptedImporter) -> (artifact id: '14e51e2b57ff4aae8d8c8750788e1c51') in 0.014814 seconds
Number of updated asset objects reloaded before import = 0Number of asset objects unloaded after import = 1

========================================================================
Received Import Request.
  Time since last request: 0.000024 seconds.
  path: Assets/Assets/KayKit_ResourceBits_1.0_FREE/Assets/obj/Gold_Nugget_Large.mtl
  artifactKey: Guid(7debe871e5b4fb24389f9677750af2f6) Importer(2089858483,b0f066a214c2f5e87bad3c948f4d605d)
Start importing Assets/Assets/KayKit_ResourceBits_1.0_FREE/Assets/obj/Gold_Nugget_Large.mtl using Guid(7debe871e5b4fb24389f9677750af2f6) Importer(2089858483,b0f066a214c2f5e87bad3c948f4d605d) (ScriptedImporter) -> (artifact id: '6cf6f6ecbfc23d03148245985448cef9') in 0.0141486 seconds
Number of updated asset objects reloaded before import = 0Number of asset objects unloaded after import = 1

========================================================================
Received Import Request.
  Time since last request: 0.000017 seconds.
  path: Assets/Assets/KayKit_ResourceBits_1.0_FREE/Assets/fbx(unity)/Fuel_A_Jerrycan.fbx
  artifactKey: Guid(ec3aca050d61009478da8442928cd74d) Importer(2089858483,b0f066a214c2f5e87bad3c948f4d605d)
Start importing Assets/Assets/KayKit_ResourceBits_1.0_FREE/Assets/fbx(unity)/Fuel_A_Jerrycan.fbx using Guid(ec3aca050d61009478da8442928cd74d) Importer(2089858483,b0f066a214c2f5e87bad3c948f4d605d) (ScriptedImporter) -> (artifact id: '22dd808f520d51da0b7cc74c53711426') in 0.0252593 seconds
Number of updated asset objects reloaded before import = 0Number of asset objects unloaded after import = 9

========================================================================
Received Import Request.
  Time since last request: 0.000016 seconds.
  path: Assets/Assets/KayKit_ResourceBits_1.0_FREE/Assets/fbx(unity)/Iron_Bars_Stack_Small.fbx
  artifactKey: Guid(aa5728a7f01c66a4196a054ad9005fb4) Importer(2089858483,b0f066a214c2f5e87bad3c948f4d605d)
Start importing Assets/Assets/KayKit_ResourceBits_1.0_FREE/Assets/fbx(unity)/Iron_Bars_Stack_Small.fbx using Guid(aa5728a7f01c66a4196a054ad9005fb4) Importer(2089858483,b0f066a214c2f5e87bad3c948f4d605d) (ScriptedImporter) -> (artifact id: '365bb6c5bcd3bced85cb8c3f02210cb0') in 0.0234926 seconds
Number of updated asset objects reloaded before import = 0Number of asset objects unloaded after import = 9

========================================================================
Received Import Request.
  Time since last request: 0.000023 seconds.
  path: Assets/Assets/KayKit_ResourceBits_1.0_FREE/Assets/fbx(unity)/Pallet_Wood.fbx
  artifactKey: Guid(65990c615d7afa948b1775ccd573976c) Importer(2089858483,b0f066a214c2f5e87bad3c948f4d605d)
Start importing Assets/Assets/KayKit_ResourceBits_1.0_FREE/Assets/fbx(unity)/Pallet_Wood.fbx using Guid(65990c615d7afa948b1775ccd573976c) Importer(2089858483,b0f066a214c2f5e87bad3c948f4d605d) (ScriptedImporter) -> (artifact id: '8807103f3b14ffe2595d400fcda3580e') in 0.0208745 seconds
Number of updated asset objects reloaded before import = 0Number of asset objects unloaded after import = 9

========================================================================
Received Import Request.
  Time since last request: 0.000030 seconds.
  path: Assets/Assets/KayKit_ResourceBits_1.0_FREE/Assets/obj/Textiles_Stack_Large.obj
  artifactKey: Guid(a1eedb3787c3d2a419c705b148aaa14b) Importer(2089858483,b0f066a214c2f5e87bad3c948f4d605d)
Start importing Assets/Assets/KayKit_ResourceBits_1.0_FREE/Assets/obj/Textiles_Stack_Large.obj using Guid(a1eedb3787c3d2a419c705b148aaa14b) Importer(2089858483,b0f066a214c2f5e87bad3c948f4d605d) (ScriptedImporter) -> (artifact id: '3685f1d0a63f321414a6e6c4772e6842') in 0.0249258 seconds
Number of updated asset objects reloaded before import = 0Number of asset objects unloaded after import = 11

========================================================================
Received Import Request.
  Time since last request: 0.000027 seconds.
  path: Assets/Assets/KayKit_ResourceBits_1.0_FREE/Assets/obj/Copper_Nugget_Medium.obj
  artifactKey: Guid(16c64915da60ae74f9580a29059fb2a1) Importer(2089858483,b0f066a214c2f5e87bad3c948f4d605d)
Start importing Assets/Assets/KayKit_ResourceBits_1.0_FREE/Assets/obj/Copper_Nugget_Medium.obj using Guid(16c64915da60ae74f9580a29059fb2a1) Importer(2089858483,b0f066a214c2f5e87bad3c948f4d605d) (ScriptedImporter) -> (artifact id: '0873b73bd0a2d74fae867df4cd67234b') in 0.0182282 seconds
Number of updated asset objects reloaded before import = 0Number of asset objects unloaded after import = 11

========================================================================
Received Import Request.
  Time since last request: 0.000017 seconds.
  path: Assets/Assets/KayKit_ResourceBits_1.0_FREE/Assets/gltf/Iron_Bar.gltf
  artifactKey: Guid(1a55fed7aa0a25349bb59aedea19fbfc) Importer(2089858483,b0f066a214c2f5e87bad3c948f4d605d)
Start importing Assets/Assets/KayKit_ResourceBits_1.0_FREE/Assets/gltf/Iron_Bar.gltf using Guid(1a55fed7aa0a25349bb59aedea19fbfc) Importer(2089858483,b0f066a214c2f5e87bad3c948f4d605d) (ScriptedImporter) -> (artifact id: '893d0c6e4fea26ca1da69a7ffa140fef') in 0.0107573 seconds
Number of updated asset objects reloaded before import = 0Number of asset objects unloaded after import = 1

========================================================================
Received Import Request.
  Time since last request: 0.000015 seconds.
  path: Assets/Assets/KayKit_ResourceBits_1.0_FREE/Assets/gltf/Wood_Log_B.bin
  artifactKey: Guid(18b8d5244656ee84fac8344aa793a55a) Importer(2089858483,b0f066a214c2f5e87bad3c948f4d605d)
Start importing Assets/Assets/KayKit_ResourceBits_1.0_FREE/Assets/gltf/Wood_Log_B.bin using Guid(18b8d5244656ee84fac8344aa793a55a) Importer(2089858483,b0f066a214c2f5e87bad3c948f4d605d) (ScriptedImporter) -> (artifact id: '5cde25153a7764697fa69e45ddaa8b7e') in 0.0126422 seconds
Number of updated asset objects reloaded before import = 0Number of asset objects unloaded after import = 1

========================================================================
Received Import Request.
  Time since last request: 0.000018 seconds.
  path: Assets/Assets/KayKit_ResourceBits_1.0_FREE/Assets/obj/Iron_Bar.obj
  artifactKey: Guid(f631a8ee1d0b4f348bc37f463d2d84a5) Importer(2089858483,b0f066a214c2f5e87bad3c948f4d605d)
Start importing Assets/Assets/KayKit_ResourceBits_1.0_FREE/Assets/obj/Iron_Bar.obj using Guid(f631a8ee1d0b4f348bc37f463d2d84a5) Importer(2089858483,b0f066a214c2f5e87bad3c948f4d605d) (ScriptedImporter) -> (artifact id: '4cc8841339a93cd5455b46643f87271d') in 0.0202449 seconds
Number of updated asset objects reloaded before import = 0Number of asset objects unloaded after import = 11

========================================================================
Received Import Request.
  Time since last request: 0.000031 seconds.
  path: Assets/Assets/KayKit_ResourceBits_1.0_FREE/Assets/fbx/Wood_Planks_Stack_Large.fbx
  artifactKey: Guid(9676c747dea5a3d438f67bf9d5f74116) Importer(2089858483,b0f066a214c2f5e87bad3c948f4d605d)
Start importing Assets/Assets/KayKit_ResourceBits_1.0_FREE/Assets/fbx/Wood_Planks_Stack_Large.fbx using Guid(9676c747dea5a3d438f67bf9d5f74116) Importer(2089858483,b0f066a214c2f5e87bad3c948f4d605d) (ScriptedImporter) -> (artifact id: '8e3b8d0869baf24480cf08a10d35ba45') in 0.0243273 seconds
Number of updated asset objects reloaded before import = 0Number of asset objects unloaded after import = 9

========================================================================
Received Import Request.
  Time since last request: 0.000016 seconds.
  path: Assets/Assets/KayKit_ResourceBits_1.0_FREE/Assets/gltf/Copper_Bars_Stack_Large.gltf
  artifactKey: Guid(846cd116e290acd46953069502350690) Importer(2089858483,b0f066a214c2f5e87bad3c948f4d605d)
Start importing Assets/Assets/KayKit_ResourceBits_1.0_FREE/Assets/gltf/Copper_Bars_Stack_Large.gltf using Guid(846cd116e290acd46953069502350690) Importer(2089858483,b0f066a214c2f5e87bad3c948f4d605d) (ScriptedImporter) -> (artifact id: 'fe516c8a44aed7d7e9aa7d0ae59814ec') in 0.0142255 seconds
Number of updated asset objects reloaded before import = 0Number of asset objects unloaded after import = 1

========================================================================
Received Import Request.
  Time since last request: 0.000019 seconds.
  path: Assets/Assets/KayKit_ResourceBits_1.0_FREE/Assets/gltf/Silver_Nuggets.gltf
  artifactKey: Guid(d252408e09f3a15479eb6c254d2d5216) Importer(2089858483,b0f066a214c2f5e87bad3c948f4d605d)
Start importing Assets/Assets/KayKit_ResourceBits_1.0_FREE/Assets/gltf/Silver_Nuggets.gltf using Guid(d252408e09f3a15479eb6c254d2d5216) Importer(2089858483,b0f066a214c2f5e87bad3c948f4d605d) (ScriptedImporter) -> (artifact id: 'fd4dfb474cdfd052a12db9141161c9d7') in 0.0120203 seconds
Number of updated asset objects reloaded before import = 0Number of asset objects unloaded after import = 1

========================================================================
Received Import Request.
  Time since last request: 0.000028 seconds.
  path: Assets/Assets/KayKit_ResourceBits_1.0_FREE/Assets/fbx/Fuel_C_Barrels.fbx
  artifactKey: Guid(f09e8fc6a73b64844945202ea216093b) Importer(2089858483,b0f066a214c2f5e87bad3c948f4d605d)
Start importing Assets/Assets/KayKit_ResourceBits_1.0_FREE/Assets/fbx/Fuel_C_Barrels.fbx using Guid(f09e8fc6a73b64844945202ea216093b) Importer(2089858483,b0f066a214c2f5e87bad3c948f4d605d) (ScriptedImporter) -> (artifact id: 'e22f9848f062719194853df0d5aacb14') in 0.0260238 seconds
Number of updated asset objects reloaded before import = 0Number of asset objects unloaded after import = 9

========================================================================
Received Import Request.
  Time since last request: 0.000018 seconds.
  path: Assets/Assets/KayKit_ResourceBits_1.0_FREE/Assets/fbx/Stone_Bricks_Stack_Small.fbx
  artifactKey: Guid(b2887a4d2690f854389e11ef863c36aa) Importer(2089858483,b0f066a214c2f5e87bad3c948f4d605d)
Start importing Assets/Assets/KayKit_ResourceBits_1.0_FREE/Assets/fbx/Stone_Bricks_Stack_Small.fbx using Guid(b2887a4d2690f854389e11ef863c36aa) Importer(2089858483,b0f066a214c2f5e87bad3c948f4d605d) (ScriptedImporter) -> (artifact id: '4e8d7905667a8b31fbb0ffb04c4ec130') in 0.022976 seconds
Number of updated asset objects reloaded before import = 0Number of asset objects unloaded after import = 9

========================================================================
Received Import Request.
  Time since last request: 0.000031 seconds.
  path: Assets/Assets/KayKit_ResourceBits_1.0_FREE/Assets/obj/Fuel_C_Barrel.obj
  artifactKey: Guid(7b2fa4aebce2b8f4faa627efd56c4e11) Importer(2089858483,b0f066a214c2f5e87bad3c948f4d605d)
Start importing Assets/Assets/KayKit_ResourceBits_1.0_FREE/Assets/obj/Fuel_C_Barrel.obj using Guid(7b2fa4aebce2b8f4faa627efd56c4e11) Importer(2089858483,b0f066a214c2f5e87bad3c948f4d605d) (ScriptedImporter) -> (artifact id: '7ba598951c3c949920da6e8110f07156') in 0.0240584 seconds
Number of updated asset objects reloaded before import = 0Number of asset objects unloaded after import = 11

========================================================================
Received Import Request.
  Time since last request: 0.000019 seconds.
  path: Assets/Assets/KayKit_ResourceBits_1.0_FREE/Assets/fbx(unity)/Fuel_C_Barrel_Dirty.fbx
  artifactKey: Guid(0fcff95be7a63e94483ea85c2f4c4b1c) Importer(2089858483,b0f066a214c2f5e87bad3c948f4d605d)
Start importing Assets/Assets/KayKit_ResourceBits_1.0_FREE/Assets/fbx(unity)/Fuel_C_Barrel_Dirty.fbx using Guid(0fcff95be7a63e94483ea85c2f4c4b1c) Importer(2089858483,b0f066a214c2f5e87bad3c948f4d605d) (ScriptedImporter) -> (artifact id: '5e1f180ae18bad29c9bf02a3b97a6a83') in 0.0230014 seconds
Number of updated asset objects reloaded before import = 0Number of asset objects unloaded after import = 9

========================================================================
Received Import Request.
  Time since last request: 0.000020 seconds.
  path: Assets/Assets/KayKit_ResourceBits_1.0_FREE/Assets/fbx(unity)/Gold_Bars_Stack_Small.fbx
  artifactKey: Guid(c1fcd3ec08aa9ee4196977a321739b04) Importer(2089858483,b0f066a214c2f5e87bad3c948f4d605d)
Start importing Assets/Assets/KayKit_ResourceBits_1.0_FREE/Assets/fbx(unity)/Gold_Bars_Stack_Small.fbx using Guid(c1fcd3ec08aa9ee4196977a321739b04) Importer(2089858483,b0f066a214c2f5e87bad3c948f4d605d) (ScriptedImporter) -> (artifact id: '2c3d634e5e3deb5eff6017cb95a5067f') in 0.034801 seconds
Number of updated asset objects reloaded before import = 0Number of asset objects unloaded after import = 9

========================================================================
Received Import Request.
  Time since last request: 0.000022 seconds.
  path: Assets/Assets/KayKit_ResourceBits_1.0_FREE/Assets/obj
  artifactKey: Guid(511de3719646390458a5f50b7fe83fcc) Importer(2089858483,b0f066a214c2f5e87bad3c948f4d605d)
Start importing Assets/Assets/KayKit_ResourceBits_1.0_FREE/Assets/obj using Guid(511de3719646390458a5f50b7fe83fcc) Importer(2089858483,b0f066a214c2f5e87bad3c948f4d605d) (ScriptedImporter) -> (artifact id: '018c4324320509e270b5078434e45c54') in 0.0103284 seconds
Number of updated asset objects reloaded before import = 0Number of asset objects unloaded after import = 1

========================================================================
Received Import Request.
  Time since last request: 0.000027 seconds.
  path: Assets/Assets/KayKit_ResourceBits_1.0_FREE/Assets/obj/Copper_Bar.mtl
  artifactKey: Guid(937ac05e0ca837e499e834c1ea2f2587) Importer(2089858483,b0f066a214c2f5e87bad3c948f4d605d)
Start importing Assets/Assets/KayKit_ResourceBits_1.0_FREE/Assets/obj/Copper_Bar.mtl using Guid(937ac05e0ca837e499e834c1ea2f2587) Importer(2089858483,b0f066a214c2f5e87bad3c948f4d605d) (ScriptedImporter) -> (artifact id: 'b52643e87cc724c7040c8f2aaf9d2210') in 0.012506 seconds
Number of updated asset objects reloaded before import = 0Number of asset objects unloaded after import = 1

========================================================================
Received Import Request.
  Time since last request: 0.000018 seconds.
  path: Assets/Assets/KayKit_ResourceBits_1.0_FREE/Assets/obj/Copper_Nugget_Large.obj
  artifactKey: Guid(ba01e531785f08d438356873e9868245) Importer(2089858483,b0f066a214c2f5e87bad3c948f4d605d)
Start importing Assets/Assets/KayKit_ResourceBits_1.0_FREE/Assets/obj/Copper_Nugget_Large.obj using Guid(ba01e531785f08d438356873e9868245) Importer(2089858483,b0f066a214c2f5e87bad3c948f4d605d) (ScriptedImporter) -> (artifact id: '5c0a614ceab4010766681e87a4053ff6') in 0.0238048 seconds
Number of updated asset objects reloaded before import = 0Number of asset objects unloaded after import = 11

========================================================================
Received Import Request.
  Time since last request: 0.000034 seconds.
  path: Assets/Assets/KayKit_ResourceBits_1.0_FREE/Assets/gltf/Fuel_B_Barrel.gltf
  artifactKey: Guid(2363984c857729641945324d82667ac2) Importer(2089858483,b0f066a214c2f5e87bad3c948f4d605d)
Start importing Assets/Assets/KayKit_ResourceBits_1.0_FREE/Assets/gltf/Fuel_B_Barrel.gltf using Guid(2363984c857729641945324d82667ac2) Importer(2089858483,b0f066a214c2f5e87bad3c948f4d605d) (ScriptedImporter) -> (artifact id: 'd2fb283e182d8d860f8c4fad0c3ccb70') in 0.0122726 seconds
Number of updated asset objects reloaded before import = 0Number of asset objects unloaded after import = 1

========================================================================
Received Import Request.
  Time since last request: 0.000028 seconds.
  path: Assets/Assets/KayKit_ResourceBits_1.0_FREE/Assets/obj/Silver_Bar.mtl
  artifactKey: Guid(dd1b66abeccaf994999f52f4898307e3) Importer(2089858483,b0f066a214c2f5e87bad3c948f4d605d)
Start importing Assets/Assets/KayKit_ResourceBits_1.0_FREE/Assets/obj/Silver_Bar.mtl using Guid(dd1b66abeccaf994999f52f4898307e3) Importer(2089858483,b0f066a214c2f5e87bad3c948f4d605d) (ScriptedImporter) -> (artifact id: '1d14aec515262de5ad681a98bff0a9c6') in 0.0137583 seconds
Number of updated asset objects reloaded before import = 0Number of asset objects unloaded after import = 1

========================================================================
Received Import Request.
  Time since last request: 0.000035 seconds.
  path: Assets/Assets/KayKit_ResourceBits_1.0_FREE/Assets/fbx(unity)/Wood_Planks_Stack_Large.fbx
  artifactKey: Guid(4841625260883fb4a8eac0530f61d280) Importer(2089858483,b0f066a214c2f5e87bad3c948f4d605d)
Start importing Assets/Assets/KayKit_ResourceBits_1.0_FREE/Assets/fbx(unity)/Wood_Planks_Stack_Large.fbx using Guid(4841625260883fb4a8eac0530f61d280) Importer(2089858483,b0f066a214c2f5e87bad3c948f4d605d) (ScriptedImporter) -> (artifact id: '49bb10a2c45d29f66ed5a2fa5cb58fc2') in 0.0283117 seconds
Number of updated asset objects reloaded before import = 0Number of asset objects unloaded after import = 9

========================================================================
Received Import Request.
  Time since last request: 0.000049 seconds.
  path: Assets/Assets/KayKit_ResourceBits_1.0_FREE/Assets/obj/Fuel_A_Barrel_Dirty.obj
  artifactKey: Guid(8e10799b287c59d45822531c02a61587) Importer(2089858483,b0f066a214c2f5e87bad3c948f4d605d)
Start importing Assets/Assets/KayKit_ResourceBits_1.0_FREE/Assets/obj/Fuel_A_Barrel_Dirty.obj using Guid(8e10799b287c59d45822531c02a61587) Importer(2089858483,b0f066a214c2f5e87bad3c948f4d605d) (ScriptedImporter) -> (artifact id: '7eae5e4413bb78a80c3d280c75d45c89') in 0.025874 seconds
Number of updated asset objects reloaded before import = 0Number of asset objects unloaded after import = 11

========================================================================
Received Import Request.
  Time since last request: 0.000020 seconds.
  path: Assets/Assets/KayKit_ResourceBits_1.0_FREE/Assets/fbx(unity)/Textiles_Stack_Large_Colored.fbx
  artifactKey: Guid(517dffd0d1a81994495a99845feef0bd) Importer(2089858483,b0f066a214c2f5e87bad3c948f4d605d)
Start importing Assets/Assets/KayKit_ResourceBits_1.0_FREE/Assets/fbx(unity)/Textiles_Stack_Large_Colored.fbx using Guid(517dffd0d1a81994495a99845feef0bd) Importer(2089858483,b0f066a214c2f5e87bad3c948f4d605d) (ScriptedImporter) -> (artifact id: 'fd6ef6418bf90702c05b7a0c92d5a45a') in 0.021612 seconds
Number of updated asset objects reloaded before import = 0Number of asset objects unloaded after import = 9

========================================================================
Received Import Request.
  Time since last request: 0.000024 seconds.
  path: Assets/Assets/KayKit_ResourceBits_1.0_FREE/Assets/obj/Pallet_Wood.mtl
  artifactKey: Guid(0fc1cd0ae071c214ba4b7f5ee3fe3c5d) Importer(2089858483,b0f066a214c2f5e87bad3c948f4d605d)
Start importing Assets/Assets/KayKit_ResourceBits_1.0_FREE/Assets/obj/Pallet_Wood.mtl using Guid(0fc1cd0ae071c214ba4b7f5ee3fe3c5d) Importer(2089858483,b0f066a214c2f5e87bad3c948f4d605d) (ScriptedImporter) -> (artifact id: '6b9e4934937280c9fbac269b8ab70b4c') in 0.01088 seconds
Number of updated asset objects reloaded before import = 0Number of asset objects unloaded after import = 1

========================================================================
Received Import Request.
  Time since last request: 0.000024 seconds.
  path: Assets/Assets/KayKit_ResourceBits_1.0_FREE/Assets/gltf/Copper_Bar.bin
  artifactKey: Guid(9b279564e704246498005c88d830e56c) Importer(2089858483,b0f066a214c2f5e87bad3c948f4d605d)
Start importing Assets/Assets/KayKit_ResourceBits_1.0_FREE/Assets/gltf/Copper_Bar.bin using Guid(9b279564e704246498005c88d830e56c) Importer(2089858483,b0f066a214c2f5e87bad3c948f4d605d) (ScriptedImporter) -> (artifact id: 'c78fe726f6be27e03958369e4368213d') in 0.0122879 seconds
Number of updated asset objects reloaded before import = 0Number of asset objects unloaded after import = 1

========================================================================
Received Import Request.
  Time since last request: 0.000033 seconds.
  path: Assets/Assets/KayKit_ResourceBits_1.0_FREE/Assets/obj/Iron_Nugget_Large.obj
  artifactKey: Guid(8e4af2246c4169245bfad869b4472f9a) Importer(2089858483,b0f066a214c2f5e87bad3c948f4d605d)
Start importing Assets/Assets/KayKit_ResourceBits_1.0_FREE/Assets/obj/Iron_Nugget_Large.obj using Guid(8e4af2246c4169245bfad869b4472f9a) Importer(2089858483,b0f066a214c2f5e87bad3c948f4d605d) (ScriptedImporter) -> (artifact id: '7a8b1eb6d53815ba76b141e786016ad5') in 0.0206608 seconds
Number of updated asset objects reloaded before import = 0Number of asset objects unloaded after import = 11

========================================================================
Received Import Request.
  Time since last request: 0.000025 seconds.
  path: Assets/Assets/KayKit_ResourceBits_1.0_FREE/Assets/gltf/Pallet_Wood_Covered_B.bin
  artifactKey: Guid(378bf48f0b5117a4585df1540cbdf0b3) Importer(2089858483,b0f066a214c2f5e87bad3c948f4d605d)
Start importing Assets/Assets/KayKit_ResourceBits_1.0_FREE/Assets/gltf/Pallet_Wood_Covered_B.bin using Guid(378bf48f0b5117a4585df1540cbdf0b3) Importer(2089858483,b0f066a214c2f5e87bad3c948f4d605d) (ScriptedImporter) -> (artifact id: '3bd1b9589067f7ff00b90047f80d8911') in 0.0144177 seconds
Number of updated asset objects reloaded before import = 0Number of asset objects unloaded after import = 1

========================================================================
Received Import Request.
  Time since last request: 0.000018 seconds.
  path: Assets/Assets/KayKit_ResourceBits_1.0_FREE/Assets/fbx/Fuel_B_Barrel.fbx
  artifactKey: Guid(d839b627a2dc76e49af12a9aa3c0953a) Importer(2089858483,b0f066a214c2f5e87bad3c948f4d605d)
Start importing Assets/Assets/KayKit_ResourceBits_1.0_FREE/Assets/fbx/Fuel_B_Barrel.fbx using Guid(d839b627a2dc76e49af12a9aa3c0953a) Importer(2089858483,b0f066a214c2f5e87bad3c948f4d605d) (ScriptedImporter) -> (artifact id: '19e814126c3ad20cdda6209c3899e76b') in 0.022741 seconds
Number of updated asset objects reloaded before import = 0Number of asset objects unloaded after import = 9

========================================================================
Received Import Request.
  Time since last request: 0.000027 seconds.
  path: Assets/Assets/KayKit_ResourceBits_1.0_FREE/Assets/fbx/Parts_Pile_Large.fbx
  artifactKey: Guid(03f00bc1dc80ea741b420094d68de655) Importer(2089858483,b0f066a214c2f5e87bad3c948f4d605d)
Start importing Assets/Assets/KayKit_ResourceBits_1.0_FREE/Assets/fbx/Parts_Pile_Large.fbx using Guid(03f00bc1dc80ea741b420094d68de655) Importer(2089858483,b0f066a214c2f5e87bad3c948f4d605d) (ScriptedImporter) -> (artifact id: '8d2595bc148f8f332d7ba66dd60ff9ef') in 0.0274169 seconds
Number of updated asset objects reloaded before import = 0Number of asset objects unloaded after import = 9

========================================================================
Received Import Request.
  Time since last request: 0.000040 seconds.
  path: Assets/Assets/KayKit_ResourceBits_1.0_FREE/Assets/fbx(unity)/Fuel_B_Barrel.fbx
  artifactKey: Guid(6e5648cfa5251514cb16770ca8934b62) Importer(2089858483,b0f066a214c2f5e87bad3c948f4d605d)
Start importing Assets/Assets/KayKit_ResourceBits_1.0_FREE/Assets/fbx(unity)/Fuel_B_Barrel.fbx using Guid(6e5648cfa5251514cb16770ca8934b62) Importer(2089858483,b0f066a214c2f5e87bad3c948f4d605d) (ScriptedImporter) -> (artifact id: '9197176b10d9dd87446b0a2d12998fbc') in 0.027734 seconds
Number of updated asset objects reloaded before import = 0Number of asset objects unloaded after import = 9

========================================================================
Received Import Request.
  Time since last request: 0.000025 seconds.
  path: Assets/Assets/KayKit_ResourceBits_1.0_FREE/Assets/obj/Textiles_A.mtl
  artifactKey: Guid(8e16d17d961cc364996f168248bfc4b7) Importer(2089858483,b0f066a214c2f5e87bad3c948f4d605d)
Start importing Assets/Assets/KayKit_ResourceBits_1.0_FREE/Assets/obj/Textiles_A.mtl using Guid(8e16d17d961cc364996f168248bfc4b7) Importer(2089858483,b0f066a214c2f5e87bad3c948f4d605d) (ScriptedImporter) -> (artifact id: '7f046a81d115129f5a63b2558fa60fab') in 0.0140922 seconds
Number of updated asset objects reloaded before import = 0Number of asset objects unloaded after import = 1

========================================================================
Received Import Request.
  Time since last request: 0.000034 seconds.
  path: Assets/Assets/KayKit_ResourceBits_1.0_FREE/Assets/fbx(unity)/Textiles_A.fbx
  artifactKey: Guid(a55b708b5d7070144b2a9ab6e0d43e08) Importer(2089858483,b0f066a214c2f5e87bad3c948f4d605d)
Start importing Assets/Assets/KayKit_ResourceBits_1.0_FREE/Assets/fbx(unity)/Textiles_A.fbx using Guid(a55b708b5d7070144b2a9ab6e0d43e08) Importer(2089858483,b0f066a214c2f5e87bad3c948f4d605d) (ScriptedImporter) -> (artifact id: 'fc5489165b0324c9083584d0db0f10b4') in 0.0285254 seconds
Number of updated asset objects reloaded before import = 0Number of asset objects unloaded after import = 9

========================================================================
Received Import Request.
  Time since last request: 0.000025 seconds.
  path: Assets/Assets/KayKit_ResourceBits_1.0_FREE/Assets/fbx/Copper_Nugget_Small.fbx
  artifactKey: Guid(08f45d4c4b1653748bd8e247fa923944) Importer(2089858483,b0f066a214c2f5e87bad3c948f4d605d)
Start importing Assets/Assets/KayKit_ResourceBits_1.0_FREE/Assets/fbx/Copper_Nugget_Small.fbx using Guid(08f45d4c4b1653748bd8e247fa923944) Importer(2089858483,b0f066a214c2f5e87bad3c948f4d605d) (ScriptedImporter) -> (artifact id: '89421dc7aed2e41f4ab02b2e9547940a') in 0.036011 seconds
Number of updated asset objects reloaded before import = 0Number of asset objects unloaded after import = 9

========================================================================
Received Import Request.
  Time since last request: 0.000017 seconds.
  path: Assets/Assets/KayKit_ResourceBits_1.0_FREE/Assets/fbx(unity)/Copper_Bars_Stack_Medium.fbx
  artifactKey: Guid(d1e12c33f91284a458f01532e4b2c026) Importer(2089858483,b0f066a214c2f5e87bad3c948f4d605d)
Start importing Assets/Assets/KayKit_ResourceBits_1.0_FREE/Assets/fbx(unity)/Copper_Bars_Stack_Medium.fbx using Guid(d1e12c33f91284a458f01532e4b2c026) Importer(2089858483,b0f066a214c2f5e87bad3c948f4d605d) (ScriptedImporter) -> (artifact id: '02908a097e59ef1a5b8079829ff87dba') in 0.021251 seconds
Number of updated asset objects reloaded before import = 0Number of asset objects unloaded after import = 9

========================================================================
Received Import Request.
  Time since last request: 0.000023 seconds.
  path: Assets/Assets/KayKit_ResourceBits_1.0_FREE/Assets/gltf/Gold_Nugget_Small.gltf
  artifactKey: Guid(29d4c21f6661e714db2c3d363bf53b2e) Importer(2089858483,b0f066a214c2f5e87bad3c948f4d605d)
Start importing Assets/Assets/KayKit_ResourceBits_1.0_FREE/Assets/gltf/Gold_Nugget_Small.gltf using Guid(29d4c21f6661e714db2c3d363bf53b2e) Importer(2089858483,b0f066a214c2f5e87bad3c948f4d605d) (ScriptedImporter) -> (artifact id: '4ceab1eb0878fd1da86e2eb574c78915') in 0.0119178 seconds
Number of updated asset objects reloaded before import = 0Number of asset objects unloaded after import = 1

========================================================================
Received Import Request.
  Time since last request: 0.000026 seconds.
  path: Assets/Assets/KayKit_ResourceBits_1.0_FREE/Assets/fbx/Silver_Nuggets.fbx
  artifactKey: Guid(2c0466aef89a5db42878e6eb15327215) Importer(2089858483,b0f066a214c2f5e87bad3c948f4d605d)
Start importing Assets/Assets/KayKit_ResourceBits_1.0_FREE/Assets/fbx/Silver_Nuggets.fbx using Guid(2c0466aef89a5db42878e6eb15327215) Importer(2089858483,b0f066a214c2f5e87bad3c948f4d605d) (ScriptedImporter) -> (artifact id: '5857275683d5844e0296fd5aee4f923a') in 0.0244672 seconds
Number of updated asset objects reloaded before import = 0Number of asset objects unloaded after import = 9

========================================================================
Received Import Request.
  Time since last request: 0.000019 seconds.
  path: Assets/Assets/KayKit_ResourceBits_1.0_FREE/Assets/gltf/Copper_Bar.gltf
  artifactKey: Guid(1b2df21309e3d9243bb22539b95b25ef) Importer(2089858483,b0f066a214c2f5e87bad3c948f4d605d)
Start importing Assets/Assets/KayKit_ResourceBits_1.0_FREE/Assets/gltf/Copper_Bar.gltf using Guid(1b2df21309e3d9243bb22539b95b25ef) Importer(2089858483,b0f066a214c2f5e87bad3c948f4d605d) (ScriptedImporter) -> (artifact id: '994560c92c14603b48310090df5f6ab9') in 0.0152687 seconds
Number of updated asset objects reloaded before import = 0Number of asset objects unloaded after import = 1

========================================================================
Received Import Request.
  Time since last request: 0.000023 seconds.
  path: Assets/Assets/KayKit_ResourceBits_1.0_FREE/Assets/gltf/Gold_Bars_Stack_Small.bin
  artifactKey: Guid(cc9c37c0ff0d2094f8826be4e9b55e77) Importer(2089858483,b0f066a214c2f5e87bad3c948f4d605d)
Start importing Assets/Assets/KayKit_ResourceBits_1.0_FREE/Assets/gltf/Gold_Bars_Stack_Small.bin using Guid(cc9c37c0ff0d2094f8826be4e9b55e77) Importer(2089858483,b0f066a214c2f5e87bad3c948f4d605d) (ScriptedImporter) -> (artifact id: '0424be073f6b7c3fce673fcb153efc68') in 0.0135948 seconds
Number of updated asset objects reloaded before import = 0Number of asset objects unloaded after import = 1

========================================================================
Received Import Request.
  Time since last request: 0.000020 seconds.
  path: Assets/Assets/KayKit_ResourceBits_1.0_FREE/Assets/obj/Silver_Nugget_Large.mtl
  artifactKey: Guid(0ea3905deef2b4948a92e47736d06ea8) Importer(2089858483,b0f066a214c2f5e87bad3c948f4d605d)
Start importing Assets/Assets/KayKit_ResourceBits_1.0_FREE/Assets/obj/Silver_Nugget_Large.mtl using Guid(0ea3905deef2b4948a92e47736d06ea8) Importer(2089858483,b0f066a214c2f5e87bad3c948f4d605d) (ScriptedImporter) -> (artifact id: 'e03b00ec1d797f070ef60560e602d4b9') in 0.0157127 seconds
Number of updated asset objects reloaded before import = 0Number of asset objects unloaded after import = 1

========================================================================
Received Import Request.
  Time since last request: 0.000025 seconds.
  path: Assets/Assets/KayKit_ResourceBits_1.0_FREE/Assets/gltf/Copper_Nuggets.gltf
  artifactKey: Guid(1c217d9a9ac43d74793a96ad87373589) Importer(2089858483,b0f066a214c2f5e87bad3c948f4d605d)
Start importing Assets/Assets/KayKit_ResourceBits_1.0_FREE/Assets/gltf/Copper_Nuggets.gltf using Guid(1c217d9a9ac43d74793a96ad87373589) Importer(2089858483,b0f066a214c2f5e87bad3c948f4d605d) (ScriptedImporter) -> (artifact id: '615f7f98c480f983e6ad0def0ef46a63') in 0.0124753 seconds
Number of updated asset objects reloaded before import = 0Number of asset objects unloaded after import = 1

========================================================================
Received Import Request.
  Time since last request: 0.000036 seconds.
  path: Assets/Assets/KayKit_ResourceBits_1.0_FREE/Assets/gltf/Silver_Bar.bin
  artifactKey: Guid(7b2e59b8bbeab654190b927f845474eb) Importer(2089858483,b0f066a214c2f5e87bad3c948f4d605d)
Start importing Assets/Assets/KayKit_ResourceBits_1.0_FREE/Assets/gltf/Silver_Bar.bin using Guid(7b2e59b8bbeab654190b927f845474eb) Importer(2089858483,b0f066a214c2f5e87bad3c948f4d605d) (ScriptedImporter) -> (artifact id: '5d8754cc06f7d27e03f6f3a7306203af') in 0.0180166 seconds
Number of updated asset objects reloaded before import = 0Number of asset objects unloaded after import = 1

========================================================================
Received Import Request.
  Time since last request: 0.000045 seconds.
  path: Assets/Assets/KayKit_ResourceBits_1.0_FREE/Assets/obj/Fuel_B_Jerrycan.obj
  artifactKey: Guid(04774b1eeb2a37e46a1c9882ac297f22) Importer(2089858483,b0f066a214c2f5e87bad3c948f4d605d)
Start importing Assets/Assets/KayKit_ResourceBits_1.0_FREE/Assets/obj/Fuel_B_Jerrycan.obj using Guid(04774b1eeb2a37e46a1c9882ac297f22) Importer(2089858483,b0f066a214c2f5e87bad3c948f4d605d) (ScriptedImporter) -> (artifact id: '7860aa670b2870520534a65ae79efec7') in 0.0219275 seconds
Number of updated asset objects reloaded before import = 0Number of asset objects unloaded after import = 11

========================================================================
Received Import Request.
  Time since last request: 0.000022 seconds.
  path: Assets/Assets/KayKit_ResourceBits_1.0_FREE/Assets/fbx/Copper_Nugget_Medium.fbx
  artifactKey: Guid(64f3850c2b7145d4dba5361d13a75aff) Importer(2089858483,b0f066a214c2f5e87bad3c948f4d605d)
Start importing Assets/Assets/KayKit_ResourceBits_1.0_FREE/Assets/fbx/Copper_Nugget_Medium.fbx using Guid(64f3850c2b7145d4dba5361d13a75aff) Importer(2089858483,b0f066a214c2f5e87bad3c948f4d605d) (ScriptedImporter) -> (artifact id: '374451999a26804652fe13ae8b2adb19') in 0.0558383 seconds
Number of updated asset objects reloaded before import = 0Number of asset objects unloaded after import = 9

========================================================================
Received Import Request.
  Time since last request: 0.000037 seconds.
  path: Assets/Assets/KayKit_ResourceBits_1.0_FREE/Assets/gltf/Gold_Nugget_Medium.bin
  artifactKey: Guid(9940c7caabc824e4e89ae327b680e8cb) Importer(2089858483,b0f066a214c2f5e87bad3c948f4d605d)
Start importing Assets/Assets/KayKit_ResourceBits_1.0_FREE/Assets/gltf/Gold_Nugget_Medium.bin using Guid(9940c7caabc824e4e89ae327b680e8cb) Importer(2089858483,b0f066a214c2f5e87bad3c948f4d605d) (ScriptedImporter) -> (artifact id: '83b656da596cf21498bf61ba578dd646') in 0.0198531 seconds
Number of updated asset objects reloaded before import = 0Number of asset objects unloaded after import = 1

========================================================================
Received Import Request.
  Time since last request: 0.000022 seconds.
  path: Assets/Assets/KayKit_ResourceBits_1.0_FREE/Assets/obj/Fuel_A_Barrels.obj
  artifactKey: Guid(e6f61c50bc5270348bb1d444c46427cc) Importer(2089858483,b0f066a214c2f5e87bad3c948f4d605d)
Start importing Assets/Assets/KayKit_ResourceBits_1.0_FREE/Assets/obj/Fuel_A_Barrels.obj using Guid(e6f61c50bc5270348bb1d444c46427cc) Importer(2089858483,b0f066a214c2f5e87bad3c948f4d605d) (ScriptedImporter) -> (artifact id: 'a717a61c777b469bd160b1c32fbae2ac') in 0.0546589 seconds
Number of updated asset objects reloaded before import = 0Number of asset objects unloaded after import = 11

========================================================================
Received Import Request.
  Time since last request: 0.000025 seconds.
  path: Assets/Assets/KayKit_ResourceBits_1.0_FREE/Assets/fbx/Gold_Bars_Stack_Medium.fbx
  artifactKey: Guid(e3e07cbd24f905149a82c36e4eb6f383) Importer(2089858483,b0f066a214c2f5e87bad3c948f4d605d)
Start importing Assets/Assets/KayKit_ResourceBits_1.0_FREE/Assets/fbx/Gold_Bars_Stack_Medium.fbx using Guid(e3e07cbd24f905149a82c36e4eb6f383) Importer(2089858483,b0f066a214c2f5e87bad3c948f4d605d) (ScriptedImporter) -> (artifact id: '6b45d8877f938bded5441b756f8f594c') in 0.0227505 seconds
Number of updated asset objects reloaded before import = 0Number of asset objects unloaded after import = 9

========================================================================
Received Import Request.
  Time since last request: 0.000053 seconds.
  path: Assets/Assets/KayKit_ResourceBits_1.0_FREE/Assets/gltf/Fuel_A_Barrel.gltf
  artifactKey: Guid(d01d073972dcf4d4fb82ba3d5c4477f4) Importer(2089858483,b0f066a214c2f5e87bad3c948f4d605d)
Start importing Assets/Assets/KayKit_ResourceBits_1.0_FREE/Assets/gltf/Fuel_A_Barrel.gltf using Guid(d01d073972dcf4d4fb82ba3d5c4477f4) Importer(2089858483,b0f066a214c2f5e87bad3c948f4d605d) (ScriptedImporter) -> (artifact id: 'e6710a8fb6efeed3f7366a3a9771a78c') in 0.0187454 seconds
Number of updated asset objects reloaded before import = 0Number of asset objects unloaded after import = 1

========================================================================
Received Import Request.
  Time since last request: 32.543113 seconds.
  path: Assets/Assets/KayKit_ResourceBits_1.0_FREE/Assets/fbx/Stone_Chunks_Small.fbx
  artifactKey: Guid(4261c1ac615783945b171e8c77f5e981) Importer(2089858483,b0f066a214c2f5e87bad3c948f4d605d)
Start importing Assets/Assets/KayKit_ResourceBits_1.0_FREE/Assets/fbx/Stone_Chunks_Small.fbx using Guid(4261c1ac615783945b171e8c77f5e981) Importer(2089858483,b0f066a214c2f5e87bad3c948f4d605d) (ScriptedImporter) -> (artifact id: '7bb58d8b9705787b993e20f358a28e00') in 0.0254739 seconds
Number of updated asset objects reloaded before import = 0Number of asset objects unloaded after import = 9

========================================================================
Received Import Request.
  Time since last request: 0.000024 seconds.
  path: Assets/Assets/KayKit_ResourceBits_1.0_FREE/Assets/fbx/Iron_Nugget_Small.fbx
  artifactKey: Guid(0abc1feff250c4542836d3fa1d384a91) Importer(2089858483,b0f066a214c2f5e87bad3c948f4d605d)
Start importing Assets/Assets/KayKit_ResourceBits_1.0_FREE/Assets/fbx/Iron_Nugget_Small.fbx using Guid(0abc1feff250c4542836d3fa1d384a91) Importer(2089858483,b0f066a214c2f5e87bad3c948f4d605d) (ScriptedImporter) -> (artifact id: '342ee446961b0397dcc2ae6f225a6d7e') in 0.0289879 seconds
Number of updated asset objects reloaded before import = 0Number of asset objects unloaded after import = 9

========================================================================
Received Import Request.
  Time since last request: 0.000032 seconds.
  path: Assets/Assets/KayKit_ResourceBits_1.0_FREE/Assets/fbx/Wood_Plank_A.fbx
  artifactKey: Guid(dd126e055e6eda14a9472972699c11e5) Importer(2089858483,b0f066a214c2f5e87bad3c948f4d605d)
Start importing Assets/Assets/KayKit_ResourceBits_1.0_FREE/Assets/fbx/Wood_Plank_A.fbx using Guid(dd126e055e6eda14a9472972699c11e5) Importer(2089858483,b0f066a214c2f5e87bad3c948f4d605d) (ScriptedImporter) -> (artifact id: '867216e2b7b77ecc64ddba77f4c29852') in 0.0226827 seconds
Number of updated asset objects reloaded before import = 0Number of asset objects unloaded after import = 9

========================================================================
Received Import Request.
  Time since last request: 0.000022 seconds.
  path: Assets/Assets/KayKit_ResourceBits_1.0_FREE/Assets/fbx(unity)/Fuel_C_Barrels.fbx
  artifactKey: Guid(bc5ecdfdb9d08ac4cb78c864fe697253) Importer(2089858483,b0f066a214c2f5e87bad3c948f4d605d)
Start importing Assets/Assets/KayKit_ResourceBits_1.0_FREE/Assets/fbx(unity)/Fuel_C_Barrels.fbx using Guid(bc5ecdfdb9d08ac4cb78c864fe697253) Importer(2089858483,b0f066a214c2f5e87bad3c948f4d605d) (ScriptedImporter) -> (artifact id: '356d0f6b7a1980d4e3f46adde8048ee3') in 0.0244369 seconds
Number of updated asset objects reloaded before import = 0Number of asset objects unloaded after import = 9

========================================================================
Received Import Request.
  Time since last request: 0.000018 seconds.
  path: Assets/Assets/KayKit_ResourceBits_1.0_FREE/Assets/obj/Wood_Plank_C.mtl
  artifactKey: Guid(d911cc828dcd20446a9600b20bbca917) Importer(2089858483,b0f066a214c2f5e87bad3c948f4d605d)
Start importing Assets/Assets/KayKit_ResourceBits_1.0_FREE/Assets/obj/Wood_Plank_C.mtl using Guid(d911cc828dcd20446a9600b20bbca917) Importer(2089858483,b0f066a214c2f5e87bad3c948f4d605d) (ScriptedImporter) -> (artifact id: '425e633f145c80f765c04d42c77005be') in 0.0124487 seconds
Number of updated asset objects reloaded before import = 0Number of asset objects unloaded after import = 1

========================================================================
Received Import Request.
  Time since last request: 0.000018 seconds.
  path: Assets/Assets/KayKit_ResourceBits_1.0_FREE/Assets/obj/Fuel_C_Jerrycan.mtl
  artifactKey: Guid(e2027d36252228d47ad7aa1d5c75ef48) Importer(2089858483,b0f066a214c2f5e87bad3c948f4d605d)
Start importing Assets/Assets/KayKit_ResourceBits_1.0_FREE/Assets/obj/Fuel_C_Jerrycan.mtl using Guid(e2027d36252228d47ad7aa1d5c75ef48) Importer(2089858483,b0f066a214c2f5e87bad3c948f4d605d) (ScriptedImporter) -> (artifact id: '82f2305883cd78b6b432a9f25e87bcb3') in 0.0125279 seconds
Number of updated asset objects reloaded before import = 0Number of asset objects unloaded after import = 1

========================================================================
Received Import Request.
  Time since last request: 0.000028 seconds.
  path: Assets/Assets/KayKit_ResourceBits_1.0_FREE/Assets/obj/Fuel_C_Barrel_Dirty.obj
  artifactKey: Guid(60c68faaed706f44d9280e5c2242f551) Importer(2089858483,b0f066a214c2f5e87bad3c948f4d605d)
Start importing Assets/Assets/KayKit_ResourceBits_1.0_FREE/Assets/obj/Fuel_C_Barrel_Dirty.obj using Guid(60c68faaed706f44d9280e5c2242f551) Importer(2089858483,b0f066a214c2f5e87bad3c948f4d605d) (ScriptedImporter) -> (artifact id: '120b327032f5db880019bc2ca70f6bcf') in 0.0292228 seconds
Number of updated asset objects reloaded before import = 0Number of asset objects unloaded after import = 11

========================================================================
Received Import Request.
  Time since last request: 0.000034 seconds.
  path: Assets/Assets/KayKit_ResourceBits_1.0_FREE/Assets/gltf/Wood_Log_Stack.gltf
  artifactKey: Guid(165ae6d2e7ca3eb43ba32f1fdedb1074) Importer(2089858483,b0f066a214c2f5e87bad3c948f4d605d)
Start importing Assets/Assets/KayKit_ResourceBits_1.0_FREE/Assets/gltf/Wood_Log_Stack.gltf using Guid(165ae6d2e7ca3eb43ba32f1fdedb1074) Importer(2089858483,b0f066a214c2f5e87bad3c948f4d605d) (ScriptedImporter) -> (artifact id: '8b6213e07dfd42a8c0689c39ba7881d3') in 0.016906 seconds
Number of updated asset objects reloaded before import = 0Number of asset objects unloaded after import = 1

========================================================================
Received Import Request.
  Time since last request: 0.000015 seconds.
  path: Assets/Assets/KayKit_ResourceBits_1.0_FREE/Assets/obj/Fuel_A_Barrel.mtl
  artifactKey: Guid(e310982b2226be24892da2c4ac915bd2) Importer(2089858483,b0f066a214c2f5e87bad3c948f4d605d)
Start importing Assets/Assets/KayKit_ResourceBits_1.0_FREE/Assets/obj/Fuel_A_Barrel.mtl using Guid(e310982b2226be24892da2c4ac915bd2) Importer(2089858483,b0f066a214c2f5e87bad3c948f4d605d) (ScriptedImporter) -> (artifact id: '9fa0509a835092e13b82593068910247') in 0.0144134 seconds
Number of updated asset objects reloaded before import = 0Number of asset objects unloaded after import = 1

========================================================================
Received Import Request.
  Time since last request: 0.000024 seconds.
  path: Assets/Assets/KayKit_ResourceBits_1.0_FREE/Assets/gltf/Silver_Nugget_Large.gltf
  artifactKey: Guid(0a1724dfa28c0504db7ce97f0281e837) Importer(2089858483,b0f066a214c2f5e87bad3c948f4d605d)
Start importing Assets/Assets/KayKit_ResourceBits_1.0_FREE/Assets/gltf/Silver_Nugget_Large.gltf using Guid(0a1724dfa28c0504db7ce97f0281e837) Importer(2089858483,b0f066a214c2f5e87bad3c948f4d605d) (ScriptedImporter) -> (artifact id: '3ff1ffd3d9242c3191607185f0e260bc') in 0.0111241 seconds
Number of updated asset objects reloaded before import = 0Number of asset objects unloaded after import = 1

========================================================================
Received Import Request.
  Time since last request: 0.000014 seconds.
  path: Assets/Assets/KayKit_ResourceBits_1.0_FREE/Assets/fbx(unity)/Silver_Bars_Stack_Small.fbx
  artifactKey: Guid(1732e44a103385a4b9f3a99b635acd40) Importer(2089858483,b0f066a214c2f5e87bad3c948f4d605d)
Start importing Assets/Assets/KayKit_ResourceBits_1.0_FREE/Assets/fbx(unity)/Silver_Bars_Stack_Small.fbx using Guid(1732e44a103385a4b9f3a99b635acd40) Importer(2089858483,b0f066a214c2f5e87bad3c948f4d605d) (ScriptedImporter) -> (artifact id: '8eb13094abc0e989c3cd2f570d5479bd') in 0.0224608 seconds
Number of updated asset objects reloaded before import = 0Number of asset objects unloaded after import = 9

========================================================================
Received Import Request.
  Time since last request: 0.000025 seconds.
  path: Assets/Assets/KayKit_ResourceBits_1.0_FREE/Assets/fbx(unity)/Copper_Bars_Stack_Small.fbx
  artifactKey: Guid(a2c9fa47407d85b448946ae1f41d049e) Importer(2089858483,b0f066a214c2f5e87bad3c948f4d605d)
Start importing Assets/Assets/KayKit_ResourceBits_1.0_FREE/Assets/fbx(unity)/Copper_Bars_Stack_Small.fbx using Guid(a2c9fa47407d85b448946ae1f41d049e) Importer(2089858483,b0f066a214c2f5e87bad3c948f4d605d) (ScriptedImporter) -> (artifact id: '3e79d1c57c345e0070be0f86f2b6cd6f') in 0.0225392 seconds
Number of updated asset objects reloaded before import = 0Number of asset objects unloaded after import = 9

========================================================================
Received Import Request.
  Time since last request: 0.000024 seconds.
  path: Assets/Assets/KayKit_ResourceBits_1.0_FREE/Assets/gltf/Textiles_A.bin
  artifactKey: Guid(2bf83963607f974448ce99fae716e943) Importer(2089858483,b0f066a214c2f5e87bad3c948f4d605d)
Start importing Assets/Assets/KayKit_ResourceBits_1.0_FREE/Assets/gltf/Textiles_A.bin using Guid(2bf83963607f974448ce99fae716e943) Importer(2089858483,b0f066a214c2f5e87bad3c948f4d605d) (ScriptedImporter) -> (artifact id: 'e66dbcf5b3698d7ab63f552795aa8c08') in 0.012518 seconds
Number of updated asset objects reloaded before import = 0Number of asset objects unloaded after import = 1

========================================================================
Received Import Request.
  Time since last request: 0.000013 seconds.
  path: Assets/Assets/KayKit_ResourceBits_1.0_FREE/Assets/obj/Fuel_B_Jerrycan.mtl
  artifactKey: Guid(71530767148c03a42bfe4a0a1a5e8e25) Importer(2089858483,b0f066a214c2f5e87bad3c948f4d605d)
Start importing Assets/Assets/KayKit_ResourceBits_1.0_FREE/Assets/obj/Fuel_B_Jerrycan.mtl using Guid(71530767148c03a42bfe4a0a1a5e8e25) Importer(2089858483,b0f066a214c2f5e87bad3c948f4d605d) (ScriptedImporter) -> (artifact id: '4cabb4f561e1b7a6903f041daff87b1e') in 0.0103346 seconds
Number of updated asset objects reloaded before import = 0Number of asset objects unloaded after import = 1

========================================================================
Received Import Request.
  Time since last request: 0.000015 seconds.
  path: Assets/Assets/KayKit_ResourceBits_1.0_FREE/Assets/obj/Wood_Log_B.mtl
  artifactKey: Guid(a9bdfbd0be3ccf34c80704e1c893716e) Importer(2089858483,b0f066a214c2f5e87bad3c948f4d605d)
Start importing Assets/Assets/KayKit_ResourceBits_1.0_FREE/Assets/obj/Wood_Log_B.mtl using Guid(a9bdfbd0be3ccf34c80704e1c893716e) Importer(2089858483,b0f066a214c2f5e87bad3c948f4d605d) (ScriptedImporter) -> (artifact id: 'bf27df3227ff909bfb1b2b17104d44a4') in 0.0095246 seconds
Number of updated asset objects reloaded before import = 0Number of asset objects unloaded after import = 1

========================================================================
Received Import Request.
  Time since last request: 0.000013 seconds.
  path: Assets/Assets/KayKit_ResourceBits_1.0_FREE/Assets/fbx(unity)/Fuel_A_Barrel_Dirty.fbx
  artifactKey: Guid(bc7300d75b37a174290d13c62c8ba527) Importer(2089858483,b0f066a214c2f5e87bad3c948f4d605d)
Start importing Assets/Assets/KayKit_ResourceBits_1.0_FREE/Assets/fbx(unity)/Fuel_A_Barrel_Dirty.fbx using Guid(bc7300d75b37a174290d13c62c8ba527) Importer(2089858483,b0f066a214c2f5e87bad3c948f4d605d) (ScriptedImporter) -> (artifact id: '83e5a54c92c607b00dd82b8056866457') in 0.023793 seconds
Number of updated asset objects reloaded before import = 0Number of asset objects unloaded after import = 9

========================================================================
Received Import Request.
  Time since last request: 0.000017 seconds.
  path: Assets/Assets/KayKit_ResourceBits_1.0_FREE/Assets/fbx(unity)/Iron_Bar.fbx
  artifactKey: Guid(6cffc4498b5b6ba4aaa545c9a49b4f0c) Importer(2089858483,b0f066a214c2f5e87bad3c948f4d605d)
Start importing Assets/Assets/KayKit_ResourceBits_1.0_FREE/Assets/fbx(unity)/Iron_Bar.fbx using Guid(6cffc4498b5b6ba4aaa545c9a49b4f0c) Importer(2089858483,b0f066a214c2f5e87bad3c948f4d605d) (ScriptedImporter) -> (artifact id: 'b6bf775884d2d31298e451a9b57ba349') in 0.0253388 seconds
Number of updated asset objects reloaded before import = 0Number of asset objects unloaded after import = 9

========================================================================
Received Import Request.
  Time since last request: 0.000028 seconds.
  path: Assets/Assets/KayKit_ResourceBits_1.0_FREE/Assets/fbx/Wood_Log_Stack.fbx
  artifactKey: Guid(a711881d234252a418eaf2a8eec23269) Importer(2089858483,b0f066a214c2f5e87bad3c948f4d605d)
Start importing Assets/Assets/KayKit_ResourceBits_1.0_FREE/Assets/fbx/Wood_Log_Stack.fbx using Guid(a711881d234252a418eaf2a8eec23269) Importer(2089858483,b0f066a214c2f5e87bad3c948f4d605d) (ScriptedImporter) -> (artifact id: '55eefc84152c5aaf8a755b8a9e04b1d0') in 0.0249063 seconds
Number of updated asset objects reloaded before import = 0Number of asset objects unloaded after import = 9

========================================================================
Received Import Request.
  Time since last request: 0.000023 seconds.
  path: Assets/Assets/KayKit_ResourceBits_1.0_FREE/Assets/obj/Textiles_B.obj
  artifactKey: Guid(ef4b92891c4088c46b32a21075ad0bc5) Importer(2089858483,b0f066a214c2f5e87bad3c948f4d605d)
Start importing Assets/Assets/KayKit_ResourceBits_1.0_FREE/Assets/obj/Textiles_B.obj using Guid(ef4b92891c4088c46b32a21075ad0bc5) Importer(2089858483,b0f066a214c2f5e87bad3c948f4d605d) (ScriptedImporter) -> (artifact id: '555edacacf8cfe66d837e6ec9f58ebd1') in 0.026094 seconds
Number of updated asset objects reloaded before import = 0Number of asset objects unloaded after import = 11

========================================================================
Received Import Request.
  Time since last request: 0.000023 seconds.
  path: Assets/Assets/KayKit_ResourceBits_1.0_FREE/Assets/obj/Iron_Bars_Stack_Medium.mtl
  artifactKey: Guid(b627a961153c0d44e937f3dd1aad5b9a) Importer(2089858483,b0f066a214c2f5e87bad3c948f4d605d)
Start importing Assets/Assets/KayKit_ResourceBits_1.0_FREE/Assets/obj/Iron_Bars_Stack_Medium.mtl using Guid(b627a961153c0d44e937f3dd1aad5b9a) Importer(2089858483,b0f066a214c2f5e87bad3c948f4d605d) (ScriptedImporter) -> (artifact id: 'acb4e2473cc9873fa242e335b9806312') in 0.0148532 seconds
Number of updated asset objects reloaded before import = 0Number of asset objects unloaded after import = 1

========================================================================
Received Import Request.
  Time since last request: 0.000021 seconds.
  path: Assets/Assets/KayKit_ResourceBits_1.0_FREE/Assets/fbx(unity)/Stone_Bricks_Stack_Small.fbx
  artifactKey: Guid(d46a545f61f1b754383df9359de99963) Importer(2089858483,b0f066a214c2f5e87bad3c948f4d605d)
Start importing Assets/Assets/KayKit_ResourceBits_1.0_FREE/Assets/fbx(unity)/Stone_Bricks_Stack_Small.fbx using Guid(d46a545f61f1b754383df9359de99963) Importer(2089858483,b0f066a214c2f5e87bad3c948f4d605d) (ScriptedImporter) -> (artifact id: '665666e215bb92b89e48969a3a0d26f5') in 0.0255765 seconds
Number of updated asset objects reloaded before import = 0Number of asset objects unloaded after import = 9

========================================================================
Received Import Request.
  Time since last request: 0.000034 seconds.
  path: Assets/Assets/KayKit_ResourceBits_1.0_FREE/Assets/obj/Copper_Nugget_Large.mtl
  artifactKey: Guid(800d8860b99f08c408898caed8554c47) Importer(2089858483,b0f066a214c2f5e87bad3c948f4d605d)
Start importing Assets/Assets/KayKit_ResourceBits_1.0_FREE/Assets/obj/Copper_Nugget_Large.mtl using Guid(800d8860b99f08c408898caed8554c47) Importer(2089858483,b0f066a214c2f5e87bad3c948f4d605d) (ScriptedImporter) -> (artifact id: '3e2b78cd4403c2d9fc30af36479c285b') in 0.0154868 seconds
Number of updated asset objects reloaded before import = 0Number of asset objects unloaded after import = 1

========================================================================
Received Import Request.
  Time since last request: 0.000028 seconds.
  path: Assets/Assets/KayKit_ResourceBits_1.0_FREE/Assets/gltf/Fuel_A_Barrel_Dirty.bin
  artifactKey: Guid(93cccb7ffe4944546b0b159687dbae6d) Importer(2089858483,b0f066a214c2f5e87bad3c948f4d605d)
Start importing Assets/Assets/KayKit_ResourceBits_1.0_FREE/Assets/gltf/Fuel_A_Barrel_Dirty.bin using Guid(93cccb7ffe4944546b0b159687dbae6d) Importer(2089858483,b0f066a214c2f5e87bad3c948f4d605d) (ScriptedImporter) -> (artifact id: '338db362c0e289872ddf004df11a5498') in 0.019458 seconds
Number of updated asset objects reloaded before import = 0Number of asset objects unloaded after import = 1

========================================================================
Received Import Request.
  Time since last request: 0.000026 seconds.
  path: Assets/Assets/KayKit_ResourceBits_1.0_FREE/Assets/obj/Copper_Bars.obj
  artifactKey: Guid(e160bbe25b187304798ed386e595ae47) Importer(2089858483,b0f066a214c2f5e87bad3c948f4d605d)
Start importing Assets/Assets/KayKit_ResourceBits_1.0_FREE/Assets/obj/Copper_Bars.obj using Guid(e160bbe25b187304798ed386e595ae47) Importer(2089858483,b0f066a214c2f5e87bad3c948f4d605d) (ScriptedImporter) -> (artifact id: '9b3ad87105cfdebe12ad6bde20028d13') in 0.0304676 seconds
Number of updated asset objects reloaded before import = 0Number of asset objects unloaded after import = 11

========================================================================
Received Import Request.
  Time since last request: 0.000027 seconds.
  path: Assets/Assets/KayKit_ResourceBits_1.0_FREE/Assets/fbx(unity)/Stone_Brick.fbx
  artifactKey: Guid(19de5f98fcad342469a66b18eaeabdda) Importer(2089858483,b0f066a214c2f5e87bad3c948f4d605d)
Start importing Assets/Assets/KayKit_ResourceBits_1.0_FREE/Assets/fbx(unity)/Stone_Brick.fbx using Guid(19de5f98fcad342469a66b18eaeabdda) Importer(2089858483,b0f066a214c2f5e87bad3c948f4d605d) (ScriptedImporter) -> (artifact id: '60f586cf5e326cb6767590942d7c8d46') in 0.0325539 seconds
Number of updated asset objects reloaded before import = 0Number of asset objects unloaded after import = 9

========================================================================
Received Import Request.
  Time since last request: 0.000044 seconds.
  path: Assets/Assets/KayKit_ResourceBits_1.0_FREE/Assets/gltf/Fuel_C_Barrel.bin
  artifactKey: Guid(8e886db5fcdbbd04eb7fa0e8dfa3af67) Importer(2089858483,b0f066a214c2f5e87bad3c948f4d605d)
Start importing Assets/Assets/KayKit_ResourceBits_1.0_FREE/Assets/gltf/Fuel_C_Barrel.bin using Guid(8e886db5fcdbbd04eb7fa0e8dfa3af67) Importer(2089858483,b0f066a214c2f5e87bad3c948f4d605d) (ScriptedImporter) -> (artifact id: 'f42384f07915d3cfc189cd49db36b262') in 0.015632 seconds
Number of updated asset objects reloaded before import = 0Number of asset objects unloaded after import = 1

========================================================================
Received Import Request.
  Time since last request: 0.000021 seconds.
  path: Assets/Assets/KayKit_ResourceBits_1.0_FREE/Assets/fbx(unity)/Fuel_B_Jerrycan.fbx
  artifactKey: Guid(77a3379b93a6f194a9e14ebefd76a529) Importer(2089858483,b0f066a214c2f5e87bad3c948f4d605d)
Start importing Assets/Assets/KayKit_ResourceBits_1.0_FREE/Assets/fbx(unity)/Fuel_B_Jerrycan.fbx using Guid(77a3379b93a6f194a9e14ebefd76a529) Importer(2089858483,b0f066a214c2f5e87bad3c948f4d605d) (ScriptedImporter) -> (artifact id: '1a9b07fe181702b6a52adad752c7c7f7') in 0.0271214 seconds
Number of updated asset objects reloaded before import = 0Number of asset objects unloaded after import = 9

========================================================================
Received Import Request.
  Time since last request: 0.000021 seconds.
  path: Assets/Assets/KayKit_ResourceBits_1.0_FREE/Assets/fbx/Iron_Bars_Stack_Large.fbx
  artifactKey: Guid(2980b1c3f59abc64b936212f77eb1155) Importer(2089858483,b0f066a214c2f5e87bad3c948f4d605d)
Start importing Assets/Assets/KayKit_ResourceBits_1.0_FREE/Assets/fbx/Iron_Bars_Stack_Large.fbx using Guid(2980b1c3f59abc64b936212f77eb1155) Importer(2089858483,b0f066a214c2f5e87bad3c948f4d605d) (ScriptedImporter) -> (artifact id: '9b79647c1d4827cbb5aa795805fdc09c') in 0.0269783 seconds
Number of updated asset objects reloaded before import = 0Number of asset objects unloaded after import = 9

========================================================================
Received Import Request.
  Time since last request: 0.000027 seconds.
  path: Assets/Assets/KayKit_ResourceBits_1.0_FREE/Assets/fbx/Copper_Nugget_Large.fbx
  artifactKey: Guid(9816970a1343a164a875dca18429b1a3) Importer(2089858483,b0f066a214c2f5e87bad3c948f4d605d)
Start importing Assets/Assets/KayKit_ResourceBits_1.0_FREE/Assets/fbx/Copper_Nugget_Large.fbx using Guid(9816970a1343a164a875dca18429b1a3) Importer(2089858483,b0f066a214c2f5e87bad3c948f4d605d) (ScriptedImporter) -> (artifact id: '53e90f3030957b61c8459465aee5fa17') in 0.0263904 seconds
Number of updated asset objects reloaded before import = 0Number of asset objects unloaded after import = 9

========================================================================
Received Import Request.
  Time since last request: 0.000043 seconds.
  path: Assets/Assets/KayKit_ResourceBits_1.0_FREE/Assets/gltf/Parts_Pile_Medium.bin
  artifactKey: Guid(d7b5c6fa0b99b7544b51b885fb911f31) Importer(2089858483,b0f066a214c2f5e87bad3c948f4d605d)
Start importing Assets/Assets/KayKit_ResourceBits_1.0_FREE/Assets/gltf/Parts_Pile_Medium.bin using Guid(d7b5c6fa0b99b7544b51b885fb911f31) Importer(2089858483,b0f066a214c2f5e87bad3c948f4d605d) (ScriptedImporter) -> (artifact id: 'caad8411a24ec1acc87e4beb006402d4') in 0.0170388 seconds
Number of updated asset objects reloaded before import = 0Number of asset objects unloaded after import = 1

========================================================================
Received Import Request.
  Time since last request: 0.000030 seconds.
  path: Assets/Assets/KayKit_ResourceBits_1.0_FREE/Assets/fbx/Iron_Bar.fbx
  artifactKey: Guid(abed8df75d232514cbe14c48a4bc470b) Importer(2089858483,b0f066a214c2f5e87bad3c948f4d605d)
Start importing Assets/Assets/KayKit_ResourceBits_1.0_FREE/Assets/fbx/Iron_Bar.fbx using Guid(abed8df75d232514cbe14c48a4bc470b) Importer(2089858483,b0f066a214c2f5e87bad3c948f4d605d) (ScriptedImporter) -> (artifact id: '4d14fd4b731cc2d1541c0a2cf45f0b45') in 0.0511266 seconds
Number of updated asset objects reloaded before import = 0Number of asset objects unloaded after import = 9

========================================================================
Received Import Request.
  Time since last request: 0.000042 seconds.
  path: Assets/Assets/KayKit_ResourceBits_1.0_FREE/Assets/fbx(unity)/Wood_Log_A.fbx
  artifactKey: Guid(034c962c82546d14cb407ff87cf0db96) Importer(2089858483,b0f066a214c2f5e87bad3c948f4d605d)
Start importing Assets/Assets/KayKit_ResourceBits_1.0_FREE/Assets/fbx(unity)/Wood_Log_A.fbx using Guid(034c962c82546d14cb407ff87cf0db96) Importer(2089858483,b0f066a214c2f5e87bad3c948f4d605d) (ScriptedImporter) -> (artifact id: '4c59807c01140ef90bdf2016ba67ae98') in 0.0410954 seconds
Number of updated asset objects reloaded before import = 0Number of asset objects unloaded after import = 9

========================================================================
Received Import Request.
  Time since last request: 0.000025 seconds.
  path: Assets/Assets/KayKit_ResourceBits_1.0_FREE/Assets/gltf/Parts_Cog.bin
  artifactKey: Guid(139a2d7c16caeb74f889f080e1de6427) Importer(2089858483,b0f066a214c2f5e87bad3c948f4d605d)
Start importing Assets/Assets/KayKit_ResourceBits_1.0_FREE/Assets/gltf/Parts_Cog.bin using Guid(139a2d7c16caeb74f889f080e1de6427) Importer(2089858483,b0f066a214c2f5e87bad3c948f4d605d) (ScriptedImporter) -> (artifact id: 'fda737abc3b28fe37b601b45a2e36a2e') in 0.0105653 seconds
Number of updated asset objects reloaded before import = 0Number of asset objects unloaded after import = 1

========================================================================
Received Import Request.
  Time since last request: 0.000021 seconds.
  path: Assets/Assets/KayKit_ResourceBits_1.0_FREE/Assets/gltf/Gold_Bar.gltf
  artifactKey: Guid(d1cbabe534a18454ab46a282a0bba7b7) Importer(2089858483,b0f066a214c2f5e87bad3c948f4d605d)
Start importing Assets/Assets/KayKit_ResourceBits_1.0_FREE/Assets/gltf/Gold_Bar.gltf using Guid(d1cbabe534a18454ab46a282a0bba7b7) Importer(2089858483,b0f066a214c2f5e87bad3c948f4d605d) (ScriptedImporter) -> (artifact id: '298e2be02387f868888642200f916100') in 0.0129056 seconds
Number of updated asset objects reloaded before import = 0Number of asset objects unloaded after import = 1

========================================================================
Received Import Request.
  Time since last request: 0.000020 seconds.
  path: Assets/Assets/KayKit_ResourceBits_1.0_FREE/Assets/gltf/Wood_Plank_C.gltf
  artifactKey: Guid(d6787b6f268d8924d8e26fe6c0014382) Importer(2089858483,b0f066a214c2f5e87bad3c948f4d605d)
Start importing Assets/Assets/KayKit_ResourceBits_1.0_FREE/Assets/gltf/Wood_Plank_C.gltf using Guid(d6787b6f268d8924d8e26fe6c0014382) Importer(2089858483,b0f066a214c2f5e87bad3c948f4d605d) (ScriptedImporter) -> (artifact id: '8e4cf7a10b22034b847e8acff50f5064') in 0.0105678 seconds
Number of updated asset objects reloaded before import = 0Number of asset objects unloaded after import = 1

========================================================================
Received Import Request.
  Time since last request: 0.000015 seconds.
  path: Assets/Assets/KayKit_ResourceBits_1.0_FREE/Assets/gltf/Wood_Log_B.gltf
  artifactKey: Guid(cc5e1063824180b49aad24ea0dfda344) Importer(2089858483,b0f066a214c2f5e87bad3c948f4d605d)
Start importing Assets/Assets/KayKit_ResourceBits_1.0_FREE/Assets/gltf/Wood_Log_B.gltf using Guid(cc5e1063824180b49aad24ea0dfda344) Importer(2089858483,b0f066a214c2f5e87bad3c948f4d605d) (ScriptedImporter) -> (artifact id: 'd6d8a1a97cc0dce9d461a4c428460df2') in 0.0110203 seconds
Number of updated asset objects reloaded before import = 0Number of asset objects unloaded after import = 1

========================================================================
Received Import Request.
  Time since last request: 0.000023 seconds.
  path: Assets/Assets/KayKit_ResourceBits_1.0_FREE/Assets/obj/Parts_Cog.obj
  artifactKey: Guid(12b44690b08a63d4ebd9e4449119dd17) Importer(2089858483,b0f066a214c2f5e87bad3c948f4d605d)
Start importing Assets/Assets/KayKit_ResourceBits_1.0_FREE/Assets/obj/Parts_Cog.obj using Guid(12b44690b08a63d4ebd9e4449119dd17) Importer(2089858483,b0f066a214c2f5e87bad3c948f4d605d) (ScriptedImporter) -> (artifact id: 'aad6b54eee72f6de0c0bbe02b9e3d155') in 0.0172638 seconds
Number of updated asset objects reloaded before import = 0Number of asset objects unloaded after import = 11

========================================================================
Received Import Request.
  Time since last request: 0.000026 seconds.
  path: Assets/Assets/KayKit_ResourceBits_1.0_FREE/Assets/fbx(unity)/Wood_Log_Stack.fbx
  artifactKey: Guid(d8758f782befe0944a381c1fde79d434) Importer(2089858483,b0f066a214c2f5e87bad3c948f4d605d)
Start importing Assets/Assets/KayKit_ResourceBits_1.0_FREE/Assets/fbx(unity)/Wood_Log_Stack.fbx using Guid(d8758f782befe0944a381c1fde79d434) Importer(2089858483,b0f066a214c2f5e87bad3c948f4d605d) (ScriptedImporter) -> (artifact id: '94061a3ca55f7f77dbc24078e4c21b0c') in 0.0232141 seconds
Number of updated asset objects reloaded before import = 0Number of asset objects unloaded after import = 9

========================================================================
Received Import Request.
  Time since last request: 0.000025 seconds.
  path: Assets/Assets/KayKit_ResourceBits_1.0_FREE/Assets/gltf/Pallet_Wood_Covered_B.gltf
  artifactKey: Guid(7a7ae7066354dae48871c084e1b958fb) Importer(2089858483,b0f066a214c2f5e87bad3c948f4d605d)
Start importing Assets/Assets/KayKit_ResourceBits_1.0_FREE/Assets/gltf/Pallet_Wood_Covered_B.gltf using Guid(7a7ae7066354dae48871c084e1b958fb) Importer(2089858483,b0f066a214c2f5e87bad3c948f4d605d) (ScriptedImporter) -> (artifact id: '2f205c3117181804bf42f720461b5e1a') in 0.0135072 seconds
Number of updated asset objects reloaded before import = 0Number of asset objects unloaded after import = 1

========================================================================
Received Import Request.
  Time since last request: 0.000019 seconds.
  path: Assets/Assets/KayKit_ResourceBits_1.0_FREE/Assets/fbx(unity)/Gold_Nugget_Medium.fbx
  artifactKey: Guid(460698a57a5df7e41a34de17d9609eed) Importer(2089858483,b0f066a214c2f5e87bad3c948f4d605d)
Start importing Assets/Assets/KayKit_ResourceBits_1.0_FREE/Assets/fbx(unity)/Gold_Nugget_Medium.fbx using Guid(460698a57a5df7e41a34de17d9609eed) Importer(2089858483,b0f066a214c2f5e87bad3c948f4d605d) (ScriptedImporter) -> (artifact id: 'c9b7865147cef96caa257186ba4ce2e6') in 0.0199164 seconds
Number of updated asset objects reloaded before import = 0Number of asset objects unloaded after import = 9

========================================================================
Received Import Request.
  Time since last request: 0.000019 seconds.
  path: Assets/Assets/KayKit_ResourceBits_1.0_FREE/Assets/obj/Silver_Bar.obj
  artifactKey: Guid(e743c085651f46442989b4ffa9a1df58) Importer(2089858483,b0f066a214c2f5e87bad3c948f4d605d)
Start importing Assets/Assets/KayKit_ResourceBits_1.0_FREE/Assets/obj/Silver_Bar.obj using Guid(e743c085651f46442989b4ffa9a1df58) Importer(2089858483,b0f066a214c2f5e87bad3c948f4d605d) (ScriptedImporter) -> (artifact id: '3cac66f925916f957e78d7cf5e9b51ce') in 0.0218729 seconds
Number of updated asset objects reloaded before import = 0Number of asset objects unloaded after import = 11

========================================================================
Received Import Request.
  Time since last request: 0.000030 seconds.
  path: Assets/Assets/KayKit_ResourceBits_1.0_FREE/Assets/fbx/Fuel_B_Jerrycan.fbx
  artifactKey: Guid(a0267d7ad9bf975488497c58d5e45437) Importer(2089858483,b0f066a214c2f5e87bad3c948f4d605d)
Start importing Assets/Assets/KayKit_ResourceBits_1.0_FREE/Assets/fbx/Fuel_B_Jerrycan.fbx using Guid(a0267d7ad9bf975488497c58d5e45437) Importer(2089858483,b0f066a214c2f5e87bad3c948f4d605d) (ScriptedImporter) -> (artifact id: '3b6016cd91cf845658b4994745477326') in 0.0231239 seconds
Number of updated asset objects reloaded before import = 0Number of asset objects unloaded after import = 9

========================================================================
Received Import Request.
  Time since last request: 0.000024 seconds.
  path: Assets/Assets/KayKit_ResourceBits_1.0_FREE/Assets/gltf/Gold_Bars_Stack_Medium.gltf
  artifactKey: Guid(b48e1bd9c7d88834c92b65ec00189c3a) Importer(2089858483,b0f066a214c2f5e87bad3c948f4d605d)
Start importing Assets/Assets/KayKit_ResourceBits_1.0_FREE/Assets/gltf/Gold_Bars_Stack_Medium.gltf using Guid(b48e1bd9c7d88834c92b65ec00189c3a) Importer(2089858483,b0f066a214c2f5e87bad3c948f4d605d) (ScriptedImporter) -> (artifact id: '1056f867cb79c0ba0c6d3420310f493e') in 0.0141196 seconds
Number of updated asset objects reloaded before import = 0Number of asset objects unloaded after import = 1

========================================================================
Received Import Request.
  Time since last request: 0.000014 seconds.
  path: Assets/Assets/KayKit_ResourceBits_1.0_FREE/Assets/gltf/Fuel_A_Barrel.bin
  artifactKey: Guid(9a7abf3079856714c92f49046da6ebd9) Importer(2089858483,b0f066a214c2f5e87bad3c948f4d605d)
Start importing Assets/Assets/KayKit_ResourceBits_1.0_FREE/Assets/gltf/Fuel_A_Barrel.bin using Guid(9a7abf3079856714c92f49046da6ebd9) Importer(2089858483,b0f066a214c2f5e87bad3c948f4d605d) (ScriptedImporter) -> (artifact id: 'a36902b2989c9deb34fea8f39464cb1d') in 0.0095336 seconds
Number of updated asset objects reloaded before import = 0Number of asset objects unloaded after import = 1

========================================================================
Received Import Request.
  Time since last request: 0.000026 seconds.
  path: Assets/Assets/KayKit_ResourceBits_1.0_FREE/Assets/fbx/Iron_Bars_Stack_Small.fbx
  artifactKey: Guid(0fae1f5668361d845a6ab7f75cad505e) Importer(2089858483,b0f066a214c2f5e87bad3c948f4d605d)
Start importing Assets/Assets/KayKit_ResourceBits_1.0_FREE/Assets/fbx/Iron_Bars_Stack_Small.fbx using Guid(0fae1f5668361d845a6ab7f75cad505e) Importer(2089858483,b0f066a214c2f5e87bad3c948f4d605d) (ScriptedImporter) -> (artifact id: '36c25c08238af77367a1ab0850c8fc11') in 0.0213026 seconds
Number of updated asset objects reloaded before import = 0Number of asset objects unloaded after import = 9

========================================================================
Received Import Request.
  Time since last request: 0.000018 seconds.
  path: Assets/Assets/KayKit_ResourceBits_1.0_FREE/Assets/obj/Wood_Planks_Stack_Large.obj
  artifactKey: Guid(7401bda4c38e96b43b93b095091b50ee) Importer(2089858483,b0f066a214c2f5e87bad3c948f4d605d)
Start importing Assets/Assets/KayKit_ResourceBits_1.0_FREE/Assets/obj/Wood_Planks_Stack_Large.obj using Guid(7401bda4c38e96b43b93b095091b50ee) Importer(2089858483,b0f066a214c2f5e87bad3c948f4d605d) (ScriptedImporter) -> (artifact id: '9d8c16762c65aeb6aa71e22d1b7a21cb') in 0.0182564 seconds
Number of updated asset objects reloaded before import = 0Number of asset objects unloaded after import = 11

========================================================================
Received Import Request.
  Time since last request: 0.000020 seconds.
  path: Assets/Assets/KayKit_ResourceBits_1.0_FREE/Assets/fbx/Textiles_Stack_Large.fbx
  artifactKey: Guid(6f78b12ccd7233144bb8c292481685df) Importer(2089858483,b0f066a214c2f5e87bad3c948f4d605d)
Start importing Assets/Assets/KayKit_ResourceBits_1.0_FREE/Assets/fbx/Textiles_Stack_Large.fbx using Guid(6f78b12ccd7233144bb8c292481685df) Importer(2089858483,b0f066a214c2f5e87bad3c948f4d605d) (ScriptedImporter) -> (artifact id: '5f169362d06d9f7a86cc9356da262300') in 0.0214463 seconds
Number of updated asset objects reloaded before import = 0Number of asset objects unloaded after import = 9

========================================================================
Received Import Request.
  Time since last request: 0.000028 seconds.
  path: Assets/Assets/KayKit_ResourceBits_1.0_FREE/Assets/fbx(unity)/Fuel_A_Barrel.fbx
  artifactKey: Guid(efc76c2b6f03d2d4e93f7f5563f65838) Importer(2089858483,b0f066a214c2f5e87bad3c948f4d605d)
Start importing Assets/Assets/KayKit_ResourceBits_1.0_FREE/Assets/fbx(unity)/Fuel_A_Barrel.fbx using Guid(efc76c2b6f03d2d4e93f7f5563f65838) Importer(2089858483,b0f066a214c2f5e87bad3c948f4d605d) (ScriptedImporter) -> (artifact id: '00fd5bdee764e079d6b534da2afee1f8') in 0.0245418 seconds
Number of updated asset objects reloaded before import = 0Number of asset objects unloaded after import = 9

========================================================================
Received Import Request.
  Time since last request: 0.000020 seconds.
  path: Assets/Assets/KayKit_ResourceBits_1.0_FREE/Assets/fbx/Stone_Chunks_Large.fbx
  artifactKey: Guid(0a7d3a75ffe056e42bc0523de5553207) Importer(2089858483,b0f066a214c2f5e87bad3c948f4d605d)
Start importing Assets/Assets/KayKit_ResourceBits_1.0_FREE/Assets/fbx/Stone_Chunks_Large.fbx using Guid(0a7d3a75ffe056e42bc0523de5553207) Importer(2089858483,b0f066a214c2f5e87bad3c948f4d605d) (ScriptedImporter) -> (artifact id: '4d21f7d9900a2ac924a9e32cafbc3748') in 0.021367 seconds
Number of updated asset objects reloaded before import = 0Number of asset objects unloaded after import = 9

========================================================================
Received Import Request.
  Time since last request: 0.000017 seconds.
  path: Assets/Assets/KayKit_ResourceBits_1.0_FREE/Assets/fbx(unity)/Copper_Nugget_Small.fbx
  artifactKey: Guid(c90a0478a07621149a74f295e02a68bb) Importer(2089858483,b0f066a214c2f5e87bad3c948f4d605d)
Start importing Assets/Assets/KayKit_ResourceBits_1.0_FREE/Assets/fbx(unity)/Copper_Nugget_Small.fbx using Guid(c90a0478a07621149a74f295e02a68bb) Importer(2089858483,b0f066a214c2f5e87bad3c948f4d605d) (ScriptedImporter) -> (artifact id: 'c10023d4e3676ac46d17e8f4974f7ad8') in 0.0216997 seconds
Number of updated asset objects reloaded before import = 0Number of asset objects unloaded after import = 9

========================================================================
Received Import Request.
  Time since last request: 0.000017 seconds.
  path: Assets/Assets/KayKit_ResourceBits_1.0_FREE/Assets/gltf/Fuel_C_Barrel_Dirty.gltf
  artifactKey: Guid(08da9599494754c479526d9a2c2f72d9) Importer(2089858483,b0f066a214c2f5e87bad3c948f4d605d)
Start importing Assets/Assets/KayKit_ResourceBits_1.0_FREE/Assets/gltf/Fuel_C_Barrel_Dirty.gltf using Guid(08da9599494754c479526d9a2c2f72d9) Importer(2089858483,b0f066a214c2f5e87bad3c948f4d605d) (ScriptedImporter) -> (artifact id: '159e2b54d6cc2609caa4fbdfe3ceda41') in 0.0134534 seconds
Number of updated asset objects reloaded before import = 0Number of asset objects unloaded after import = 1

========================================================================
Received Import Request.
  Time since last request: 0.000026 seconds.
  path: Assets/Assets/KayKit_ResourceBits_1.0_FREE/Assets/obj/Iron_Bars_Stack_Medium.obj
  artifactKey: Guid(f039a300857d04d4790456678060f775) Importer(2089858483,b0f066a214c2f5e87bad3c948f4d605d)
Start importing Assets/Assets/KayKit_ResourceBits_1.0_FREE/Assets/obj/Iron_Bars_Stack_Medium.obj using Guid(f039a300857d04d4790456678060f775) Importer(2089858483,b0f066a214c2f5e87bad3c948f4d605d) (ScriptedImporter) -> (artifact id: '24d3c01a6549bebee5cb3b25934cde8f') in 0.024234 seconds
Number of updated asset objects reloaded before import = 0Number of asset objects unloaded after import = 11

========================================================================
Received Import Request.
  Time since last request: 0.646336 seconds.
  path: Assets/UI
  artifactKey: Guid(617e4251e067b0d47bcd98b0557e70a5) Importer(2089858483,b0f066a214c2f5e87bad3c948f4d605d)
Start importing Assets/UI using Guid(617e4251e067b0d47bcd98b0557e70a5) Importer(2089858483,b0f066a214c2f5e87bad3c948f4d605d) (ScriptedImporter) -> (artifact id: 'c01d3a2e07ebf7dfa4100f257496511e') in 0.0101756 seconds
Number of updated asset objects reloaded before import = 0Number of asset objects unloaded after import = 1

========================================================================
Received Import Request.
  Time since last request: 313.662697 seconds.
  path: Assets/UI/Menu.uxml
  artifactKey: Guid(3dfeef943f6a3804cadeacfeb858469b) Importer(2089858483,b0f066a214c2f5e87bad3c948f4d605d)
Start importing Assets/UI/Menu.uxml using Guid(3dfeef943f6a3804cadeacfeb858469b) Importer(2089858483,b0f066a214c2f5e87bad3c948f4d605d) (ScriptedImporter) -> (artifact id: 'bd68560a4d55bbfc314b324b94237ee8') in 0.1026974 seconds
Number of updated asset objects reloaded before import = 0Number of asset objects unloaded after import = 3

========================================================================
Received Import Request.
  Time since last request: 128.784455 seconds.
  path: Assets/Scenes/SampleScene.unity
  artifactKey: Guid(99c9720ab356a0642a771bea13969a05) Importer(2089858483,b0f066a214c2f5e87bad3c948f4d605d)
Start importing Assets/Scenes/SampleScene.unity using Guid(99c9720ab356a0642a771bea13969a05) Importer(2089858483,b0f066a214c2f5e87bad3c948f4d605d) (ScriptedImporter) -> (artifact id: '197949cbdbb9de8385dd0e724e5ba28f') in 0.0109581 seconds
Number of updated asset objects reloaded before import = 0Number of asset objects unloaded after import = 1

========================================================================
Received Import Request.
  Time since last request: 13.418989 seconds.
  path: Assets/Assets/KayKit_ResourceBits_1.0_FREE
  artifactKey: Guid(72e2bbc7fc092cb47b293debbc2b4ccb) Importer(815301076,1909f56bfc062723c751e8b465ee728b)
Start importing Assets/Assets/KayKit_ResourceBits_1.0_FREE using Guid(72e2bbc7fc092cb47b293debbc2b4ccb) Importer(815301076,1909f56bfc062723c751e8b465ee728b) (PreviewImporter) -> (artifact id: 'c09f725df626a01f4d014ecf49d890f1') in 0.0007319 seconds
Number of updated asset objects reloaded before import = 0Number of asset objects unloaded after import = 0

========================================================================
Received Import Request.
  Time since last request: 0.021604 seconds.
  path: Assets/Assets/KayKit_ResourceBits_1.0_FREE/contents.png
  artifactKey: Guid(920a5add6756206438d9b7d79e70a0d2) Importer(815301076,1909f56bfc062723c751e8b465ee728b)
Start importing Assets/Assets/KayKit_ResourceBits_1.0_FREE/contents.png using Guid(920a5add6756206438d9b7d79e70a0d2) Importer(815301076,1909f56bfc062723c751e8b465ee728b) (PreviewImporter) -> (artifact id: '7aa3afeb7616dd0e7306b2d07df52b38') in 0.0478561 seconds
Number of updated asset objects reloaded before import = 0Number of asset objects unloaded after import = 2

========================================================================
Received Import Request.
  Time since last request: 2.612296 seconds.
  path: Assets/Assets/KayKit_ResourceBits_1.0_FREE/Assets
  artifactKey: Guid(a48fcb89f49a14c4b8ecc0074aa985a7) Importer(815301076,1909f56bfc062723c751e8b465ee728b)
Start importing Assets/Assets/KayKit_ResourceBits_1.0_FREE/Assets using Guid(a48fcb89f49a14c4b8ecc0074aa985a7) Importer(815301076,1909f56bfc062723c751e8b465ee728b) (PreviewImporter) -> (artifact id: '6d6bcde01c5c05bf551aa1e10367f2df') in 0.0006055 seconds
Number of updated asset objects reloaded before import = 0Number of asset objects unloaded after import = 0

========================================================================
Received Import Request.
  Time since last request: 2.797295 seconds.
  path: Assets/Assets/KayKit_ResourceBits_1.0_FREE/Assets/obj
  artifactKey: Guid(511de3719646390458a5f50b7fe83fcc) Importer(815301076,1909f56bfc062723c751e8b465ee728b)
Start importing Assets/Assets/KayKit_ResourceBits_1.0_FREE/Assets/obj using Guid(511de3719646390458a5f50b7fe83fcc) Importer(815301076,1909f56bfc062723c751e8b465ee728b) (PreviewImporter) -> (artifact id: '408ca3513edda26c5a1f810a360e39e1') in 0.0006659 seconds
Number of updated asset objects reloaded before import = 0Number of asset objects unloaded after import = 0

========================================================================
Received Import Request.
  Time since last request: 0.020467 seconds.
  path: Assets/Assets/KayKit_ResourceBits_1.0_FREE/Assets/obj/Copper_Bar.obj
  artifactKey: Guid(b620fbd6f23f48a4895d73db4965e953) Importer(815301076,1909f56bfc062723c751e8b465ee728b)
Start importing Assets/Assets/KayKit_ResourceBits_1.0_FREE/Assets/obj/Copper_Bar.obj using Guid(b620fbd6f23f48a4895d73db4965e953) Importer(815301076,1909f56bfc062723c751e8b465ee728b) (PreviewImporter) -> (artifact id: '90cfbca3a1f0b4a661ea9428c2f1fb8c') in 6.4392024 seconds
Number of updated asset objects reloaded before import = 0Number of asset objects unloaded after import = 11

========================================================================
Received Import Request.
  Time since last request: 0.000045 seconds.
  path: Assets/Assets/KayKit_ResourceBits_1.0_FREE/Assets/fbx(unity)/Wood_Plank_C.fbx
  artifactKey: Guid(e403d10767d94dc42aef04fca5ee48ef) Importer(815301076,1909f56bfc062723c751e8b465ee728b)
Start importing Assets/Assets/KayKit_ResourceBits_1.0_FREE/Assets/fbx(unity)/Wood_Plank_C.fbx using Guid(e403d10767d94dc42aef04fca5ee48ef) Importer(815301076,1909f56bfc062723c751e8b465ee728b) (PreviewImporter) -> (artifact id: '039b6a5bdc8d2ec557a12daee93e1377') in 0.0335818 seconds
Number of updated asset objects reloaded before import = 0Number of asset objects unloaded after import = 9

========================================================================
Received Import Request.
  Time since last request: 0.000036 seconds.
  path: Assets/Assets/KayKit_ResourceBits_1.0_FREE/Assets/fbx(unity)/Fuel_C_Barrel.fbx
  artifactKey: Guid(1993c6408770e974ab27b347fa55d3c9) Importer(815301076,1909f56bfc062723c751e8b465ee728b)
Start importing Assets/Assets/KayKit_ResourceBits_1.0_FREE/Assets/fbx(unity)/Fuel_C_Barrel.fbx using Guid(1993c6408770e974ab27b347fa55d3c9) Importer(815301076,1909f56bfc062723c751e8b465ee728b) (PreviewImporter) -> (artifact id: '7045237c214d9e6836ae7a714e94890e') in 0.0293817 seconds
Number of updated asset objects reloaded before import = 0Number of asset objects unloaded after import = 9

========================================================================
Received Import Request.
  Time since last request: 0.000027 seconds.
  path: Assets/Assets/KayKit_ResourceBits_1.0_FREE/Assets/fbx(unity)/Silver_Nuggets.fbx
  artifactKey: Guid(61f391b15085e1345b69afc47cba6c8c) Importer(815301076,1909f56bfc062723c751e8b465ee728b)
Start importing Assets/Assets/KayKit_ResourceBits_1.0_FREE/Assets/fbx(unity)/Silver_Nuggets.fbx using Guid(61f391b15085e1345b69afc47cba6c8c) Importer(815301076,1909f56bfc062723c751e8b465ee728b) (PreviewImporter) -> (artifact id: '8162f98303fdf2be309076ff11c4b702') in 0.0296961 seconds
Number of updated asset objects reloaded before import = 0Number of asset objects unloaded after import = 9

========================================================================
Received Import Request.
  Time since last request: 0.000025 seconds.
  path: Assets/Assets/KayKit_ResourceBits_1.0_FREE/Assets/fbx(unity)/Textiles_B.fbx
  artifactKey: Guid(77c0090e3d912814db35f12562118a97) Importer(815301076,1909f56bfc062723c751e8b465ee728b)
Start importing Assets/Assets/KayKit_ResourceBits_1.0_FREE/Assets/fbx(unity)/Textiles_B.fbx using Guid(77c0090e3d912814db35f12562118a97) Importer(815301076,1909f56bfc062723c751e8b465ee728b) (PreviewImporter) -> (artifact id: '553548fc95abc5ef685041dcabc33e2b') in 0.0268283 seconds
Number of updated asset objects reloaded before import = 0Number of asset objects unloaded after import = 9

========================================================================
Received Import Request.
  Time since last request: 0.000024 seconds.
  path: Assets/Assets/KayKit_ResourceBits_1.0_FREE/Assets/fbx(unity)/Gold_Bars.fbx
  artifactKey: Guid(5b27bd6553a9cda459f1c7b90540ef8d) Importer(815301076,1909f56bfc062723c751e8b465ee728b)
Start importing Assets/Assets/KayKit_ResourceBits_1.0_FREE/Assets/fbx(unity)/Gold_Bars.fbx using Guid(5b27bd6553a9cda459f1c7b90540ef8d) Importer(815301076,1909f56bfc062723c751e8b465ee728b) (PreviewImporter) -> (artifact id: 'c6a9bd2a25084a6d20a47f5c6df58807') in 0.0314489 seconds
Number of updated asset objects reloaded before import = 0Number of asset objects unloaded after import = 9

========================================================================
Received Import Request.
  Time since last request: 0.000060 seconds.
  path: Assets/Assets/KayKit_ResourceBits_1.0_FREE/Assets/fbx(unity)/Copper_Bars.fbx
  artifactKey: Guid(82ba7e7e2b14fd545a94e4e4eec6c8da) Importer(815301076,1909f56bfc062723c751e8b465ee728b)
Start importing Assets/Assets/KayKit_ResourceBits_1.0_FREE/Assets/fbx(unity)/Copper_Bars.fbx using Guid(82ba7e7e2b14fd545a94e4e4eec6c8da) Importer(815301076,1909f56bfc062723c751e8b465ee728b) (PreviewImporter) -> (artifact id: '653ee6917ebabf98184c65175e40d3c3') in 0.0284638 seconds
Number of updated asset objects reloaded before import = 0Number of asset objects unloaded after import = 9

========================================================================
Received Import Request.
  Time since last request: 0.000025 seconds.
  path: Assets/Assets/KayKit_ResourceBits_1.0_FREE/Assets/fbx(unity)/Iron_Nuggets.fbx
  artifactKey: Guid(c0ac698c769146544b1fc6241a1fc7d6) Importer(815301076,1909f56bfc062723c751e8b465ee728b)
Start importing Assets/Assets/KayKit_ResourceBits_1.0_FREE/Assets/fbx(unity)/Iron_Nuggets.fbx using Guid(c0ac698c769146544b1fc6241a1fc7d6) Importer(815301076,1909f56bfc062723c751e8b465ee728b) (PreviewImporter) -> (artifact id: '28095a853455348022e891e634abbc3f') in 0.0282295 seconds
Number of updated asset objects reloaded before import = 0Number of asset objects unloaded after import = 9

========================================================================
Received Import Request.
  Time since last request: 0.000025 seconds.
  path: Assets/Assets/KayKit_ResourceBits_1.0_FREE/Assets/fbx(unity)/Gold_Bars_Stack_Medium.fbx
  artifactKey: Guid(b2ec58bc84f27e54c8c269ab1d96bbd6) Importer(815301076,1909f56bfc062723c751e8b465ee728b)
Start importing Assets/Assets/KayKit_ResourceBits_1.0_FREE/Assets/fbx(unity)/Gold_Bars_Stack_Medium.fbx using Guid(b2ec58bc84f27e54c8c269ab1d96bbd6) Importer(815301076,1909f56bfc062723c751e8b465ee728b) (PreviewImporter) -> (artifact id: '99cf8c7457aad0d215a6448f9d2f007e') in 0.0240911 seconds
Number of updated asset objects reloaded before import = 0Number of asset objects unloaded after import = 9

========================================================================
Received Import Request.
  Time since last request: 0.000030 seconds.
  path: Assets/Assets/KayKit_ResourceBits_1.0_FREE/Assets/fbx(unity)/Fuel_C_Barrels.fbx
  artifactKey: Guid(bc5ecdfdb9d08ac4cb78c864fe697253) Importer(815301076,1909f56bfc062723c751e8b465ee728b)
Start importing Assets/Assets/KayKit_ResourceBits_1.0_FREE/Assets/fbx(unity)/Fuel_C_Barrels.fbx using Guid(bc5ecdfdb9d08ac4cb78c864fe697253) Importer(815301076,1909f56bfc062723c751e8b465ee728b) (PreviewImporter) -> (artifact id: '6a58e2db4c3d5fb26f9b13a404cecc49') in 0.0295897 seconds
Number of updated asset objects reloaded before import = 0Number of asset objects unloaded after import = 9

========================================================================
Received Import Request.
  Time since last request: 0.000041 seconds.
  path: Assets/Assets/KayKit_ResourceBits_1.0_FREE/Assets/fbx(unity)/Gold_Bars_Stack_Large.fbx
  artifactKey: Guid(f27de52fad423d64c986df3778c2fc76) Importer(815301076,1909f56bfc062723c751e8b465ee728b)
Start importing Assets/Assets/KayKit_ResourceBits_1.0_FREE/Assets/fbx(unity)/Gold_Bars_Stack_Large.fbx using Guid(f27de52fad423d64c986df3778c2fc76) Importer(815301076,1909f56bfc062723c751e8b465ee728b) (PreviewImporter) -> (artifact id: 'bd126900b0383aea72b5f125ec427d09') in 0.0295192 seconds
Number of updated asset objects reloaded before import = 0Number of asset objects unloaded after import = 9

========================================================================
Received Import Request.
  Time since last request: 0.000030 seconds.
  path: Assets/Assets/KayKit_ResourceBits_1.0_FREE/Assets/fbx(unity)/Wood_Planks_Stack_Medium.fbx
  artifactKey: Guid(3f85536ed891754439e3cf1df550fb48) Importer(815301076,1909f56bfc062723c751e8b465ee728b)
Start importing Assets/Assets/KayKit_ResourceBits_1.0_FREE/Assets/fbx(unity)/Wood_Planks_Stack_Medium.fbx using Guid(3f85536ed891754439e3cf1df550fb48) Importer(815301076,1909f56bfc062723c751e8b465ee728b) (PreviewImporter) -> (artifact id: 'a48d6f1231d4e19548f01c7ccf6f7804') in 0.0270472 seconds
Number of updated asset objects reloaded before import = 0Number of asset objects unloaded after import = 9

========================================================================
Received Import Request.
  Time since last request: 0.000037 seconds.
  path: Assets/Assets/KayKit_ResourceBits_1.0_FREE/Assets/fbx(unity)/Iron_Nugget_Small.fbx
  artifactKey: Guid(088771b335a7fbb439661d8f2e9254b5) Importer(815301076,1909f56bfc062723c751e8b465ee728b)
Start importing Assets/Assets/KayKit_ResourceBits_1.0_FREE/Assets/fbx(unity)/Iron_Nugget_Small.fbx using Guid(088771b335a7fbb439661d8f2e9254b5) Importer(815301076,1909f56bfc062723c751e8b465ee728b) (PreviewImporter) -> (artifact id: '31be2c48476b9cff2bca8a865fdfb889') in 0.0248186 seconds
Number of updated asset objects reloaded before import = 0Number of asset objects unloaded after import = 9

========================================================================
Received Import Request.
  Time since last request: 0.000027 seconds.
  path: Assets/Assets/KayKit_ResourceBits_1.0_FREE/Assets/obj/Gold_Nugget_Medium.obj
  artifactKey: Guid(9c02060faf3734940bfcea77c66485df) Importer(815301076,1909f56bfc062723c751e8b465ee728b)
Start importing Assets/Assets/KayKit_ResourceBits_1.0_FREE/Assets/obj/Gold_Nugget_Medium.obj using Guid(9c02060faf3734940bfcea77c66485df) Importer(815301076,1909f56bfc062723c751e8b465ee728b) (PreviewImporter) -> (artifact id: '1ff826ffa829f048848df9e77aa4f146') in 0.0296523 seconds
Number of updated asset objects reloaded before import = 0Number of asset objects unloaded after import = 11

========================================================================
Received Import Request.
  Time since last request: 0.000032 seconds.
  path: Assets/Assets/KayKit_ResourceBits_1.0_FREE/Assets/fbx(unity)/Stone_Chunks_Large.fbx
  artifactKey: Guid(d255402129bb1d24188eec19e687e26f) Importer(815301076,1909f56bfc062723c751e8b465ee728b)
Start importing Assets/Assets/KayKit_ResourceBits_1.0_FREE/Assets/fbx(unity)/Stone_Chunks_Large.fbx using Guid(d255402129bb1d24188eec19e687e26f) Importer(815301076,1909f56bfc062723c751e8b465ee728b) (PreviewImporter) -> (artifact id: '7467039ddd88cb43de92013bf4680cb3') in 0.0266149 seconds
Number of updated asset objects reloaded before import = 0Number of asset objects unloaded after import = 9

========================================================================
Received Import Request.
  Time since last request: 0.000026 seconds.
  path: Assets/Assets/KayKit_ResourceBits_1.0_FREE/Assets/obj/Fuel_B_Barrel_Dirty.obj
  artifactKey: Guid(962469810a8dc374fbfed87840bc2110) Importer(815301076,1909f56bfc062723c751e8b465ee728b)
Start importing Assets/Assets/KayKit_ResourceBits_1.0_FREE/Assets/obj/Fuel_B_Barrel_Dirty.obj using Guid(962469810a8dc374fbfed87840bc2110) Importer(815301076,1909f56bfc062723c751e8b465ee728b) (PreviewImporter) -> (artifact id: 'fe4eb3ec48edb2081f4217315da51480') in 0.032429 seconds
Number of updated asset objects reloaded before import = 0Number of asset objects unloaded after import = 11

========================================================================
Received Import Request.
  Time since last request: 0.000030 seconds.
  path: Assets/Assets/KayKit_ResourceBits_1.0_FREE/Assets/fbx(unity)/Wood_Log_A.fbx
  artifactKey: Guid(034c962c82546d14cb407ff87cf0db96) Importer(815301076,1909f56bfc062723c751e8b465ee728b)
Start importing Assets/Assets/KayKit_ResourceBits_1.0_FREE/Assets/fbx(unity)/Wood_Log_A.fbx using Guid(034c962c82546d14cb407ff87cf0db96) Importer(815301076,1909f56bfc062723c751e8b465ee728b) (PreviewImporter) -> (artifact id: '83dc0bc3d48b1115430db5823fc89051') in 0.0258311 seconds
Number of updated asset objects reloaded before import = 0Number of asset objects unloaded after import = 9

========================================================================
Received Import Request.
  Time since last request: 0.000025 seconds.
  path: Assets/Assets/KayKit_ResourceBits_1.0_FREE/Assets/obj/Copper_Bars_Stack_Medium.obj
  artifactKey: Guid(950e2c6d15154564ab027f70d49e4c3e) Importer(815301076,1909f56bfc062723c751e8b465ee728b)
Start importing Assets/Assets/KayKit_ResourceBits_1.0_FREE/Assets/obj/Copper_Bars_Stack_Medium.obj using Guid(950e2c6d15154564ab027f70d49e4c3e) Importer(815301076,1909f56bfc062723c751e8b465ee728b) (PreviewImporter) -> (artifact id: '76386ee7825412d7b3a56f6edae80395') in 0.0296374 seconds
Number of updated asset objects reloaded before import = 0Number of asset objects unloaded after import = 11

========================================================================
Received Import Request.
  Time since last request: 0.000038 seconds.
  path: Assets/Assets/KayKit_ResourceBits_1.0_FREE/Assets/fbx(unity)/Silver_Bars_Stack_Small.fbx
  artifactKey: Guid(1732e44a103385a4b9f3a99b635acd40) Importer(815301076,1909f56bfc062723c751e8b465ee728b)
Start importing Assets/Assets/KayKit_ResourceBits_1.0_FREE/Assets/fbx(unity)/Silver_Bars_Stack_Small.fbx using Guid(1732e44a103385a4b9f3a99b635acd40) Importer(815301076,1909f56bfc062723c751e8b465ee728b) (PreviewImporter) -> (artifact id: 'b4fb1acfb34170bfb144fd371ea47766') in 0.025324 seconds
Number of updated asset objects reloaded before import = 0Number of asset objects unloaded after import = 9

========================================================================
Received Import Request.
  Time since last request: 0.000033 seconds.
  path: Assets/Assets/KayKit_ResourceBits_1.0_FREE/Assets/fbx(unity)/Parts_Cog.fbx
  artifactKey: Guid(1e61e74881589c6458521ac0ab6e4e99) Importer(815301076,1909f56bfc062723c751e8b465ee728b)
Start importing Assets/Assets/KayKit_ResourceBits_1.0_FREE/Assets/fbx(unity)/Parts_Cog.fbx using Guid(1e61e74881589c6458521ac0ab6e4e99) Importer(815301076,1909f56bfc062723c751e8b465ee728b) (PreviewImporter) -> (artifact id: '7170c3d54808d7ff5abef36066fe22f6') in 0.0251622 seconds
Number of updated asset objects reloaded before import = 0Number of asset objects unloaded after import = 9

========================================================================
Received Import Request.
  Time since last request: 0.000027 seconds.
  path: Assets/Assets/KayKit_ResourceBits_1.0_FREE/Assets/fbx(unity)/Copper_Bars_Stack_Medium.fbx
  artifactKey: Guid(d1e12c33f91284a458f01532e4b2c026) Importer(815301076,1909f56bfc062723c751e8b465ee728b)
Start importing Assets/Assets/KayKit_ResourceBits_1.0_FREE/Assets/fbx(unity)/Copper_Bars_Stack_Medium.fbx using Guid(d1e12c33f91284a458f01532e4b2c026) Importer(815301076,1909f56bfc062723c751e8b465ee728b) (PreviewImporter) -> (artifact id: '8ed54f32749ef9cbc3c8a925bc18e7d1') in 0.0281217 seconds
Number of updated asset objects reloaded before import = 0Number of asset objects unloaded after import = 9

========================================================================
Received Import Request.
  Time since last request: 0.000025 seconds.
  path: Assets/Assets/KayKit_ResourceBits_1.0_FREE/Assets/fbx(unity)/Fuel_C_Barrel_Dirty.fbx
  artifactKey: Guid(0fcff95be7a63e94483ea85c2f4c4b1c) Importer(815301076,1909f56bfc062723c751e8b465ee728b)
Start importing Assets/Assets/KayKit_ResourceBits_1.0_FREE/Assets/fbx(unity)/Fuel_C_Barrel_Dirty.fbx using Guid(0fcff95be7a63e94483ea85c2f4c4b1c) Importer(815301076,1909f56bfc062723c751e8b465ee728b) (PreviewImporter) -> (artifact id: 'eabf4d0749f7dc67d4ea5f2ea5cc4622') in 0.0259619 seconds
Number of updated asset objects reloaded before import = 0Number of asset objects unloaded after import = 9

========================================================================
Received Import Request.
  Time since last request: 0.000025 seconds.
  path: Assets/Assets/KayKit_ResourceBits_1.0_FREE/Assets/obj/Fuel_A_Barrels.obj
  artifactKey: Guid(e6f61c50bc5270348bb1d444c46427cc) Importer(815301076,1909f56bfc062723c751e8b465ee728b)
Start importing Assets/Assets/KayKit_ResourceBits_1.0_FREE/Assets/obj/Fuel_A_Barrels.obj using Guid(e6f61c50bc5270348bb1d444c46427cc) Importer(815301076,1909f56bfc062723c751e8b465ee728b) (PreviewImporter) -> (artifact id: 'd80f20f1095cbcb4ade0c59d86c53dd8') in 0.0362807 seconds
Number of updated asset objects reloaded before import = 0Number of asset objects unloaded after import = 11

========================================================================
Received Import Request.
  Time since last request: 0.000036 seconds.
  path: Assets/Assets/KayKit_ResourceBits_1.0_FREE/Assets/fbx(unity)/Fuel_A_Barrel.fbx
  artifactKey: Guid(efc76c2b6f03d2d4e93f7f5563f65838) Importer(815301076,1909f56bfc062723c751e8b465ee728b)
Start importing Assets/Assets/KayKit_ResourceBits_1.0_FREE/Assets/fbx(unity)/Fuel_A_Barrel.fbx using Guid(efc76c2b6f03d2d4e93f7f5563f65838) Importer(815301076,1909f56bfc062723c751e8b465ee728b) (PreviewImporter) -> (artifact id: '58513b384ab8ce22992df76ad5bf7601') in 0.0292067 seconds
Number of updated asset objects reloaded before import = 0Number of asset objects unloaded after import = 9

========================================================================
Received Import Request.
  Time since last request: 0.000024 seconds.
  path: Assets/Assets/KayKit_ResourceBits_1.0_FREE/Assets/fbx(unity)/Textiles_Stack_Small.fbx
  artifactKey: Guid(5d8d7e00b7c9f154fb77fc517c98e919) Importer(815301076,1909f56bfc062723c751e8b465ee728b)
Start importing Assets/Assets/KayKit_ResourceBits_1.0_FREE/Assets/fbx(unity)/Textiles_Stack_Small.fbx using Guid(5d8d7e00b7c9f154fb77fc517c98e919) Importer(815301076,1909f56bfc062723c751e8b465ee728b) (PreviewImporter) -> (artifact id: 'f3be9f650d4c4b1f557d14ea859c1311') in 0.0236551 seconds
Number of updated asset objects reloaded before import = 0Number of asset objects unloaded after import = 9

========================================================================
Received Import Request.
  Time since last request: 0.000032 seconds.
  path: Assets/Assets/KayKit_ResourceBits_1.0_FREE/Assets/obj/Copper_Bars_Stack_Small.obj
  artifactKey: Guid(597d1358bb36aca4abb8d184c1b21308) Importer(815301076,1909f56bfc062723c751e8b465ee728b)
Start importing Assets/Assets/KayKit_ResourceBits_1.0_FREE/Assets/obj/Copper_Bars_Stack_Small.obj using Guid(597d1358bb36aca4abb8d184c1b21308) Importer(815301076,1909f56bfc062723c751e8b465ee728b) (PreviewImporter) -> (artifact id: '27357b8b85e29a08c9b7eee4305d89d1') in 0.0309908 seconds
Number of updated asset objects reloaded before import = 0Number of asset objects unloaded after import = 11

========================================================================
Received Import Request.
  Time since last request: 0.000026 seconds.
  path: Assets/Assets/KayKit_ResourceBits_1.0_FREE/Assets/obj/Copper_Nugget_Small.obj
  artifactKey: Guid(82e6774372478bc48b178510a5593cbb) Importer(815301076,1909f56bfc062723c751e8b465ee728b)
Start importing Assets/Assets/KayKit_ResourceBits_1.0_FREE/Assets/obj/Copper_Nugget_Small.obj using Guid(82e6774372478bc48b178510a5593cbb) Importer(815301076,1909f56bfc062723c751e8b465ee728b) (PreviewImporter) -> (artifact id: 'dc56f5ee0cfc71209fd6d4ddba58736e') in 0.0305037 seconds
Number of updated asset objects reloaded before import = 0Number of asset objects unloaded after import = 11

========================================================================
Received Import Request.
  Time since last request: 0.000037 seconds.
  path: Assets/Assets/KayKit_ResourceBits_1.0_FREE/Assets/fbx(unity)/Wood_Plank_B.fbx
  artifactKey: Guid(751a4bbd70f997c439451cda7da76a16) Importer(815301076,1909f56bfc062723c751e8b465ee728b)
Start importing Assets/Assets/KayKit_ResourceBits_1.0_FREE/Assets/fbx(unity)/Wood_Plank_B.fbx using Guid(751a4bbd70f997c439451cda7da76a16) Importer(815301076,1909f56bfc062723c751e8b465ee728b) (PreviewImporter) -> (artifact id: 'cd71ecf2ca6da72684186b1f6f3fb802') in 0.0252288 seconds
Number of updated asset objects reloaded before import = 0Number of asset objects unloaded after import = 9

========================================================================
Received Import Request.
  Time since last request: 0.000024 seconds.
  path: Assets/Assets/KayKit_ResourceBits_1.0_FREE/Assets/fbx(unity)/Fuel_B_Barrel_Dirty.fbx
  artifactKey: Guid(27e7c6c29f2633c409739d2496eaa1a7) Importer(815301076,1909f56bfc062723c751e8b465ee728b)
Start importing Assets/Assets/KayKit_ResourceBits_1.0_FREE/Assets/fbx(unity)/Fuel_B_Barrel_Dirty.fbx using Guid(27e7c6c29f2633c409739d2496eaa1a7) Importer(815301076,1909f56bfc062723c751e8b465ee728b) (PreviewImporter) -> (artifact id: 'fc715db5bca50d05de907c0152fd7f23') in 0.0279411 seconds
Number of updated asset objects reloaded before import = 0Number of asset objects unloaded after import = 9

========================================================================
Received Import Request.
  Time since last request: 0.000027 seconds.
  path: Assets/Assets/KayKit_ResourceBits_1.0_FREE/Assets/obj/Copper_Nuggets.obj
  artifactKey: Guid(43bf8fc5a9a99604490f8342b086584c) Importer(815301076,1909f56bfc062723c751e8b465ee728b)
Start importing Assets/Assets/KayKit_ResourceBits_1.0_FREE/Assets/obj/Copper_Nuggets.obj using Guid(43bf8fc5a9a99604490f8342b086584c) Importer(815301076,1909f56bfc062723c751e8b465ee728b) (PreviewImporter) -> (artifact id: 'cc24bb43c235b0366f952b06a8bc7b19') in 0.0321268 seconds
Number of updated asset objects reloaded before import = 0Number of asset objects unloaded after import = 11

========================================================================
Received Import Request.
  Time since last request: 0.000025 seconds.
  path: Assets/Assets/KayKit_ResourceBits_1.0_FREE/Assets/obj/Gold_Nugget_Small.obj
  artifactKey: Guid(cae46c9ab44ed6c41aa6e876ff80ddbb) Importer(815301076,1909f56bfc062723c751e8b465ee728b)
Start importing Assets/Assets/KayKit_ResourceBits_1.0_FREE/Assets/obj/Gold_Nugget_Small.obj using Guid(cae46c9ab44ed6c41aa6e876ff80ddbb) Importer(815301076,1909f56bfc062723c751e8b465ee728b) (PreviewImporter) -> (artifact id: '946adbb1ae7579d19280c91c8eabd0b3') in 0.0299973 seconds
Number of updated asset objects reloaded before import = 0Number of asset objects unloaded after import = 11

========================================================================
Received Import Request.
  Time since last request: 0.000036 seconds.
  path: Assets/Assets/KayKit_ResourceBits_1.0_FREE/Assets/fbx(unity)/Copper_Bars_Stack_Large.fbx
  artifactKey: Guid(5e82e3f5b10bda24b8056e489296e3c5) Importer(815301076,1909f56bfc062723c751e8b465ee728b)
Start importing Assets/Assets/KayKit_ResourceBits_1.0_FREE/Assets/fbx(unity)/Copper_Bars_Stack_Large.fbx using Guid(5e82e3f5b10bda24b8056e489296e3c5) Importer(815301076,1909f56bfc062723c751e8b465ee728b) (PreviewImporter) -> (artifact id: 'c83d840b8a74555e7c74d34484f4d872') in 0.0272944 seconds
Number of updated asset objects reloaded before import = 0Number of asset objects unloaded after import = 9

========================================================================
Received Import Request.
  Time since last request: 0.000021 seconds.
  path: Assets/Assets/KayKit_ResourceBits_1.0_FREE/Assets/fbx(unity)/Pallet_Wood.fbx
  artifactKey: Guid(65990c615d7afa948b1775ccd573976c) Importer(815301076,1909f56bfc062723c751e8b465ee728b)
Start importing Assets/Assets/KayKit_ResourceBits_1.0_FREE/Assets/fbx(unity)/Pallet_Wood.fbx using Guid(65990c615d7afa948b1775ccd573976c) Importer(815301076,1909f56bfc062723c751e8b465ee728b) (PreviewImporter) -> (artifact id: '29e4d649d323dcef544489bedab561f4') in 0.0270155 seconds
Number of updated asset objects reloaded before import = 0Number of asset objects unloaded after import = 9

========================================================================
Received Import Request.
  Time since last request: 0.000028 seconds.
  path: Assets/Assets/KayKit_ResourceBits_1.0_FREE/Assets/fbx(unity)/Stone_Bricks_Stack_Medium.fbx
  artifactKey: Guid(c81bedb2dfa3e6649b1779b5ad431cd4) Importer(815301076,1909f56bfc062723c751e8b465ee728b)
Start importing Assets/Assets/KayKit_ResourceBits_1.0_FREE/Assets/fbx(unity)/Stone_Bricks_Stack_Medium.fbx using Guid(c81bedb2dfa3e6649b1779b5ad431cd4) Importer(815301076,1909f56bfc062723c751e8b465ee728b) (PreviewImporter) -> (artifact id: '7690a085f7227f7fc75437cffc1a9a12') in 0.0274598 seconds
Number of updated asset objects reloaded before import = 0Number of asset objects unloaded after import = 9

========================================================================
Received Import Request.
  Time since last request: 0.000027 seconds.
  path: Assets/Assets/KayKit_ResourceBits_1.0_FREE/Assets/fbx(unity)/Textiles_C.fbx
  artifactKey: Guid(60e5dd684d4a0314691328dbad684421) Importer(815301076,1909f56bfc062723c751e8b465ee728b)
Start importing Assets/Assets/KayKit_ResourceBits_1.0_FREE/Assets/fbx(unity)/Textiles_C.fbx using Guid(60e5dd684d4a0314691328dbad684421) Importer(815301076,1909f56bfc062723c751e8b465ee728b) (PreviewImporter) -> (artifact id: '1213ddf79bd5f3abd56204415de7f50b') in 0.0268344 seconds
Number of updated asset objects reloaded before import = 0Number of asset objects unloaded after import = 9

========================================================================
Received Import Request.
  Time since last request: 0.000032 seconds.
  path: Assets/Assets/KayKit_ResourceBits_1.0_FREE/Assets/fbx(unity)/Silver_Bars_Stack_Medium.fbx
  artifactKey: Guid(73fbd5b6a8adb3b4d947ebc4c3b8054a) Importer(815301076,1909f56bfc062723c751e8b465ee728b)
Start importing Assets/Assets/KayKit_ResourceBits_1.0_FREE/Assets/fbx(unity)/Silver_Bars_Stack_Medium.fbx using Guid(73fbd5b6a8adb3b4d947ebc4c3b8054a) Importer(815301076,1909f56bfc062723c751e8b465ee728b) (PreviewImporter) -> (artifact id: 'c82eb2b5e0c0f3257998aecbf6ff22ac') in 0.0319852 seconds
Number of updated asset objects reloaded before import = 0Number of asset objects unloaded after import = 9

========================================================================
Received Import Request.
  Time since last request: 0.000030 seconds.
  path: Assets/Assets/KayKit_ResourceBits_1.0_FREE/Assets/fbx(unity)/Copper_Nuggets.fbx
  artifactKey: Guid(6a13b89e5b9416c4f99ec9e1d894f94f) Importer(815301076,1909f56bfc062723c751e8b465ee728b)
Start importing Assets/Assets/KayKit_ResourceBits_1.0_FREE/Assets/fbx(unity)/Copper_Nuggets.fbx using Guid(6a13b89e5b9416c4f99ec9e1d894f94f) Importer(815301076,1909f56bfc062723c751e8b465ee728b) (PreviewImporter) -> (artifact id: '2f852bc63d980df8b997e111b610b819') in 0.0308546 seconds
Number of updated asset objects reloaded before import = 0Number of asset objects unloaded after import = 9

========================================================================
Received Import Request.
  Time since last request: 0.000022 seconds.
  path: Assets/Assets/KayKit_ResourceBits_1.0_FREE/Assets/obj/Copper_Nugget_Large.obj
  artifactKey: Guid(ba01e531785f08d438356873e9868245) Importer(815301076,1909f56bfc062723c751e8b465ee728b)
Start importing Assets/Assets/KayKit_ResourceBits_1.0_FREE/Assets/obj/Copper_Nugget_Large.obj using Guid(ba01e531785f08d438356873e9868245) Importer(815301076,1909f56bfc062723c751e8b465ee728b) (PreviewImporter) -> (artifact id: '6d98d305afa51b7c2d6f6ed283575d7b') in 0.0350194 seconds
Number of updated asset objects reloaded before import = 0Number of asset objects unloaded after import = 11

========================================================================
Received Import Request.
  Time since last request: 0.000032 seconds.
  path: Assets/Assets/KayKit_ResourceBits_1.0_FREE/Assets/fbx(unity)/Fuel_C_Jerrycan.fbx
  artifactKey: Guid(fd5126ee0a67ea940b03c26f8838b627) Importer(815301076,1909f56bfc062723c751e8b465ee728b)
Start importing Assets/Assets/KayKit_ResourceBits_1.0_FREE/Assets/fbx(unity)/Fuel_C_Jerrycan.fbx using Guid(fd5126ee0a67ea940b03c26f8838b627) Importer(815301076,1909f56bfc062723c751e8b465ee728b) (PreviewImporter) -> (artifact id: 'bb541ece43924dfee21ce8bf97dae145') in 0.0276289 seconds
Number of updated asset objects reloaded before import = 0Number of asset objects unloaded after import = 9

========================================================================
Received Import Request.
  Time since last request: 0.000045 seconds.
  path: Assets/Assets/KayKit_ResourceBits_1.0_FREE/Assets/fbx(unity)/Textiles_A.fbx
  artifactKey: Guid(a55b708b5d7070144b2a9ab6e0d43e08) Importer(815301076,1909f56bfc062723c751e8b465ee728b)
Start importing Assets/Assets/KayKit_ResourceBits_1.0_FREE/Assets/fbx(unity)/Textiles_A.fbx using Guid(a55b708b5d7070144b2a9ab6e0d43e08) Importer(815301076,1909f56bfc062723c751e8b465ee728b) (PreviewImporter) -> (artifact id: 'b30473ece21429a3dffe1053ab59b184') in 0.0257854 seconds
Number of updated asset objects reloaded before import = 0Number of asset objects unloaded after import = 9

========================================================================
Received Import Request.
  Time since last request: 0.000034 seconds.
  path: Assets/Assets/KayKit_ResourceBits_1.0_FREE/Assets/obj/Fuel_C_Jerrycan.obj
  artifactKey: Guid(674bf8aee16862341bb1ed9aca1a8d6a) Importer(815301076,1909f56bfc062723c751e8b465ee728b)
Start importing Assets/Assets/KayKit_ResourceBits_1.0_FREE/Assets/obj/Fuel_C_Jerrycan.obj using Guid(674bf8aee16862341bb1ed9aca1a8d6a) Importer(815301076,1909f56bfc062723c751e8b465ee728b) (PreviewImporter) -> (artifact id: 'a92fb4230685430df22fdb24e4447d43') in 0.0327275 seconds
Number of updated asset objects reloaded before import = 0Number of asset objects unloaded after import = 11

========================================================================
Received Import Request.
  Time since last request: 0.000029 seconds.
  path: Assets/Assets/KayKit_ResourceBits_1.0_FREE/Assets/fbx(unity)/Silver_Bar.fbx
  artifactKey: Guid(d0805104b34a8cc42b32d5bd386e0537) Importer(815301076,1909f56bfc062723c751e8b465ee728b)
Start importing Assets/Assets/KayKit_ResourceBits_1.0_FREE/Assets/fbx(unity)/Silver_Bar.fbx using Guid(d0805104b34a8cc42b32d5bd386e0537) Importer(815301076,1909f56bfc062723c751e8b465ee728b) (PreviewImporter) -> (artifact id: '066b8d4c99e63ae4d4574dbab1f3c082') in 0.0288115 seconds
Number of updated asset objects reloaded before import = 0Number of asset objects unloaded after import = 9

========================================================================
Received Import Request.
  Time since last request: 0.000025 seconds.
  path: Assets/Assets/KayKit_ResourceBits_1.0_FREE/Assets/obj/Fuel_C_Barrel_Dirty.obj
  artifactKey: Guid(60c68faaed706f44d9280e5c2242f551) Importer(815301076,1909f56bfc062723c751e8b465ee728b)
Start importing Assets/Assets/KayKit_ResourceBits_1.0_FREE/Assets/obj/Fuel_C_Barrel_Dirty.obj using Guid(60c68faaed706f44d9280e5c2242f551) Importer(815301076,1909f56bfc062723c751e8b465ee728b) (PreviewImporter) -> (artifact id: '18a902a72534e8d951d3132360b55de0') in 0.0315066 seconds
Number of updated asset objects reloaded before import = 0Number of asset objects unloaded after import = 11

========================================================================
Received Import Request.
  Time since last request: 0.000034 seconds.
  path: Assets/Assets/KayKit_ResourceBits_1.0_FREE/Assets/fbx(unity)/Fuel_A_Jerrycan.fbx
  artifactKey: Guid(ec3aca050d61009478da8442928cd74d) Importer(815301076,1909f56bfc062723c751e8b465ee728b)
Start importing Assets/Assets/KayKit_ResourceBits_1.0_FREE/Assets/fbx(unity)/Fuel_A_Jerrycan.fbx using Guid(ec3aca050d61009478da8442928cd74d) Importer(815301076,1909f56bfc062723c751e8b465ee728b) (PreviewImporter) -> (artifact id: '6d77842d9279cf350ccf71afa0db26b9') in 0.0259449 seconds
Number of updated asset objects reloaded before import = 0Number of asset objects unloaded after import = 9

========================================================================
Received Import Request.
  Time since last request: 0.000034 seconds.
  path: Assets/Assets/KayKit_ResourceBits_1.0_FREE/Assets/fbx(unity)/Parts_Pile_Small.fbx
  artifactKey: Guid(a0395e096d4e19941ba0cc8e7336c6c9) Importer(815301076,1909f56bfc062723c751e8b465ee728b)
Start importing Assets/Assets/KayKit_ResourceBits_1.0_FREE/Assets/fbx(unity)/Parts_Pile_Small.fbx using Guid(a0395e096d4e19941ba0cc8e7336c6c9) Importer(815301076,1909f56bfc062723c751e8b465ee728b) (PreviewImporter) -> (artifact id: 'ed718d362601a9a09e489e545eb309fd') in 0.026546 seconds
Number of updated asset objects reloaded before import = 0Number of asset objects unloaded after import = 9

========================================================================
Received Import Request.
  Time since last request: 0.000025 seconds.
  path: Assets/Assets/KayKit_ResourceBits_1.0_FREE/Assets/obj/Fuel_C_Barrels.obj
  artifactKey: Guid(1f04a9653fedbd34598f58e54bea9272) Importer(815301076,1909f56bfc062723c751e8b465ee728b)
Start importing Assets/Assets/KayKit_ResourceBits_1.0_FREE/Assets/obj/Fuel_C_Barrels.obj using Guid(1f04a9653fedbd34598f58e54bea9272) Importer(815301076,1909f56bfc062723c751e8b465ee728b) (PreviewImporter) -> (artifact id: '0a123b4d1bf4120eae2e17481d518a4a') in 0.0322517 seconds
Number of updated asset objects reloaded before import = 0Number of asset objects unloaded after import = 11

========================================================================
Received Import Request.
  Time since last request: 0.000035 seconds.
  path: Assets/Assets/KayKit_ResourceBits_1.0_FREE/Assets/fbx(unity)/Iron_Bars_Stack_Medium.fbx
  artifactKey: Guid(b5a22a626e75a12438e8d28d2a9aa5e6) Importer(815301076,1909f56bfc062723c751e8b465ee728b)
Start importing Assets/Assets/KayKit_ResourceBits_1.0_FREE/Assets/fbx(unity)/Iron_Bars_Stack_Medium.fbx using Guid(b5a22a626e75a12438e8d28d2a9aa5e6) Importer(815301076,1909f56bfc062723c751e8b465ee728b) (PreviewImporter) -> (artifact id: '0bd1eaf8a20dd2596da83b478f1cadca') in 0.0280121 seconds
Number of updated asset objects reloaded before import = 0Number of asset objects unloaded after import = 9

========================================================================
Received Import Request.
  Time since last request: 0.000052 seconds.
  path: Assets/Assets/KayKit_ResourceBits_1.0_FREE/Assets/fbx(unity)/Copper_Bars_Stack_Small.fbx
  artifactKey: Guid(a2c9fa47407d85b448946ae1f41d049e) Importer(815301076,1909f56bfc062723c751e8b465ee728b)
Start importing Assets/Assets/KayKit_ResourceBits_1.0_FREE/Assets/fbx(unity)/Copper_Bars_Stack_Small.fbx using Guid(a2c9fa47407d85b448946ae1f41d049e) Importer(815301076,1909f56bfc062723c751e8b465ee728b) (PreviewImporter) -> (artifact id: '31ddd1254fdcbb505b45f0a38a88c886') in 0.0261825 seconds
Number of updated asset objects reloaded before import = 0Number of asset objects unloaded after import = 9

========================================================================
Received Import Request.
  Time since last request: 0.000029 seconds.
  path: Assets/Assets/KayKit_ResourceBits_1.0_FREE/Assets/fbx(unity)/Wood_Planks_Stack_Small.fbx
  artifactKey: Guid(a4662f04d9f76df44b6af58dc06d7a36) Importer(815301076,1909f56bfc062723c751e8b465ee728b)
Start importing Assets/Assets/KayKit_ResourceBits_1.0_FREE/Assets/fbx(unity)/Wood_Planks_Stack_Small.fbx using Guid(a4662f04d9f76df44b6af58dc06d7a36) Importer(815301076,1909f56bfc062723c751e8b465ee728b) (PreviewImporter) -> (artifact id: '286d9b91b1b2494e2fefa1f5193ed074') in 0.0260684 seconds
Number of updated asset objects reloaded before import = 0Number of asset objects unloaded after import = 9

========================================================================
Received Prepare
Refreshing native plugins compatible for Editor in 0.91 ms, found 3 plugins.
Preloading 0 native plugins for Editor in 0.00 ms.
Unloading 16 Unused Serialized files (Serialized files now loaded: 0)
Unloading 6176 unused Assets / (4.3 MB). Loaded Objects now: 7162.
Memory consumption went from 161.4 MB to 157.1 MB.
Total: 16.090000 ms (FindLiveObjects: 0.799600 ms CreateObjectMapping: 1.220800 ms MarkObjects: 11.191800 ms  DeleteObjects: 2.876500 ms)

Prepare: number of updated asset objects reloaded= 0
========================================================================
Received Import Request.
  Time since last request: 77.637487 seconds.
  path: Assets/Scripts/Units/Move.cs
  artifactKey: Guid(99d5b57e925745644ba71c68811c37d7) Importer(2089858483,b0f066a214c2f5e87bad3c948f4d605d)
Start importing Assets/Scripts/Units/Move.cs using Guid(99d5b57e925745644ba71c68811c37d7) Importer(2089858483,b0f066a214c2f5e87bad3c948f4d605d) (ScriptedImporter) -> (artifact id: '5e7a70730d867def3c81e62de9de24b9') in 0.0211984 seconds
Number of updated asset objects reloaded before import = 0Number of asset objects unloaded after import = 0

========================================================================
Received Prepare
Begin MonoManager ReloadAssembly
[Licensing::Client] Successfully resolved entitlement details
- Loaded All Assemblies, in  0.871 seconds
Refreshing native plugins compatible for Editor in 0.80 ms, found 3 plugins.
Native extension for iOS target not found
Native extension for Android target not found
Native extension for WindowsStandalone target not found
Native extension for OSXStandalone target not found
[Package Manager] Failed to launch server process. Reason: Unity was launched with the -noUpm command-line argument
[Package Manager] Unable to send message (not connected to server process).
[Package Manager] Cannot connect to Unity Package Manager local server
[Package Manager] Failed to launch server process. Reason: Unity was launched with the -noUpm command-line argument
[Package Manager] Unable to send message (not connected to server process).
[Package Manager] Cannot connect to Unity Package Manager local server
ScheduleIndexationOnStartup MainProcess:False IndexOnStartup:True
Mono: successfully reloaded assembly
- Finished resetting the current domain, in  0.943 seconds
Domain Reload Profiling: 1818ms
	BeginReloadAssembly (290ms)
		ExecutionOrderSort (0ms)
		DisableScriptedObjects (31ms)
		BackupInstance (0ms)
		ReleaseScriptingObjects (0ms)
		CreateAndSetChildDomain (73ms)
	RebuildCommonClasses (45ms)
	RebuildNativeTypeToScriptingClass (17ms)
	initialDomainReloadingComplete (34ms)
	LoadAllAssembliesAndSetupDomain (489ms)
		LoadAssemblies (371ms)
		RebuildTransferFunctionScriptingTraits (0ms)
		AnalyzeDomain (234ms)
			TypeCache.Refresh (13ms)
				TypeCache.ScanAssembly (0ms)
			BuildScriptInfoCaches (204ms)
			ResolveRequiredComponents (12ms)
	FinalizeReload (944ms)
		ReleaseScriptCaches (0ms)
		RebuildScriptCaches (0ms)
		SetupLoadedEditorAssemblies (713ms)
			LogAssemblyErrors (0ms)
			InitializePlatformSupportModulesInManaged (12ms)
			SetLoadedEditorAssemblies (5ms)
			BeforeProcessingInitializeOnLoad (159ms)
			ProcessInitializeOnLoadAttributes (423ms)
			ProcessInitializeOnLoadMethodAttributes (111ms)
			AfterProcessingInitializeOnLoad (3ms)
			EditorAssembliesLoaded (0ms)
		ExecutionOrderSort2 (0ms)
		AwakeInstancesAfterBackupRestoration (27ms)
Refreshing native plugins compatible for Editor in 0.95 ms, found 3 plugins.
Preloading 0 native plugins for Editor in 0.00 ms.
Unloading 16 Unused Serialized files (Serialized files now loaded: 0)
Unloading 6181 unused Assets / (4.2 MB). Loaded Objects now: 7073.
Memory consumption went from 155.7 MB to 151.6 MB.
Total: 18.842800 ms (FindLiveObjects: 1.061500 ms CreateObjectMapping: 2.383000 ms MarkObjects: 9.574000 ms  DeleteObjects: 5.822600 ms)

Prepare: number of updated asset objects reloaded= 0
========================================================================
Received Prepare
Refreshing native plugins compatible for Editor in 1.10 ms, found 3 plugins.
Preloading 0 native plugins for Editor in 0.00 ms.
Unloading 16 Unused Serialized files (Serialized files now loaded: 0)
Unloading 6175 unused Assets / (4.4 MB). Loaded Objects now: 7073.
Memory consumption went from 155.8 MB to 151.4 MB.
Total: 17.598900 ms (FindLiveObjects: 1.065200 ms CreateObjectMapping: 2.378400 ms MarkObjects: 9.698300 ms  DeleteObjects: 4.456000 ms)

Prepare: number of updated asset objects reloaded= 0
========================================================================
Received Prepare
Begin MonoManager ReloadAssembly
- Loaded All Assemblies, in  0.969 seconds
Refreshing native plugins compatible for Editor in 1.05 ms, found 3 plugins.
Native extension for iOS target not found
Native extension for Android target not found
Native extension for WindowsStandalone target not found
Native extension for OSXStandalone target not found
[Package Manager] Failed to launch server process. Reason: Unity was launched with the -noUpm command-line argument
[Package Manager] Unable to send message (not connected to server process).
[Package Manager] Cannot connect to Unity Package Manager local server
[Package Manager] Failed to launch server process. Reason: Unity was launched with the -noUpm command-line argument
[Package Manager] Unable to send message (not connected to server process).
[Package Manager] Cannot connect to Unity Package Manager local server
ScheduleIndexationOnStartup MainProcess:False IndexOnStartup:True
Mono: successfully reloaded assembly
- Finished resetting the current domain, in  1.052 seconds
Domain Reload Profiling: 2023ms
	BeginReloadAssembly (277ms)
		ExecutionOrderSort (0ms)
		DisableScriptedObjects (9ms)
		BackupInstance (0ms)
		ReleaseScriptingObjects (0ms)
		CreateAndSetChildDomain (58ms)
	RebuildCommonClasses (53ms)
	RebuildNativeTypeToScriptingClass (19ms)
	initialDomainReloadingComplete (31ms)
	LoadAllAssembliesAndSetupDomain (591ms)
		LoadAssemblies (454ms)
		RebuildTransferFunctionScriptingTraits (0ms)
		AnalyzeDomain (280ms)
			TypeCache.Refresh (23ms)
				TypeCache.ScanAssembly (0ms)
			BuildScriptInfoCaches (240ms)
			ResolveRequiredComponents (12ms)
	FinalizeReload (1052ms)
		ReleaseScriptCaches (0ms)
		RebuildScriptCaches (0ms)
		SetupLoadedEditorAssemblies (829ms)
			LogAssemblyErrors (0ms)
			InitializePlatformSupportModulesInManaged (13ms)
			SetLoadedEditorAssemblies (6ms)
			BeforeProcessingInitializeOnLoad (241ms)
			ProcessInitializeOnLoadAttributes (448ms)
			ProcessInitializeOnLoadMethodAttributes (118ms)
			AfterProcessingInitializeOnLoad (3ms)
			EditorAssembliesLoaded (0ms)
		ExecutionOrderSort2 (0ms)
		AwakeInstancesAfterBackupRestoration (26ms)
Refreshing native plugins compatible for Editor in 0.78 ms, found 3 plugins.
Preloading 0 native plugins for Editor in 0.00 ms.
Unloading 16 Unused Serialized files (Serialized files now loaded: 0)
Unloading 6181 unused Assets / (4.1 MB). Loaded Objects now: 7076.
Memory consumption went from 155.6 MB to 151.5 MB.
Total: 9.809000 ms (FindLiveObjects: 0.780200 ms CreateObjectMapping: 1.041800 ms MarkObjects: 5.304500 ms  DeleteObjects: 2.681400 ms)

Prepare: number of updated asset objects reloaded= 0
========================================================================
Received Prepare
Refreshing native plugins compatible for Editor in 0.92 ms, found 3 plugins.
Preloading 0 native plugins for Editor in 0.00 ms.
Unloading 16 Unused Serialized files (Serialized files now loaded: 0)
Unloading 6175 unused Assets / (4.0 MB). Loaded Objects now: 7076.
Memory consumption went from 155.8 MB to 151.8 MB.
Total: 11.827200 ms (FindLiveObjects: 0.916200 ms CreateObjectMapping: 1.742100 ms MarkObjects: 6.175600 ms  DeleteObjects: 2.992200 ms)

Prepare: number of updated asset objects reloaded= 0
========================================================================
Received Prepare
Begin MonoManager ReloadAssembly
[Licensing::Client] Successfully resolved entitlement details
- Loaded All Assemblies, in  0.824 seconds
Refreshing native plugins compatible for Editor in 0.85 ms, found 3 plugins.
Native extension for iOS target not found
Native extension for Android target not found
Native extension for WindowsStandalone target not found
Native extension for OSXStandalone target not found
[Package Manager] Failed to launch server process. Reason: Unity was launched with the -noUpm command-line argument
[Package Manager] Unable to send message (not connected to server process).
[Package Manager] Cannot connect to Unity Package Manager local server
[Package Manager] Failed to launch server process. Reason: Unity was launched with the -noUpm command-line argument
[Package Manager] Unable to send message (not connected to server process).
[Package Manager] Cannot connect to Unity Package Manager local server
ScheduleIndexationOnStartup MainProcess:False IndexOnStartup:True
Mono: successfully reloaded assembly
- Finished resetting the current domain, in  0.850 seconds
Domain Reload Profiling: 1678ms
	BeginReloadAssembly (246ms)
		ExecutionOrderSort (0ms)
		DisableScriptedObjects (10ms)
		BackupInstance (0ms)
		ReleaseScriptingObjects (0ms)
		CreateAndSetChildDomain (55ms)
	RebuildCommonClasses (44ms)
	RebuildNativeTypeToScriptingClass (18ms)
	initialDomainReloadingComplete (27ms)
	LoadAllAssembliesAndSetupDomain (492ms)
		LoadAssemblies (361ms)
		RebuildTransferFunctionScriptingTraits (0ms)
		AnalyzeDomain (240ms)
			TypeCache.Refresh (11ms)
				TypeCache.ScanAssembly (0ms)
			BuildScriptInfoCaches (211ms)
			ResolveRequiredComponents (12ms)
	FinalizeReload (851ms)
		ReleaseScriptCaches (0ms)
		RebuildScriptCaches (0ms)
		SetupLoadedEditorAssemblies (651ms)
			LogAssemblyErrors (0ms)
			InitializePlatformSupportModulesInManaged (12ms)
			SetLoadedEditorAssemblies (5ms)
			BeforeProcessingInitializeOnLoad (167ms)
			ProcessInitializeOnLoadAttributes (385ms)
			ProcessInitializeOnLoadMethodAttributes (78ms)
			AfterProcessingInitializeOnLoad (3ms)
			EditorAssembliesLoaded (0ms)
		ExecutionOrderSort2 (0ms)
		AwakeInstancesAfterBackupRestoration (19ms)
Refreshing native plugins compatible for Editor in 1.75 ms, found 3 plugins.
Preloading 0 native plugins for Editor in 0.00 ms.
Unloading 16 Unused Serialized files (Serialized files now loaded: 0)
Unloading 6181 unused Assets / (4.1 MB). Loaded Objects now: 7079.
Memory consumption went from 155.7 MB to 151.6 MB.
Total: 12.578200 ms (FindLiveObjects: 1.074200 ms CreateObjectMapping: 1.566700 ms MarkObjects: 6.257700 ms  DeleteObjects: 3.678400 ms)

Prepare: number of updated asset objects reloaded= 0
========================================================================
Received Prepare
Begin MonoManager ReloadAssembly
- Loaded All Assemblies, in  0.815 seconds
Refreshing native plugins compatible for Editor in 1.00 ms, found 3 plugins.
Native extension for iOS target not found
Native extension for Android target not found
Native extension for WindowsStandalone target not found
Native extension for OSXStandalone target not found
[Package Manager] Failed to launch server process. Reason: Unity was launched with the -noUpm command-line argument
[Package Manager] Unable to send message (not connected to server process).
[Package Manager] Cannot connect to Unity Package Manager local server
[Package Manager] Failed to launch server process. Reason: Unity was launched with the -noUpm command-line argument
[Package Manager] Unable to send message (not connected to server process).
[Package Manager] Cannot connect to Unity Package Manager local server
ScheduleIndexationOnStartup MainProcess:False IndexOnStartup:True
Mono: successfully reloaded assembly
- Finished resetting the current domain, in  0.897 seconds
Domain Reload Profiling: 1716ms
	BeginReloadAssembly (231ms)
		ExecutionOrderSort (0ms)
		DisableScriptedObjects (7ms)
		BackupInstance (0ms)
		ReleaseScriptingObjects (0ms)
		CreateAndSetChildDomain (47ms)
	RebuildCommonClasses (48ms)
	RebuildNativeTypeToScriptingClass (20ms)
	initialDomainReloadingComplete (33ms)
	LoadAllAssembliesAndSetupDomain (486ms)
		LoadAssemblies (369ms)
		RebuildTransferFunctionScriptingTraits (0ms)
		AnalyzeDomain (233ms)
			TypeCache.Refresh (11ms)
				TypeCache.ScanAssembly (0ms)
			BuildScriptInfoCaches (205ms)
			ResolveRequiredComponents (12ms)
	FinalizeReload (898ms)
		ReleaseScriptCaches (0ms)
		RebuildScriptCaches (0ms)
		SetupLoadedEditorAssemblies (690ms)
			LogAssemblyErrors (0ms)
			InitializePlatformSupportModulesInManaged (14ms)
			SetLoadedEditorAssemblies (5ms)
			BeforeProcessingInitializeOnLoad (167ms)
			ProcessInitializeOnLoadAttributes (388ms)
			ProcessInitializeOnLoadMethodAttributes (110ms)
			AfterProcessingInitializeOnLoad (5ms)
			EditorAssembliesLoaded (0ms)
		ExecutionOrderSort2 (0ms)
		AwakeInstancesAfterBackupRestoration (26ms)
Refreshing native plugins compatible for Editor in 1.18 ms, found 3 plugins.
Preloading 0 native plugins for Editor in 0.00 ms.
Unloading 16 Unused Serialized files (Serialized files now loaded: 0)
Unloading 6181 unused Assets / (4.3 MB). Loaded Objects now: 7082.
Memory consumption went from 155.7 MB to 151.5 MB.
Total: 12.427200 ms (FindLiveObjects: 1.006500 ms CreateObjectMapping: 1.317400 ms MarkObjects: 6.903100 ms  DeleteObjects: 3.199100 ms)

Prepare: number of updated asset objects reloaded= 0
========================================================================
Received Prepare
Begin MonoManager ReloadAssembly
- Loaded All Assemblies, in  0.800 seconds
Refreshing native plugins compatible for Editor in 0.70 ms, found 3 plugins.
Native extension for iOS target not found
Native extension for Android target not found
Native extension for WindowsStandalone target not found
Native extension for OSXStandalone target not found
[Package Manager] Failed to launch server process. Reason: Unity was launched with the -noUpm command-line argument
[Package Manager] Unable to send message (not connected to server process).
[Package Manager] Cannot connect to Unity Package Manager local server
[Package Manager] Failed to launch server process. Reason: Unity was launched with the -noUpm command-line argument
[Package Manager] Unable to send message (not connected to server process).
[Package Manager] Cannot connect to Unity Package Manager local server
ScheduleIndexationOnStartup MainProcess:False IndexOnStartup:True
Mono: successfully reloaded assembly
- Finished resetting the current domain, in  0.798 seconds
Domain Reload Profiling: 1602ms
	BeginReloadAssembly (233ms)
		ExecutionOrderSort (0ms)
		DisableScriptedObjects (8ms)
		BackupInstance (0ms)
		ReleaseScriptingObjects (0ms)
		CreateAndSetChildDomain (50ms)
	RebuildCommonClasses (45ms)
	RebuildNativeTypeToScriptingClass (17ms)
	initialDomainReloadingComplete (29ms)
	LoadAllAssembliesAndSetupDomain (480ms)
		LoadAssemblies (351ms)
		RebuildTransferFunctionScriptingTraits (0ms)
		AnalyzeDomain (236ms)
			TypeCache.Refresh (9ms)
				TypeCache.ScanAssembly (0ms)
			BuildScriptInfoCaches (209ms)
			ResolveRequiredComponents (12ms)
	FinalizeReload (799ms)
		ReleaseScriptCaches (0ms)
		RebuildScriptCaches (0ms)
		SetupLoadedEditorAssemblies (608ms)
			LogAssemblyErrors (0ms)
			InitializePlatformSupportModulesInManaged (12ms)
			SetLoadedEditorAssemblies (6ms)
			BeforeProcessingInitializeOnLoad (152ms)
			ProcessInitializeOnLoadAttributes (357ms)
			ProcessInitializeOnLoadMethodAttributes (77ms)
			AfterProcessingInitializeOnLoad (4ms)
			EditorAssembliesLoaded (0ms)
		ExecutionOrderSort2 (0ms)
		AwakeInstancesAfterBackupRestoration (22ms)
Refreshing native plugins compatible for Editor in 0.90 ms, found 3 plugins.
Preloading 0 native plugins for Editor in 0.00 ms.
Unloading 16 Unused Serialized files (Serialized files now loaded: 0)
Unloading 6181 unused Assets / (4.1 MB). Loaded Objects now: 7085.
Memory consumption went from 155.8 MB to 151.6 MB.
Total: 13.352000 ms (FindLiveObjects: 0.860600 ms CreateObjectMapping: 1.923900 ms MarkObjects: 7.183600 ms  DeleteObjects: 3.382900 ms)

Prepare: number of updated asset objects reloaded= 0
========================================================================
Received Prepare
Begin MonoManager ReloadAssembly
[Licensing::Client] Successfully resolved entitlement details
- Loaded All Assemblies, in  0.830 seconds
Refreshing native plugins compatible for Editor in 0.75 ms, found 3 plugins.
Native extension for iOS target not found
Native extension for Android target not found
Native extension for WindowsStandalone target not found
Native extension for OSXStandalone target not found
[Package Manager] Failed to launch server process. Reason: Unity was launched with the -noUpm command-line argument
[Package Manager] Unable to send message (not connected to server process).
[Package Manager] Cannot connect to Unity Package Manager local server
[Package Manager] Failed to launch server process. Reason: Unity was launched with the -noUpm command-line argument
[Package Manager] Unable to send message (not connected to server process).
[Package Manager] Cannot connect to Unity Package Manager local server
ScheduleIndexationOnStartup MainProcess:False IndexOnStartup:True
Mono: successfully reloaded assembly
- Finished resetting the current domain, in  0.844 seconds
Domain Reload Profiling: 1677ms
	BeginReloadAssembly (245ms)
		ExecutionOrderSort (0ms)
		DisableScriptedObjects (10ms)
		BackupInstance (0ms)
		ReleaseScriptingObjects (0ms)
		CreateAndSetChildDomain (48ms)
	RebuildCommonClasses (47ms)
	RebuildNativeTypeToScriptingClass (17ms)
	initialDomainReloadingComplete (29ms)
	LoadAllAssembliesAndSetupDomain (495ms)
		LoadAssemblies (375ms)
		RebuildTransferFunctionScriptingTraits (0ms)
		AnalyzeDomain (240ms)
			TypeCache.Refresh (9ms)
				TypeCache.ScanAssembly (0ms)
			BuildScriptInfoCaches (214ms)
			ResolveRequiredComponents (12ms)
	FinalizeReload (844ms)
		ReleaseScriptCaches (0ms)
		RebuildScriptCaches (0ms)
		SetupLoadedEditorAssemblies (645ms)
			LogAssemblyErrors (0ms)
			InitializePlatformSupportModulesInManaged (14ms)
			SetLoadedEditorAssemblies (7ms)
			BeforeProcessingInitializeOnLoad (160ms)
			ProcessInitializeOnLoadAttributes (380ms)
			ProcessInitializeOnLoadMethodAttributes (82ms)
			AfterProcessingInitializeOnLoad (3ms)
			EditorAssembliesLoaded (0ms)
		ExecutionOrderSort2 (0ms)
		AwakeInstancesAfterBackupRestoration (18ms)
Refreshing native plugins compatible for Editor in 1.19 ms, found 3 plugins.
Preloading 0 native plugins for Editor in 0.00 ms.
Unloading 16 Unused Serialized files (Serialized files now loaded: 0)
Unloading 6181 unused Assets / (4.4 MB). Loaded Objects now: 7088.
Memory consumption went from 155.8 MB to 151.4 MB.
Total: 13.892500 ms (FindLiveObjects: 1.020100 ms CreateObjectMapping: 1.555000 ms MarkObjects: 7.304800 ms  DeleteObjects: 4.011000 ms)

Prepare: number of updated asset objects reloaded= 0
========================================================================
Received Prepare
Begin MonoManager ReloadAssembly
[Licensing::Client] Successfully resolved entitlement details
- Loaded All Assemblies, in  0.900 seconds
Refreshing native plugins compatible for Editor in 0.83 ms, found 3 plugins.
Native extension for iOS target not found
Native extension for Android target not found
Native extension for WindowsStandalone target not found
Native extension for OSXStandalone target not found
[Package Manager] Failed to launch server process. Reason: Unity was launched with the -noUpm command-line argument
[Package Manager] Unable to send message (not connected to server process).
[Package Manager] Cannot connect to Unity Package Manager local server
[Package Manager] Failed to launch server process. Reason: Unity was launched with the -noUpm command-line argument
[Package Manager] Unable to send message (not connected to server process).
[Package Manager] Cannot connect to Unity Package Manager local server
ScheduleIndexationOnStartup MainProcess:False IndexOnStartup:True
Mono: successfully reloaded assembly
- Finished resetting the current domain, in  1.052 seconds
Domain Reload Profiling: 1956ms
	BeginReloadAssembly (278ms)
		ExecutionOrderSort (0ms)
		DisableScriptedObjects (8ms)
		BackupInstance (0ms)
		ReleaseScriptingObjects (0ms)
		CreateAndSetChildDomain (60ms)
	RebuildCommonClasses (51ms)
	RebuildNativeTypeToScriptingClass (19ms)
	initialDomainReloadingComplete (33ms)
	LoadAllAssembliesAndSetupDomain (521ms)
		LoadAssemblies (407ms)
		RebuildTransferFunctionScriptingTraits (0ms)
		AnalyzeDomain (250ms)
			TypeCache.Refresh (9ms)
				TypeCache.ScanAssembly (0ms)
			BuildScriptInfoCaches (224ms)
			ResolveRequiredComponents (12ms)
	FinalizeReload (1053ms)
		ReleaseScriptCaches (0ms)
		RebuildScriptCaches (0ms)
		SetupLoadedEditorAssemblies (790ms)
			LogAssemblyErrors (0ms)
			InitializePlatformSupportModulesInManaged (29ms)
			SetLoadedEditorAssemblies (8ms)
			BeforeProcessingInitializeOnLoad (224ms)
			ProcessInitializeOnLoadAttributes (432ms)
			ProcessInitializeOnLoadMethodAttributes (94ms)
			AfterProcessingInitializeOnLoad (3ms)
			EditorAssembliesLoaded (0ms)
		ExecutionOrderSort2 (0ms)
		AwakeInstancesAfterBackupRestoration (22ms)
Refreshing native plugins compatible for Editor in 0.82 ms, found 3 plugins.
Preloading 0 native plugins for Editor in 0.00 ms.
Unloading 16 Unused Serialized files (Serialized files now loaded: 0)
Unloading 6181 unused Assets / (4.3 MB). Loaded Objects now: 7091.
Memory consumption went from 155.9 MB to 151.6 MB.
Total: 10.439600 ms (FindLiveObjects: 0.761700 ms CreateObjectMapping: 1.526100 ms MarkObjects: 5.452200 ms  DeleteObjects: 2.698700 ms)

Prepare: number of updated asset objects reloaded= 0
========================================================================
Received Prepare
Refreshing native plugins compatible for Editor in 0.74 ms, found 3 plugins.
Preloading 0 native plugins for Editor in 0.00 ms.
Unloading 16 Unused Serialized files (Serialized files now loaded: 0)
Unloading 6175 unused Assets / (4.6 MB). Loaded Objects now: 7091.
Memory consumption went from 156.0 MB to 151.5 MB.
Total: 10.485600 ms (FindLiveObjects: 0.798700 ms CreateObjectMapping: 1.147000 ms MarkObjects: 5.240400 ms  DeleteObjects: 3.298700 ms)

Prepare: number of updated asset objects reloaded= 0
========================================================================
Received Prepare
Begin MonoManager ReloadAssembly
[Licensing::Client] Successfully resolved entitlement details
- Loaded All Assemblies, in  0.895 seconds
Refreshing native plugins compatible for Editor in 0.89 ms, found 3 plugins.
Native extension for iOS target not found
Native extension for Android target not found
Native extension for WindowsStandalone target not found
Native extension for OSXStandalone target not found
[Package Manager] Failed to launch server process. Reason: Unity was launched with the -noUpm command-line argument
[Package Manager] Unable to send message (not connected to server process).
[Package Manager] Cannot connect to Unity Package Manager local server
[Package Manager] Failed to launch server process. Reason: Unity was launched with the -noUpm command-line argument
[Package Manager] Unable to send message (not connected to server process).
[Package Manager] Cannot connect to Unity Package Manager local server
ScheduleIndexationOnStartup MainProcess:False IndexOnStartup:True
Mono: successfully reloaded assembly
- Finished resetting the current domain, in  0.909 seconds
Domain Reload Profiling: 1809ms
	BeginReloadAssembly (252ms)
		ExecutionOrderSort (0ms)
		DisableScriptedObjects (8ms)
		BackupInstance (0ms)
		ReleaseScriptingObjects (0ms)
		CreateAndSetChildDomain (55ms)
	RebuildCommonClasses (44ms)
	RebuildNativeTypeToScriptingClass (17ms)
	initialDomainReloadingComplete (28ms)
	LoadAllAssembliesAndSetupDomain (558ms)
		LoadAssemblies (380ms)
		RebuildTransferFunctionScriptingTraits (0ms)
		AnalyzeDomain (296ms)
			TypeCache.Refresh (14ms)
				TypeCache.ScanAssembly (0ms)
			BuildScriptInfoCaches (260ms)
			ResolveRequiredComponents (16ms)
	FinalizeReload (910ms)
		ReleaseScriptCaches (0ms)
		RebuildScriptCaches (0ms)
		SetupLoadedEditorAssemblies (694ms)
			LogAssemblyErrors (0ms)
			InitializePlatformSupportModulesInManaged (20ms)
			SetLoadedEditorAssemblies (8ms)
			BeforeProcessingInitializeOnLoad (176ms)
			ProcessInitializeOnLoadAttributes (410ms)
			ProcessInitializeOnLoadMethodAttributes (77ms)
			AfterProcessingInitializeOnLoad (3ms)
			EditorAssembliesLoaded (0ms)
		ExecutionOrderSort2 (0ms)
		AwakeInstancesAfterBackupRestoration (19ms)
Refreshing native plugins compatible for Editor in 0.85 ms, found 3 plugins.
Preloading 0 native plugins for Editor in 0.00 ms.
Unloading 16 Unused Serialized files (Serialized files now loaded: 0)
Unloading 6181 unused Assets / (4.4 MB). Loaded Objects now: 7094.
Memory consumption went from 155.9 MB to 151.5 MB.
Total: 11.488900 ms (FindLiveObjects: 0.818100 ms CreateObjectMapping: 1.102500 ms MarkObjects: 6.426900 ms  DeleteObjects: 3.140000 ms)

Prepare: number of updated asset objects reloaded= 0
========================================================================
Received Prepare
Begin MonoManager ReloadAssembly
- Loaded All Assemblies, in  0.840 seconds
Refreshing native plugins compatible for Editor in 0.78 ms, found 3 plugins.
Native extension for iOS target not found
Native extension for Android target not found
Native extension for WindowsStandalone target not found
Native extension for OSXStandalone target not found
[Package Manager] Failed to launch server process. Reason: Unity was launched with the -noUpm command-line argument
[Package Manager] Unable to send message (not connected to server process).
[Package Manager] Cannot connect to Unity Package Manager local server
[Package Manager] Failed to launch server process. Reason: Unity was launched with the -noUpm command-line argument
[Package Manager] Unable to send message (not connected to server process).
[Package Manager] Cannot connect to Unity Package Manager local server
ScheduleIndexationOnStartup MainProcess:False IndexOnStartup:True
Mono: successfully reloaded assembly
- Finished resetting the current domain, in  0.897 seconds
Domain Reload Profiling: 1741ms
	BeginReloadAssembly (244ms)
		ExecutionOrderSort (0ms)
		DisableScriptedObjects (9ms)
		BackupInstance (0ms)
		ReleaseScriptingObjects (0ms)
		CreateAndSetChildDomain (52ms)
	RebuildCommonClasses (46ms)
	RebuildNativeTypeToScriptingClass (19ms)
	initialDomainReloadingComplete (30ms)
	LoadAllAssembliesAndSetupDomain (504ms)
		LoadAssemblies (369ms)
		RebuildTransferFunctionScriptingTraits (0ms)
		AnalyzeDomain (247ms)
			TypeCache.Refresh (10ms)
				TypeCache.ScanAssembly (0ms)
			BuildScriptInfoCaches (216ms)
			ResolveRequiredComponents (15ms)
	FinalizeReload (898ms)
		ReleaseScriptCaches (0ms)
		RebuildScriptCaches (0ms)
		SetupLoadedEditorAssemblies (686ms)
			LogAssemblyErrors (0ms)
			InitializePlatformSupportModulesInManaged (12ms)
			SetLoadedEditorAssemblies (5ms)
			BeforeProcessingInitializeOnLoad (160ms)
			ProcessInitializeOnLoadAttributes (408ms)
			ProcessInitializeOnLoadMethodAttributes (96ms)
			AfterProcessingInitializeOnLoad (5ms)
			EditorAssembliesLoaded (1ms)
		ExecutionOrderSort2 (0ms)
		AwakeInstancesAfterBackupRestoration (27ms)
Refreshing native plugins compatible for Editor in 1.03 ms, found 3 plugins.
Preloading 0 native plugins for Editor in 0.00 ms.
Unloading 16 Unused Serialized files (Serialized files now loaded: 0)
Unloading 6181 unused Assets / (4.5 MB). Loaded Objects now: 7097.
Memory consumption went from 156.0 MB to 151.5 MB.
Total: 12.098600 ms (FindLiveObjects: 1.163800 ms CreateObjectMapping: 1.557000 ms MarkObjects: 5.966000 ms  DeleteObjects: 3.410700 ms)

Prepare: number of updated asset objects reloaded= 0
========================================================================
Received Prepare
Begin MonoManager ReloadAssembly
- Loaded All Assemblies, in  0.850 seconds
Refreshing native plugins compatible for Editor in 0.74 ms, found 3 plugins.
Native extension for iOS target not found
Native extension for Android target not found
Native extension for WindowsStandalone target not found
Native extension for OSXStandalone target not found
[Package Manager] Failed to launch server process. Reason: Unity was launched with the -noUpm command-line argument
[Package Manager] Unable to send message (not connected to server process).
[Package Manager] Cannot connect to Unity Package Manager local server
[Package Manager] Failed to launch server process. Reason: Unity was launched with the -noUpm command-line argument
[Package Manager] Unable to send message (not connected to server process).
[Package Manager] Cannot connect to Unity Package Manager local server
ScheduleIndexationOnStartup MainProcess:False IndexOnStartup:True
Mono: successfully reloaded assembly
- Finished resetting the current domain, in  0.863 seconds
Domain Reload Profiling: 1717ms
	BeginReloadAssembly (235ms)
		ExecutionOrderSort (0ms)
		DisableScriptedObjects (7ms)
		BackupInstance (0ms)
		ReleaseScriptingObjects (0ms)
		CreateAndSetChildDomain (49ms)
	RebuildCommonClasses (45ms)
	RebuildNativeTypeToScriptingClass (17ms)
	initialDomainReloadingComplete (28ms)
	LoadAllAssembliesAndSetupDomain (526ms)
		LoadAssemblies (386ms)
		RebuildTransferFunctionScriptingTraits (0ms)
		AnalyzeDomain (257ms)
			TypeCache.Refresh (9ms)
				TypeCache.ScanAssembly (0ms)
			BuildScriptInfoCaches (232ms)
			ResolveRequiredComponents (12ms)
	FinalizeReload (864ms)
		ReleaseScriptCaches (0ms)
		RebuildScriptCaches (0ms)
		SetupLoadedEditorAssemblies (656ms)
			LogAssemblyErrors (0ms)
			InitializePlatformSupportModulesInManaged (12ms)
			SetLoadedEditorAssemblies (5ms)
			BeforeProcessingInitializeOnLoad (164ms)
			ProcessInitializeOnLoadAttributes (389ms)
			ProcessInitializeOnLoadMethodAttributes (82ms)
			AfterProcessingInitializeOnLoad (3ms)
			EditorAssembliesLoaded (0ms)
		ExecutionOrderSort2 (0ms)
		AwakeInstancesAfterBackupRestoration (21ms)
Refreshing native plugins compatible for Editor in 0.96 ms, found 3 plugins.
Preloading 0 native plugins for Editor in 0.00 ms.
Unloading 16 Unused Serialized files (Serialized files now loaded: 0)
Unloading 6181 unused Assets / (4.2 MB). Loaded Objects now: 7100.
Memory consumption went from 156.0 MB to 151.8 MB.
Total: 13.085500 ms (FindLiveObjects: 0.894800 ms CreateObjectMapping: 1.500100 ms MarkObjects: 6.932200 ms  DeleteObjects: 3.757200 ms)

Prepare: number of updated asset objects reloaded= 0
========================================================================
Received Prepare
Begin MonoManager ReloadAssembly
[Licensing::Client] Successfully resolved entitlement details
- Loaded All Assemblies, in  0.881 seconds
Refreshing native plugins compatible for Editor in 0.79 ms, found 3 plugins.
Native extension for iOS target not found
Native extension for Android target not found
Native extension for WindowsStandalone target not found
Native extension for OSXStandalone target not found
[Package Manager] Failed to launch server process. Reason: Unity was launched with the -noUpm command-line argument
[Package Manager] Unable to send message (not connected to server process).
[Package Manager] Cannot connect to Unity Package Manager local server
[Package Manager] Failed to launch server process. Reason: Unity was launched with the -noUpm command-line argument
[Package Manager] Unable to send message (not connected to server process).
[Package Manager] Cannot connect to Unity Package Manager local server
ScheduleIndexationOnStartup MainProcess:False IndexOnStartup:True
Mono: successfully reloaded assembly
- Finished resetting the current domain, in  0.826 seconds
Domain Reload Profiling: 1710ms
	BeginReloadAssembly (262ms)
		ExecutionOrderSort (0ms)
		DisableScriptedObjects (10ms)
		BackupInstance (0ms)
		ReleaseScriptingObjects (0ms)
		CreateAndSetChildDomain (61ms)
	RebuildCommonClasses (47ms)
	RebuildNativeTypeToScriptingClass (18ms)
	initialDomainReloadingComplete (30ms)
	LoadAllAssembliesAndSetupDomain (526ms)
		LoadAssemblies (400ms)
		RebuildTransferFunctionScriptingTraits (0ms)
		AnalyzeDomain (242ms)
			TypeCache.Refresh (11ms)
				TypeCache.ScanAssembly (0ms)
			BuildScriptInfoCaches (211ms)
			ResolveRequiredComponents (14ms)
	FinalizeReload (827ms)
		ReleaseScriptCaches (0ms)
		RebuildScriptCaches (0ms)
		SetupLoadedEditorAssemblies (626ms)
			LogAssemblyErrors (0ms)
			InitializePlatformSupportModulesInManaged (12ms)
			SetLoadedEditorAssemblies (6ms)
			BeforeProcessingInitializeOnLoad (155ms)
			ProcessInitializeOnLoadAttributes (362ms)
			ProcessInitializeOnLoadMethodAttributes (88ms)
			AfterProcessingInitializeOnLoad (3ms)
			EditorAssembliesLoaded (0ms)
		ExecutionOrderSort2 (0ms)
		AwakeInstancesAfterBackupRestoration (22ms)
Refreshing native plugins compatible for Editor in 1.30 ms, found 3 plugins.
Preloading 0 native plugins for Editor in 0.00 ms.
Unloading 16 Unused Serialized files (Serialized files now loaded: 0)
Unloading 6181 unused Assets / (4.7 MB). Loaded Objects now: 7103.
Memory consumption went from 156.0 MB to 151.3 MB.
Total: 17.125600 ms (FindLiveObjects: 0.961600 ms CreateObjectMapping: 1.629300 ms MarkObjects: 8.985000 ms  DeleteObjects: 5.547800 ms)

Prepare: number of updated asset objects reloaded= 0
========================================================================
Received Import Request.
  Time since last request: 1812.695036 seconds.
  path: Assets/UI/Menu.uss
  artifactKey: Guid(38a06a499f722df4a8498e479b625db7) Importer(815301076,1909f56bfc062723c751e8b465ee728b)
Start importing Assets/UI/Menu.uss using Guid(38a06a499f722df4a8498e479b625db7) Importer(815301076,1909f56bfc062723c751e8b465ee728b) (PreviewImporter) -> (artifact id: '3bd5a88ec602814d766059d4ee21753e') in 0.1906627 seconds
Number of updated asset objects reloaded before import = 0Number of asset objects unloaded after import = 3

========================================================================
Received Import Request.
  Time since last request: 0.000036 seconds.
  path: Assets/UI/Menu.uxml
  artifactKey: Guid(3dfeef943f6a3804cadeacfeb858469b) Importer(815301076,1909f56bfc062723c751e8b465ee728b)
Start importing Assets/UI/Menu.uxml using Guid(3dfeef943f6a3804cadeacfeb858469b) Importer(815301076,1909f56bfc062723c751e8b465ee728b) (PreviewImporter) -> (artifact id: '8e55f33df0e18037f12511bb603d758f') in 0.0733831 seconds
Number of updated asset objects reloaded before import = 0Number of asset objects unloaded after import = 5

========================================================================
Received Prepare
Refreshing native plugins compatible for Editor in 0.85 ms, found 3 plugins.
Preloading 0 native plugins for Editor in 0.00 ms.
Unloading 16 Unused Serialized files (Serialized files now loaded: 0)
Unloading 6176 unused Assets / (4.0 MB). Loaded Objects now: 7104.
Memory consumption went from 156.4 MB to 152.4 MB.
Total: 11.460600 ms (FindLiveObjects: 0.896600 ms CreateObjectMapping: 1.650500 ms MarkObjects: 6.286200 ms  DeleteObjects: 2.626400 ms)

Prepare: number of updated asset objects reloaded= 0
========================================================================
Received Prepare
Begin MonoManager ReloadAssembly
[Licensing::Client] Successfully resolved entitlement details
- Loaded All Assemblies, in  1.225 seconds
Refreshing native plugins compatible for Editor in 1.16 ms, found 3 plugins.
Native extension for iOS target not found
Native extension for Android target not found
Native extension for WindowsStandalone target not found
Native extension for OSXStandalone target not found
[Package Manager] Failed to launch server process. Reason: Unity was launched with the -noUpm command-line argument
[Package Manager] Unable to send message (not connected to server process).
[Package Manager] Cannot connect to Unity Package Manager local server
[Package Manager] Failed to launch server process. Reason: Unity was launched with the -noUpm command-line argument
[Package Manager] Unable to send message (not connected to server process).
[Package Manager] Cannot connect to Unity Package Manager local server
ScheduleIndexationOnStartup MainProcess:False IndexOnStartup:True
Mono: successfully reloaded assembly
- Finished resetting the current domain, in  1.028 seconds
Domain Reload Profiling: 2260ms
	BeginReloadAssembly (334ms)
		ExecutionOrderSort (0ms)
		DisableScriptedObjects (9ms)
		BackupInstance (0ms)
		ReleaseScriptingObjects (0ms)
		CreateAndSetChildDomain (77ms)
	RebuildCommonClasses (64ms)
	RebuildNativeTypeToScriptingClass (23ms)
	initialDomainReloadingComplete (34ms)
	LoadAllAssembliesAndSetupDomain (776ms)
		LoadAssemblies (540ms)
		RebuildTransferFunctionScriptingTraits (0ms)
		AnalyzeDomain (391ms)
			TypeCache.Refresh (23ms)
				TypeCache.ScanAssembly (0ms)
			BuildScriptInfoCaches (337ms)
			ResolveRequiredComponents (20ms)
	FinalizeReload (1029ms)
		ReleaseScriptCaches (0ms)
		RebuildScriptCaches (0ms)
		SetupLoadedEditorAssemblies (781ms)
			LogAssemblyErrors (0ms)
			InitializePlatformSupportModulesInManaged (15ms)
			SetLoadedEditorAssemblies (6ms)
			BeforeProcessingInitializeOnLoad (164ms)
			ProcessInitializeOnLoadAttributes (453ms)
			ProcessInitializeOnLoadMethodAttributes (136ms)
			AfterProcessingInitializeOnLoad (7ms)
			EditorAssembliesLoaded (0ms)
		ExecutionOrderSort2 (0ms)
		AwakeInstancesAfterBackupRestoration (30ms)
Refreshing native plugins compatible for Editor in 1.30 ms, found 3 plugins.
Preloading 0 native plugins for Editor in 0.00 ms.
Unloading 16 Unused Serialized files (Serialized files now loaded: 0)
Unloading 6182 unused Assets / (4.1 MB). Loaded Objects now: 7107.
Memory consumption went from 156.1 MB to 152.0 MB.
Total: 11.461200 ms (FindLiveObjects: 1.036900 ms CreateObjectMapping: 1.657600 ms MarkObjects: 5.818600 ms  DeleteObjects: 2.947100 ms)

Prepare: number of updated asset objects reloaded= 0
========================================================================
Received Prepare
Refreshing native plugins compatible for Editor in 1.45 ms, found 3 plugins.
Preloading 0 native plugins for Editor in 0.00 ms.
Unloading 16 Unused Serialized files (Serialized files now loaded: 0)
Unloading 6176 unused Assets / (4.5 MB). Loaded Objects now: 7107.
Memory consumption went from 156.3 MB to 151.8 MB.
Total: 17.017200 ms (FindLiveObjects: 1.162700 ms CreateObjectMapping: 1.970200 ms MarkObjects: 8.247300 ms  DeleteObjects: 5.635700 ms)

Prepare: number of updated asset objects reloaded= 0
========================================================================
Received Prepare
Refreshing native plugins compatible for Editor in 0.80 ms, found 3 plugins.
Preloading 0 native plugins for Editor in 0.00 ms.
Unloading 16 Unused Serialized files (Serialized files now loaded: 0)
Unloading 6176 unused Assets / (4.2 MB). Loaded Objects now: 7107.
Memory consumption went from 156.3 MB to 152.1 MB.
Total: 11.564100 ms (FindLiveObjects: 0.834700 ms CreateObjectMapping: 1.453600 ms MarkObjects: 6.144100 ms  DeleteObjects: 3.130500 ms)

Prepare: number of updated asset objects reloaded= 0
========================================================================
Received Prepare
Begin MonoManager ReloadAssembly
[Licensing::Client] Successfully resolved entitlement details
- Loaded All Assemblies, in  1.098 seconds
Refreshing native plugins compatible for Editor in 1.06 ms, found 3 plugins.
Native extension for iOS target not found
Native extension for Android target not found
Native extension for WindowsStandalone target not found
Native extension for OSXStandalone target not found
[Package Manager] Failed to launch server process. Reason: Unity was launched with the -noUpm command-line argument
[Package Manager] Unable to send message (not connected to server process).
[Package Manager] Cannot connect to Unity Package Manager local server
[Package Manager] Failed to launch server process. Reason: Unity was launched with the -noUpm command-line argument
[Package Manager] Unable to send message (not connected to server process).
[Package Manager] Cannot connect to Unity Package Manager local server
ScheduleIndexationOnStartup MainProcess:False IndexOnStartup:True
Mono: successfully reloaded assembly
- Finished resetting the current domain, in  1.171 seconds
Domain Reload Profiling: 2273ms
	BeginReloadAssembly (317ms)
		ExecutionOrderSort (0ms)
		DisableScriptedObjects (10ms)
		BackupInstance (0ms)
		ReleaseScriptingObjects (0ms)
		CreateAndSetChildDomain (61ms)
	RebuildCommonClasses (62ms)
	RebuildNativeTypeToScriptingClass (23ms)
	initialDomainReloadingComplete (38ms)
	LoadAllAssembliesAndSetupDomain (661ms)
		LoadAssemblies (518ms)
		RebuildTransferFunctionScriptingTraits (0ms)
		AnalyzeDomain (319ms)
			TypeCache.Refresh (20ms)
				TypeCache.ScanAssembly (0ms)
			BuildScriptInfoCaches (278ms)
			ResolveRequiredComponents (14ms)
	FinalizeReload (1171ms)
		ReleaseScriptCaches (0ms)
		RebuildScriptCaches (0ms)
		SetupLoadedEditorAssemblies (940ms)
			LogAssemblyErrors (0ms)
			InitializePlatformSupportModulesInManaged (17ms)
			SetLoadedEditorAssemblies (15ms)
			BeforeProcessingInitializeOnLoad (239ms)
			ProcessInitializeOnLoadAttributes (575ms)
			ProcessInitializeOnLoadMethodAttributes (91ms)
			AfterProcessingInitializeOnLoad (3ms)
			EditorAssembliesLoaded (0ms)
		ExecutionOrderSort2 (0ms)
		AwakeInstancesAfterBackupRestoration (25ms)
Refreshing native plugins compatible for Editor in 0.76 ms, found 3 plugins.
Preloading 0 native plugins for Editor in 0.00 ms.
Unloading 16 Unused Serialized files (Serialized files now loaded: 0)
Unloading 6182 unused Assets / (4.3 MB). Loaded Objects now: 7110.
Memory consumption went from 156.1 MB to 151.9 MB.
Total: 9.502700 ms (FindLiveObjects: 0.813100 ms CreateObjectMapping: 1.095100 ms MarkObjects: 5.030700 ms  DeleteObjects: 2.563000 ms)

Prepare: number of updated asset objects reloaded= 0
========================================================================
Received Prepare
Refreshing native plugins compatible for Editor in 0.78 ms, found 3 plugins.
Preloading 0 native plugins for Editor in 0.00 ms.
Unloading 16 Unused Serialized files (Serialized files now loaded: 0)
Unloading 6176 unused Assets / (4.0 MB). Loaded Objects now: 7110.
Memory consumption went from 156.3 MB to 152.3 MB.
Total: 12.948800 ms (FindLiveObjects: 0.855100 ms CreateObjectMapping: 1.570400 ms MarkObjects: 7.558300 ms  DeleteObjects: 2.964100 ms)

Prepare: number of updated asset objects reloaded= 0
========================================================================
Received Prepare
Begin MonoManager ReloadAssembly
- Loaded All Assemblies, in  0.918 seconds
Refreshing native plugins compatible for Editor in 0.81 ms, found 3 plugins.
Native extension for iOS target not found
Native extension for Android target not found
Native extension for WindowsStandalone target not found
Native extension for OSXStandalone target not found
[Package Manager] Failed to launch server process. Reason: Unity was launched with the -noUpm command-line argument
[Package Manager] Unable to send message (not connected to server process).
[Package Manager] Cannot connect to Unity Package Manager local server
[Package Manager] Failed to launch server process. Reason: Unity was launched with the -noUpm command-line argument
[Package Manager] Unable to send message (not connected to server process).
[Package Manager] Cannot connect to Unity Package Manager local server
ScheduleIndexationOnStartup MainProcess:False IndexOnStartup:True
Mono: successfully reloaded assembly
- Finished resetting the current domain, in  0.945 seconds
Domain Reload Profiling: 1867ms
	BeginReloadAssembly (244ms)
		ExecutionOrderSort (0ms)
		DisableScriptedObjects (10ms)
		BackupInstance (0ms)
		ReleaseScriptingObjects (0ms)
		CreateAndSetChildDomain (53ms)
	RebuildCommonClasses (43ms)
	RebuildNativeTypeToScriptingClass (17ms)
	initialDomainReloadingComplete (28ms)
	LoadAllAssembliesAndSetupDomain (590ms)
		LoadAssemblies (379ms)
		RebuildTransferFunctionScriptingTraits (0ms)
		AnalyzeDomain (328ms)
			TypeCache.Refresh (15ms)
				TypeCache.ScanAssembly (0ms)
			BuildScriptInfoCaches (291ms)
			ResolveRequiredComponents (14ms)
	FinalizeReload (946ms)
		ReleaseScriptCaches (0ms)
		RebuildScriptCaches (0ms)
		SetupLoadedEditorAssemblies (720ms)
			LogAssemblyErrors (0ms)
			InitializePlatformSupportModulesInManaged (20ms)
			SetLoadedEditorAssemblies (17ms)
			BeforeProcessingInitializeOnLoad (201ms)
			ProcessInitializeOnLoadAttributes (373ms)
			ProcessInitializeOnLoadMethodAttributes (104ms)
			AfterProcessingInitializeOnLoad (3ms)
			EditorAssembliesLoaded (0ms)
		ExecutionOrderSort2 (0ms)
		AwakeInstancesAfterBackupRestoration (21ms)
Refreshing native plugins compatible for Editor in 0.79 ms, found 3 plugins.
Preloading 0 native plugins for Editor in 0.00 ms.
Unloading 16 Unused Serialized files (Serialized files now loaded: 0)
Unloading 6182 unused Assets / (4.3 MB). Loaded Objects now: 7113.
Memory consumption went from 156.2 MB to 151.9 MB.
Total: 9.832600 ms (FindLiveObjects: 0.808300 ms CreateObjectMapping: 1.107500 ms MarkObjects: 4.889300 ms  DeleteObjects: 3.026600 ms)

Prepare: number of updated asset objects reloaded= 0
========================================================================
Received Prepare
Refreshing native plugins compatible for Editor in 1.01 ms, found 3 plugins.
Preloading 0 native plugins for Editor in 0.00 ms.
Unloading 16 Unused Serialized files (Serialized files now loaded: 0)
Unloading 6176 unused Assets / (5.0 MB). Loaded Objects now: 7113.
Memory consumption went from 156.4 MB to 151.4 MB.
Total: 29.538800 ms (FindLiveObjects: 1.494600 ms CreateObjectMapping: 3.154700 ms MarkObjects: 14.899600 ms  DeleteObjects: 9.988300 ms)

Prepare: number of updated asset objects reloaded= 0
========================================================================
Received Import Request.
  Time since last request: 268.956493 seconds.
  path: Assets/UI/MenuUiElement.cs
  artifactKey: Guid(15ed44dce738f0045b442362f2e74447) Importer(815301076,1909f56bfc062723c751e8b465ee728b)
Start importing Assets/UI/MenuUiElement.cs using Guid(15ed44dce738f0045b442362f2e74447) Importer(815301076,1909f56bfc062723c751e8b465ee728b) (PreviewImporter) -> (artifact id: '0a60faa5ef23f17259bc2dd83062d7a3') in 0.086644 seconds
Number of updated asset objects reloaded before import = 0Number of asset objects unloaded after import = 0

========================================================================
Received Prepare
Begin MonoManager ReloadAssembly
[Licensing::Client] Successfully resolved entitlement details
- Loaded All Assemblies, in  2.467 seconds
Refreshing native plugins compatible for Editor in 0.79 ms, found 3 plugins.
Native extension for iOS target not found
Native extension for Android target not found
Native extension for WindowsStandalone target not found
Native extension for OSXStandalone target not found
[Package Manager] Failed to launch server process. Reason: Unity was launched with the -noUpm command-line argument
[Package Manager] Unable to send message (not connected to server process).
[Package Manager] Cannot connect to Unity Package Manager local server
[Package Manager] Failed to launch server process. Reason: Unity was launched with the -noUpm command-line argument
[Package Manager] Unable to send message (not connected to server process).
[Package Manager] Cannot connect to Unity Package Manager local server
ScheduleIndexationOnStartup MainProcess:False IndexOnStartup:True
Mono: successfully reloaded assembly
- Finished resetting the current domain, in  0.923 seconds
Domain Reload Profiling: 3395ms
	BeginReloadAssembly (628ms)
		ExecutionOrderSort (0ms)
		DisableScriptedObjects (21ms)
		BackupInstance (0ms)
		ReleaseScriptingObjects (0ms)
		CreateAndSetChildDomain (92ms)
	RebuildCommonClasses (201ms)
	RebuildNativeTypeToScriptingClass (28ms)
	initialDomainReloadingComplete (261ms)
	LoadAllAssembliesAndSetupDomain (1353ms)
		LoadAssemblies (1442ms)
		RebuildTransferFunctionScriptingTraits (0ms)
		AnalyzeDomain (318ms)
			TypeCache.Refresh (19ms)
				TypeCache.ScanAssembly (0ms)
			BuildScriptInfoCaches (246ms)
			ResolveRequiredComponents (41ms)
	FinalizeReload (924ms)
		ReleaseScriptCaches (0ms)
		RebuildScriptCaches (0ms)
		SetupLoadedEditorAssemblies (704ms)
			LogAssemblyErrors (0ms)
			InitializePlatformSupportModulesInManaged (13ms)
			SetLoadedEditorAssemblies (4ms)
			BeforeProcessingInitializeOnLoad (206ms)
			ProcessInitializeOnLoadAttributes (400ms)
			ProcessInitializeOnLoadMethodAttributes (78ms)
			AfterProcessingInitializeOnLoad (3ms)
			EditorAssembliesLoaded (0ms)
		ExecutionOrderSort2 (0ms)
		AwakeInstancesAfterBackupRestoration (22ms)
Refreshing native plugins compatible for Editor in 0.94 ms, found 3 plugins.
Preloading 0 native plugins for Editor in 0.00 ms.
Unloading 16 Unused Serialized files (Serialized files now loaded: 0)
Unloading 6182 unused Assets / (4.2 MB). Loaded Objects now: 7116.
Memory consumption went from 156.2 MB to 152.1 MB.
Total: 10.019100 ms (FindLiveObjects: 0.788100 ms CreateObjectMapping: 1.592100 ms MarkObjects: 5.083300 ms  DeleteObjects: 2.554600 ms)

Prepare: number of updated asset objects reloaded= 0
========================================================================
Received Prepare
Refreshing native plugins compatible for Editor in 1.12 ms, found 3 plugins.
Preloading 0 native plugins for Editor in 0.00 ms.
Unloading 16 Unused Serialized files (Serialized files now loaded: 0)
Unloading 6176 unused Assets / (3.7 MB). Loaded Objects now: 7116.
Memory consumption went from 156.4 MB to 152.7 MB.
Total: 11.041600 ms (FindLiveObjects: 0.933000 ms CreateObjectMapping: 1.557100 ms MarkObjects: 5.866900 ms  DeleteObjects: 2.683700 ms)

Prepare: number of updated asset objects reloaded= 0
========================================================================
Received Prepare
Begin MonoManager ReloadAssembly
- Loaded All Assemblies, in  0.839 seconds
Refreshing native plugins compatible for Editor in 0.81 ms, found 3 plugins.
Native extension for iOS target not found
Native extension for Android target not found
Native extension for WindowsStandalone target not found
Native extension for OSXStandalone target not found
[Package Manager] Failed to launch server process. Reason: Unity was launched with the -noUpm command-line argument
[Package Manager] Unable to send message (not connected to server process).
[Package Manager] Cannot connect to Unity Package Manager local server
[Package Manager] Failed to launch server process. Reason: Unity was launched with the -noUpm command-line argument
[Package Manager] Unable to send message (not connected to server process).
[Package Manager] Cannot connect to Unity Package Manager local server
ScheduleIndexationOnStartup MainProcess:False IndexOnStartup:True
Mono: successfully reloaded assembly
- Finished resetting the current domain, in  0.817 seconds
Domain Reload Profiling: 1661ms
	BeginReloadAssembly (238ms)
		ExecutionOrderSort (0ms)
		DisableScriptedObjects (7ms)
		BackupInstance (0ms)
		ReleaseScriptingObjects (0ms)
		CreateAndSetChildDomain (46ms)
	RebuildCommonClasses (50ms)
	RebuildNativeTypeToScriptingClass (20ms)
	initialDomainReloadingComplete (29ms)
	LoadAllAssembliesAndSetupDomain (507ms)
		LoadAssemblies (372ms)
		RebuildTransferFunctionScriptingTraits (0ms)
		AnalyzeDomain (251ms)
			TypeCache.Refresh (14ms)
				TypeCache.ScanAssembly (0ms)
			BuildScriptInfoCaches (218ms)
			ResolveRequiredComponents (12ms)
	FinalizeReload (818ms)
		ReleaseScriptCaches (0ms)
		RebuildScriptCaches (0ms)
		SetupLoadedEditorAssemblies (629ms)
			LogAssemblyErrors (0ms)
			InitializePlatformSupportModulesInManaged (13ms)
			SetLoadedEditorAssemblies (7ms)
			BeforeProcessingInitializeOnLoad (161ms)
			ProcessInitializeOnLoadAttributes (358ms)
			ProcessInitializeOnLoadMethodAttributes (86ms)
			AfterProcessingInitializeOnLoad (3ms)
			EditorAssembliesLoaded (0ms)
		ExecutionOrderSort2 (0ms)
		AwakeInstancesAfterBackupRestoration (20ms)
Refreshing native plugins compatible for Editor in 0.85 ms, found 3 plugins.
Preloading 0 native plugins for Editor in 0.00 ms.
Unloading 16 Unused Serialized files (Serialized files now loaded: 0)
Unloading 6182 unused Assets / (4.1 MB). Loaded Objects now: 7119.
Memory consumption went from 156.3 MB to 152.2 MB.
Total: 9.033600 ms (FindLiveObjects: 0.810400 ms CreateObjectMapping: 1.092700 ms MarkObjects: 4.866100 ms  DeleteObjects: 2.263500 ms)

Prepare: number of updated asset objects reloaded= 0
========================================================================
Received Prepare
Refreshing native plugins compatible for Editor in 0.97 ms, found 3 plugins.
Preloading 0 native plugins for Editor in 0.00 ms.
Unloading 16 Unused Serialized files (Serialized files now loaded: 0)
Unloading 6176 unused Assets / (4.2 MB). Loaded Objects now: 7119.
Memory consumption went from 156.5 MB to 152.3 MB.
Total: 11.292000 ms (FindLiveObjects: 0.870300 ms CreateObjectMapping: 1.432100 ms MarkObjects: 6.045000 ms  DeleteObjects: 2.943200 ms)

Prepare: number of updated asset objects reloaded= 0
========================================================================
Received Import Request.
  Time since last request: 69.690085 seconds.
  path: Assets/UI/MenuUiElement.cs
  artifactKey: Guid(15ed44dce738f0045b442362f2e74447) Importer(815301076,1909f56bfc062723c751e8b465ee728b)
Start importing Assets/UI/MenuUiElement.cs using Guid(15ed44dce738f0045b442362f2e74447) Importer(815301076,1909f56bfc062723c751e8b465ee728b) (PreviewImporter) -> (artifact id: 'c75dcb5c5334b8c96137d4caec075eeb') in 0.0285641 seconds
Number of updated asset objects reloaded before import = 0Number of asset objects unloaded after import = 0

========================================================================
Received Prepare
Begin MonoManager ReloadAssembly
[Licensing::Client] Successfully resolved entitlement details
- Loaded All Assemblies, in  1.052 seconds
Refreshing native plugins compatible for Editor in 0.72 ms, found 3 plugins.
Native extension for iOS target not found
Native extension for Android target not found
Native extension for WindowsStandalone target not found
Native extension for OSXStandalone target not found
[Package Manager] Failed to launch server process. Reason: Unity was launched with the -noUpm command-line argument
[Package Manager] Unable to send message (not connected to server process).
[Package Manager] Cannot connect to Unity Package Manager local server
[Package Manager] Failed to launch server process. Reason: Unity was launched with the -noUpm command-line argument
[Package Manager] Unable to send message (not connected to server process).
[Package Manager] Cannot connect to Unity Package Manager local server
ScheduleIndexationOnStartup MainProcess:False IndexOnStartup:True
Mono: successfully reloaded assembly
- Finished resetting the current domain, in  0.945 seconds
Domain Reload Profiling: 2001ms
	BeginReloadAssembly (360ms)
		ExecutionOrderSort (0ms)
		DisableScriptedObjects (8ms)
		BackupInstance (0ms)
		ReleaseScriptingObjects (0ms)
		CreateAndSetChildDomain (78ms)
	RebuildCommonClasses (61ms)
	RebuildNativeTypeToScriptingClass (22ms)
	initialDomainReloadingComplete (37ms)
	LoadAllAssembliesAndSetupDomain (575ms)
		LoadAssemblies (502ms)
		RebuildTransferFunctionScriptingTraits (0ms)
		AnalyzeDomain (269ms)
			TypeCache.Refresh (13ms)
				TypeCache.ScanAssembly (0ms)
			BuildScriptInfoCaches (237ms)
			ResolveRequiredComponents (13ms)
	FinalizeReload (946ms)
		ReleaseScriptCaches (0ms)
		RebuildScriptCaches (0ms)
		SetupLoadedEditorAssemblies (729ms)
			LogAssemblyErrors (0ms)
			InitializePlatformSupportModulesInManaged (16ms)
			SetLoadedEditorAssemblies (7ms)
			BeforeProcessingInitializeOnLoad (181ms)
			ProcessInitializeOnLoadAttributes (420ms)
			ProcessInitializeOnLoadMethodAttributes (102ms)
			AfterProcessingInitializeOnLoad (3ms)
			EditorAssembliesLoaded (0ms)
		ExecutionOrderSort2 (0ms)
		AwakeInstancesAfterBackupRestoration (21ms)
Refreshing native plugins compatible for Editor in 0.80 ms, found 3 plugins.
Preloading 0 native plugins for Editor in 0.00 ms.
Unloading 16 Unused Serialized files (Serialized files now loaded: 0)
Unloading 6182 unused Assets / (4.1 MB). Loaded Objects now: 7122.
Memory consumption went from 156.3 MB to 152.2 MB.
Total: 9.384700 ms (FindLiveObjects: 0.768300 ms CreateObjectMapping: 1.204600 ms MarkObjects: 5.035000 ms  DeleteObjects: 2.375900 ms)

Prepare: number of updated asset objects reloaded= 0
========================================================================
Received Prepare
Begin MonoManager ReloadAssembly
[Licensing::Client] Successfully resolved entitlement details
- Loaded All Assemblies, in  0.981 seconds
Refreshing native plugins compatible for Editor in 0.80 ms, found 3 plugins.
Native extension for iOS target not found
Native extension for Android target not found
Native extension for WindowsStandalone target not found
Native extension for OSXStandalone target not found
[Package Manager] Failed to launch server process. Reason: Unity was launched with the -noUpm command-line argument
[Package Manager] Unable to send message (not connected to server process).
[Package Manager] Cannot connect to Unity Package Manager local server
[Package Manager] Failed to launch server process. Reason: Unity was launched with the -noUpm command-line argument
[Package Manager] Unable to send message (not connected to server process).
[Package Manager] Cannot connect to Unity Package Manager local server
ScheduleIndexationOnStartup MainProcess:False IndexOnStartup:True
Mono: successfully reloaded assembly
- Finished resetting the current domain, in  0.892 seconds
Domain Reload Profiling: 1876ms
	BeginReloadAssembly (252ms)
		ExecutionOrderSort (0ms)
		DisableScriptedObjects (9ms)
		BackupInstance (0ms)
		ReleaseScriptingObjects (0ms)
		CreateAndSetChildDomain (54ms)
	RebuildCommonClasses (55ms)
	RebuildNativeTypeToScriptingClass (18ms)
	initialDomainReloadingComplete (32ms)
	LoadAllAssembliesAndSetupDomain (627ms)
		LoadAssemblies (485ms)
		RebuildTransferFunctionScriptingTraits (0ms)
		AnalyzeDomain (259ms)
			TypeCache.Refresh (12ms)
				TypeCache.ScanAssembly (0ms)
			BuildScriptInfoCaches (228ms)
			ResolveRequiredComponents (13ms)
	FinalizeReload (892ms)
		ReleaseScriptCaches (0ms)
		RebuildScriptCaches (0ms)
		SetupLoadedEditorAssemblies (681ms)
			LogAssemblyErrors (0ms)
			InitializePlatformSupportModulesInManaged (16ms)
			SetLoadedEditorAssemblies (9ms)
			BeforeProcessingInitializeOnLoad (196ms)
			ProcessInitializeOnLoadAttributes (369ms)
			ProcessInitializeOnLoadMethodAttributes (87ms)
			AfterProcessingInitializeOnLoad (3ms)
			EditorAssembliesLoaded (0ms)
		ExecutionOrderSort2 (0ms)
		AwakeInstancesAfterBackupRestoration (19ms)
Refreshing native plugins compatible for Editor in 1.06 ms, found 3 plugins.
Preloading 0 native plugins for Editor in 0.00 ms.
Unloading 16 Unused Serialized files (Serialized files now loaded: 0)
Unloading 6182 unused Assets / (3.9 MB). Loaded Objects now: 7125.
Memory consumption went from 156.4 MB to 152.5 MB.
Total: 10.799000 ms (FindLiveObjects: 0.845600 ms CreateObjectMapping: 1.346700 ms MarkObjects: 5.816100 ms  DeleteObjects: 2.789500 ms)

Prepare: number of updated asset objects reloaded= 0
========================================================================
Received Prepare
Refreshing native plugins compatible for Editor in 1.02 ms, found 3 plugins.
Preloading 0 native plugins for Editor in 0.00 ms.
Unloading 16 Unused Serialized files (Serialized files now loaded: 0)
Unloading 6176 unused Assets / (4.2 MB). Loaded Objects now: 7125.
Memory consumption went from 156.6 MB to 152.3 MB.
Total: 11.680900 ms (FindLiveObjects: 0.842900 ms CreateObjectMapping: 1.242600 ms MarkObjects: 5.616400 ms  DeleteObjects: 3.978000 ms)

Prepare: number of updated asset objects reloaded= 0
========================================================================
Received Prepare
Begin MonoManager ReloadAssembly
[Licensing::Client] Successfully resolved entitlement details
- Loaded All Assemblies, in  0.898 seconds
Refreshing native plugins compatible for Editor in 0.85 ms, found 3 plugins.
Native extension for iOS target not found
Native extension for Android target not found
Native extension for WindowsStandalone target not found
Native extension for OSXStandalone target not found
[Package Manager] Failed to launch server process. Reason: Unity was launched with the -noUpm command-line argument
[Package Manager] Unable to send message (not connected to server process).
[Package Manager] Cannot connect to Unity Package Manager local server
[Package Manager] Failed to launch server process. Reason: Unity was launched with the -noUpm command-line argument
[Package Manager] Unable to send message (not connected to server process).
[Package Manager] Cannot connect to Unity Package Manager local server
ScheduleIndexationOnStartup MainProcess:False IndexOnStartup:True
Mono: successfully reloaded assembly
- Finished resetting the current domain, in  0.882 seconds
Domain Reload Profiling: 1784ms
	BeginReloadAssembly (267ms)
		ExecutionOrderSort (0ms)
		DisableScriptedObjects (9ms)
		BackupInstance (0ms)
		ReleaseScriptingObjects (0ms)
		CreateAndSetChildDomain (52ms)
	RebuildCommonClasses (50ms)
	RebuildNativeTypeToScriptingClass (19ms)
	initialDomainReloadingComplete (37ms)
	LoadAllAssembliesAndSetupDomain (530ms)
		LoadAssemblies (406ms)
		RebuildTransferFunctionScriptingTraits (0ms)
		AnalyzeDomain (257ms)
			TypeCache.Refresh (16ms)
				TypeCache.ScanAssembly (0ms)
			BuildScriptInfoCaches (222ms)
			ResolveRequiredComponents (14ms)
	FinalizeReload (882ms)
		ReleaseScriptCaches (0ms)
		RebuildScriptCaches (0ms)
		SetupLoadedEditorAssemblies (665ms)
			LogAssemblyErrors (0ms)
			InitializePlatformSupportModulesInManaged (12ms)
			SetLoadedEditorAssemblies (7ms)
			BeforeProcessingInitializeOnLoad (175ms)
			ProcessInitializeOnLoadAttributes (379ms)
			ProcessInitializeOnLoadMethodAttributes (88ms)
			AfterProcessingInitializeOnLoad (5ms)
			EditorAssembliesLoaded (0ms)
		ExecutionOrderSort2 (0ms)
		AwakeInstancesAfterBackupRestoration (21ms)
Refreshing native plugins compatible for Editor in 1.13 ms, found 3 plugins.
Preloading 0 native plugins for Editor in 0.00 ms.
Unloading 16 Unused Serialized files (Serialized files now loaded: 0)
Unloading 6182 unused Assets / (4.2 MB). Loaded Objects now: 7128.
Memory consumption went from 156.4 MB to 152.2 MB.
Total: 12.743600 ms (FindLiveObjects: 1.660700 ms CreateObjectMapping: 2.340200 ms MarkObjects: 5.981400 ms  DeleteObjects: 2.760000 ms)

Prepare: number of updated asset objects reloaded= 0
========================================================================
Received Prepare
Begin MonoManager ReloadAssembly
- Loaded All Assemblies, in  0.957 seconds
Refreshing native plugins compatible for Editor in 0.71 ms, found 3 plugins.
Native extension for iOS target not found
Native extension for Android target not found
Native extension for WindowsStandalone target not found
Native extension for OSXStandalone target not found
[Package Manager] Failed to launch server process. Reason: Unity was launched with the -noUpm command-line argument
[Package Manager] Unable to send message (not connected to server process).
[Package Manager] Cannot connect to Unity Package Manager local server
[Package Manager] Failed to launch server process. Reason: Unity was launched with the -noUpm command-line argument
[Package Manager] Unable to send message (not connected to server process).
[Package Manager] Cannot connect to Unity Package Manager local server
ScheduleIndexationOnStartup MainProcess:False IndexOnStartup:True
Mono: successfully reloaded assembly
- Finished resetting the current domain, in  0.876 seconds
Domain Reload Profiling: 1837ms
	BeginReloadAssembly (253ms)
		ExecutionOrderSort (0ms)
		DisableScriptedObjects (8ms)
		BackupInstance (0ms)
		ReleaseScriptingObjects (0ms)
		CreateAndSetChildDomain (49ms)
	RebuildCommonClasses (51ms)
	RebuildNativeTypeToScriptingClass (21ms)
	initialDomainReloadingComplete (33ms)
	LoadAllAssembliesAndSetupDomain (601ms)
		LoadAssemblies (452ms)
		RebuildTransferFunctionScriptingTraits (0ms)
		AnalyzeDomain (278ms)
			TypeCache.Refresh (13ms)
				TypeCache.ScanAssembly (0ms)
			BuildScriptInfoCaches (244ms)
			ResolveRequiredComponents (15ms)
	FinalizeReload (877ms)
		ReleaseScriptCaches (0ms)
		RebuildScriptCaches (0ms)
		SetupLoadedEditorAssemblies (672ms)
			LogAssemblyErrors (0ms)
			InitializePlatformSupportModulesInManaged (13ms)
			SetLoadedEditorAssemblies (6ms)
			BeforeProcessingInitializeOnLoad (166ms)
			ProcessInitializeOnLoadAttributes (391ms)
			ProcessInitializeOnLoadMethodAttributes (93ms)
			AfterProcessingInitializeOnLoad (3ms)
			EditorAssembliesLoaded (0ms)
		ExecutionOrderSort2 (0ms)
		AwakeInstancesAfterBackupRestoration (21ms)
Refreshing native plugins compatible for Editor in 0.78 ms, found 3 plugins.
Preloading 0 native plugins for Editor in 0.00 ms.
Unloading 16 Unused Serialized files (Serialized files now loaded: 0)
Unloading 6182 unused Assets / (4.2 MB). Loaded Objects now: 7131.
Memory consumption went from 156.5 MB to 152.2 MB.
Total: 9.936700 ms (FindLiveObjects: 0.960400 ms CreateObjectMapping: 1.361100 ms MarkObjects: 5.071100 ms  DeleteObjects: 2.543000 ms)

Prepare: number of updated asset objects reloaded= 0
========================================================================
Received Prepare
Begin MonoManager ReloadAssembly
[Licensing::Client] Successfully resolved entitlement details
- Loaded All Assemblies, in  0.861 seconds
Refreshing native plugins compatible for Editor in 0.86 ms, found 3 plugins.
Native extension for iOS target not found
Native extension for Android target not found
Native extension for WindowsStandalone target not found
Native extension for OSXStandalone target not found
[Package Manager] Failed to launch server process. Reason: Unity was launched with the -noUpm command-line argument
[Package Manager] Unable to send message (not connected to server process).
[Package Manager] Cannot connect to Unity Package Manager local server
[Package Manager] Failed to launch server process. Reason: Unity was launched with the -noUpm command-line argument
[Package Manager] Unable to send message (not connected to server process).
[Package Manager] Cannot connect to Unity Package Manager local server
ScheduleIndexationOnStartup MainProcess:False IndexOnStartup:True
Mono: successfully reloaded assembly
- Finished resetting the current domain, in  0.791 seconds
Domain Reload Profiling: 1656ms
	BeginReloadAssembly (241ms)
		ExecutionOrderSort (0ms)
		DisableScriptedObjects (10ms)
		BackupInstance (0ms)
		ReleaseScriptingObjects (0ms)
		CreateAndSetChildDomain (50ms)
	RebuildCommonClasses (63ms)
	RebuildNativeTypeToScriptingClass (19ms)
	initialDomainReloadingComplete (31ms)
	LoadAllAssembliesAndSetupDomain (510ms)
		LoadAssemblies (379ms)
		RebuildTransferFunctionScriptingTraits (0ms)
		AnalyzeDomain (242ms)
			TypeCache.Refresh (9ms)
				TypeCache.ScanAssembly (0ms)
			BuildScriptInfoCaches (210ms)
			ResolveRequiredComponents (18ms)
	FinalizeReload (792ms)
		ReleaseScriptCaches (0ms)
		RebuildScriptCaches (0ms)
		SetupLoadedEditorAssemblies (599ms)
			LogAssemblyErrors (0ms)
			InitializePlatformSupportModulesInManaged (12ms)
			SetLoadedEditorAssemblies (5ms)
			BeforeProcessingInitializeOnLoad (147ms)
			ProcessInitializeOnLoadAttributes (356ms)
			ProcessInitializeOnLoadMethodAttributes (77ms)
			AfterProcessingInitializeOnLoad (3ms)
			EditorAssembliesLoaded (0ms)
		ExecutionOrderSort2 (0ms)
		AwakeInstancesAfterBackupRestoration (19ms)
Refreshing native plugins compatible for Editor in 0.94 ms, found 3 plugins.
Preloading 0 native plugins for Editor in 0.00 ms.
Unloading 16 Unused Serialized files (Serialized files now loaded: 0)
Unloading 6182 unused Assets / (4.3 MB). Loaded Objects now: 7134.
Memory consumption went from 156.5 MB to 152.2 MB.
Total: 9.795300 ms (FindLiveObjects: 0.839600 ms CreateObjectMapping: 1.340400 ms MarkObjects: 4.923700 ms  DeleteObjects: 2.690700 ms)

Prepare: number of updated asset objects reloaded= 0
========================================================================
Received Import Request.
  Time since last request: 379.344939 seconds.
  path: Assets/Scenes/SampleScene.unity
  artifactKey: Guid(99c9720ab356a0642a771bea13969a05) Importer(2089858483,b0f066a214c2f5e87bad3c948f4d605d)
Start importing Assets/Scenes/SampleScene.unity using Guid(99c9720ab356a0642a771bea13969a05) Importer(2089858483,b0f066a214c2f5e87bad3c948f4d605d) (ScriptedImporter) -> (artifact id: 'c46cf490ba85dc1be17540fd428f81e4') in 0.1340183 seconds
Number of updated asset objects reloaded before import = 0Number of asset objects unloaded after import = 1

========================================================================
Received Import Request.
  Time since last request: 0.000031 seconds.
  path: Assets/UI/Menu.uxml
  artifactKey: Guid(3dfeef943f6a3804cadeacfeb858469b) Importer(2089858483,b0f066a214c2f5e87bad3c948f4d605d)
Start importing Assets/UI/Menu.uxml using Guid(3dfeef943f6a3804cadeacfeb858469b) Importer(2089858483,b0f066a214c2f5e87bad3c948f4d605d) (ScriptedImporter) -> (artifact id: 'd5e08c32b35366b6666f389fdf79e8fe') in 0.1371355 seconds
Number of updated asset objects reloaded before import = 0Number of asset objects unloaded after import = 5

========================================================================
Received Import Request.
  Time since last request: 0.000029 seconds.
  path: Assets/UI/Menu.uss
  artifactKey: Guid(38a06a499f722df4a8498e479b625db7) Importer(2089858483,b0f066a214c2f5e87bad3c948f4d605d)
Start importing Assets/UI/Menu.uss using Guid(38a06a499f722df4a8498e479b625db7) Importer(2089858483,b0f066a214c2f5e87bad3c948f4d605d) (ScriptedImporter) -> (artifact id: '44283a794c8ad445a50cee620043fe1d') in 0.0295382 seconds
Number of updated asset objects reloaded before import = 0Number of asset objects unloaded after import = 3

========================================================================
Received Import Request.
  Time since last request: 0.000016 seconds.
  path: Assets/UI Toolkit/UnityThemes/UnityDefaultRuntimeTheme.tss
  artifactKey: Guid(ef4e4d5a9b0926b43a8d646a50b1ace1) Importer(2089858483,b0f066a214c2f5e87bad3c948f4d605d)
Start importing Assets/UI Toolkit/UnityThemes/UnityDefaultRuntimeTheme.tss using Guid(ef4e4d5a9b0926b43a8d646a50b1ace1) Importer(2089858483,b0f066a214c2f5e87bad3c948f4d605d) (ScriptedImporter) -> (artifact id: '9c7a50e02b563dc43e25155b2ae1aba2') in 0.0697124 seconds
Number of updated asset objects reloaded before import = 0Number of asset objects unloaded after import = 28

========================================================================
Received Import Request.
  Time since last request: 15.120869 seconds.
  path: Assets/Settings/Mobile_RPAsset.asset
  artifactKey: Guid(5e6cbd92db86f4b18aec3ed561671858) Importer(815301076,1909f56bfc062723c751e8b465ee728b)
Start importing Assets/Settings/Mobile_RPAsset.asset using Guid(5e6cbd92db86f4b18aec3ed561671858) Importer(815301076,1909f56bfc062723c751e8b465ee728b) (PreviewImporter) -> (artifact id: '4f72d667b303dfb429e5dcf2797d7d7c') in 0.0229809 seconds
Number of updated asset objects reloaded before import = 0Number of asset objects unloaded after import = 2

========================================================================
Received Import Request.
  Time since last request: 11.938252 seconds.
  path: Assets/Assets/KayKit_ResourceBits_1.0_FREE/Assets/fbx/Copper_Bars.fbx
  artifactKey: Guid(4e1fdc41d96f1524597bb7a8e6862479) Importer(815301076,1909f56bfc062723c751e8b465ee728b)
Start importing Assets/Assets/KayKit_ResourceBits_1.0_FREE/Assets/fbx/Copper_Bars.fbx using Guid(4e1fdc41d96f1524597bb7a8e6862479) Importer(815301076,1909f56bfc062723c751e8b465ee728b) (PreviewImporter) -> (artifact id: 'c4694a8318c011346b3be10933886aeb') in 0.6325108 seconds
Number of updated asset objects reloaded before import = 0Number of asset objects unloaded after import = 9

========================================================================
Received Import Request.
  Time since last request: 0.000049 seconds.
  path: Assets/Assets/KayKit_ResourceBits_1.0_FREE/Assets/fbx/Copper_Nugget_Large.fbx
  artifactKey: Guid(9816970a1343a164a875dca18429b1a3) Importer(815301076,1909f56bfc062723c751e8b465ee728b)
Start importing Assets/Assets/KayKit_ResourceBits_1.0_FREE/Assets/fbx/Copper_Nugget_Large.fbx using Guid(9816970a1343a164a875dca18429b1a3) Importer(815301076,1909f56bfc062723c751e8b465ee728b) (PreviewImporter) -> (artifact id: 'e6ceed6367f80bc1535b07c85ac367a5') in 0.0301157 seconds
Number of updated asset objects reloaded before import = 0Number of asset objects unloaded after import = 9

========================================================================
Received Import Request.
  Time since last request: 13.482364 seconds.
  path: Assets/Assets/KayKit_ResourceBits_1.0_FREE/Assets/obj/Iron_Bars_Stack_Small.obj
  artifactKey: Guid(e954c46a18bf17f4491be511c4d69324) Importer(815301076,1909f56bfc062723c751e8b465ee728b)
Start importing Assets/Assets/KayKit_ResourceBits_1.0_FREE/Assets/obj/Iron_Bars_Stack_Small.obj using Guid(e954c46a18bf17f4491be511c4d69324) Importer(815301076,1909f56bfc062723c751e8b465ee728b) (PreviewImporter) -> (artifact id: 'cac460af8f27be305b21ca49b29091a5') in 0.0385588 seconds
Number of updated asset objects reloaded before import = 0Number of asset objects unloaded after import = 11

========================================================================
Received Import Request.
  Time since last request: 0.000024 seconds.
  path: Assets/Assets/KayKit_ResourceBits_1.0_FREE/Assets/obj/Iron_Nugget_Medium.obj
  artifactKey: Guid(4d3887e9f07b33a4cb4255941bd87bc5) Importer(815301076,1909f56bfc062723c751e8b465ee728b)
Start importing Assets/Assets/KayKit_ResourceBits_1.0_FREE/Assets/obj/Iron_Nugget_Medium.obj using Guid(4d3887e9f07b33a4cb4255941bd87bc5) Importer(815301076,1909f56bfc062723c751e8b465ee728b) (PreviewImporter) -> (artifact id: '3adf49c8f103d18c2aa476d9b4374374') in 0.0360973 seconds
Number of updated asset objects reloaded before import = 0Number of asset objects unloaded after import = 11

========================================================================
Received Import Request.
  Time since last request: 55.141400 seconds.
  path: Assets/Assets/KayKit_Forest_Nature_Pack_1.0_FREE/Assets/gltf/Bush_3_B_Color1.gltf
  artifactKey: Guid(08fd5e03a8a6cd746bb793ba761b536a) Importer(2089858483,b0f066a214c2f5e87bad3c948f4d605d)
Start importing Assets/Assets/KayKit_Forest_Nature_Pack_1.0_FREE/Assets/gltf/Bush_3_B_Color1.gltf using Guid(08fd5e03a8a6cd746bb793ba761b536a) Importer(2089858483,b0f066a214c2f5e87bad3c948f4d605d) (ScriptedImporter) -> (artifact id: 'baccd1744aa4c50f591bf5d755775ace') in 0.0111943 seconds
Number of updated asset objects reloaded before import = 0Number of asset objects unloaded after import = 1

========================================================================
Received Import Request.
  Time since last request: 0.000029 seconds.
  path: Assets/Assets/KayKit_Forest_Nature_Pack_1.0_FREE/Assets/gltf/Bush_4_E_Color1.bin
  artifactKey: Guid(dd067132d39a9e54499c29256c5f799f) Importer(2089858483,b0f066a214c2f5e87bad3c948f4d605d)
Start importing Assets/Assets/KayKit_Forest_Nature_Pack_1.0_FREE/Assets/gltf/Bush_4_E_Color1.bin using Guid(dd067132d39a9e54499c29256c5f799f) Importer(2089858483,b0f066a214c2f5e87bad3c948f4d605d) (ScriptedImporter) -> (artifact id: '258bb806f49629a7867fb2332060255b') in 0.0098658 seconds
Number of updated asset objects reloaded before import = 0Number of asset objects unloaded after import = 1

========================================================================
Received Import Request.
  Time since last request: 0.000059 seconds.
  path: Assets/Assets/KayKit_Forest_Nature_Pack_1.0_FREE/Assets/gltf/Rock_1_O_Color1.gltf
  artifactKey: Guid(6ba596675f0a9a84fbf768fcdd52f901) Importer(2089858483,b0f066a214c2f5e87bad3c948f4d605d)
Start importing Assets/Assets/KayKit_Forest_Nature_Pack_1.0_FREE/Assets/gltf/Rock_1_O_Color1.gltf using Guid(6ba596675f0a9a84fbf768fcdd52f901) Importer(2089858483,b0f066a214c2f5e87bad3c948f4d605d) (ScriptedImporter) -> (artifact id: 'ac30335d22e3be043c3b58f2231035f2') in 0.0100143 seconds
Number of updated asset objects reloaded before import = 0Number of asset objects unloaded after import = 1

========================================================================
Received Import Request.
  Time since last request: 0.000023 seconds.
  path: Assets/Assets/KayKit_Forest_Nature_Pack_1.0_FREE/Assets/gltf/Grass_2_SingleSided_Mesh.gltf
  artifactKey: Guid(fef0e850e4116d040ba7de8dc27bd679) Importer(2089858483,b0f066a214c2f5e87bad3c948f4d605d)
Start importing Assets/Assets/KayKit_Forest_Nature_Pack_1.0_FREE/Assets/gltf/Grass_2_SingleSided_Mesh.gltf using Guid(fef0e850e4116d040ba7de8dc27bd679) Importer(2089858483,b0f066a214c2f5e87bad3c948f4d605d) (ScriptedImporter) -> (artifact id: '064f62d9071495433453ae198854446b') in 0.0122505 seconds
Number of updated asset objects reloaded before import = 0Number of asset objects unloaded after import = 1

========================================================================
Received Import Request.
  Time since last request: 0.000031 seconds.
  path: Assets/Assets/KayKit_Forest_Nature_Pack_1.0_FREE/Assets/gltf/Rock_3_G_Color1.gltf
  artifactKey: Guid(2002a161da3a4c946bee22f69f7763b2) Importer(2089858483,b0f066a214c2f5e87bad3c948f4d605d)
Start importing Assets/Assets/KayKit_Forest_Nature_Pack_1.0_FREE/Assets/gltf/Rock_3_G_Color1.gltf using Guid(2002a161da3a4c946bee22f69f7763b2) Importer(2089858483,b0f066a214c2f5e87bad3c948f4d605d) (ScriptedImporter) -> (artifact id: '6cde36f59dae2a612398edfe308f188c') in 0.0128772 seconds
Number of updated asset objects reloaded before import = 0Number of asset objects unloaded after import = 1

========================================================================
Received Import Request.
  Time since last request: 0.000032 seconds.
  path: Assets/Assets/KayKit_Forest_Nature_Pack_1.0_FREE/Assets/fbx(unity)/Rock_3_J_Color1.fbx
  artifactKey: Guid(c8de356afa1ca554b89350c9fe2a1c81) Importer(2089858483,b0f066a214c2f5e87bad3c948f4d605d)
Start importing Assets/Assets/KayKit_Forest_Nature_Pack_1.0_FREE/Assets/fbx(unity)/Rock_3_J_Color1.fbx using Guid(c8de356afa1ca554b89350c9fe2a1c81) Importer(2089858483,b0f066a214c2f5e87bad3c948f4d605d) (ScriptedImporter) -> (artifact id: '6a47157c36fb1a1575b516cde8cb9a93') in 0.0880323 seconds
Number of updated asset objects reloaded before import = 0Number of asset objects unloaded after import = 9

========================================================================
Received Import Request.
  Time since last request: 0.000062 seconds.
  path: Assets/Assets/KayKit_Forest_Nature_Pack_1.0_FREE/Assets/obj/Bush_2_C_Color1.obj
  artifactKey: Guid(617ff88912754bb43ab04c4608af4864) Importer(2089858483,b0f066a214c2f5e87bad3c948f4d605d)
Start importing Assets/Assets/KayKit_Forest_Nature_Pack_1.0_FREE/Assets/obj/Bush_2_C_Color1.obj using Guid(617ff88912754bb43ab04c4608af4864) Importer(2089858483,b0f066a214c2f5e87bad3c948f4d605d) (ScriptedImporter) -> (artifact id: '0ce65883daf063786ffe98d099dafe64') in 0.0222001 seconds
Number of updated asset objects reloaded before import = 0Number of asset objects unloaded after import = 11

========================================================================
Received Import Request.
  Time since last request: 0.000041 seconds.
  path: Assets/Assets/KayKit_Forest_Nature_Pack_1.0_FREE/Assets/obj/Rock_1_E_Color1.obj
  artifactKey: Guid(185891a5b16ce9c45a9b9848852f4ea2) Importer(2089858483,b0f066a214c2f5e87bad3c948f4d605d)
Start importing Assets/Assets/KayKit_Forest_Nature_Pack_1.0_FREE/Assets/obj/Rock_1_E_Color1.obj using Guid(185891a5b16ce9c45a9b9848852f4ea2) Importer(2089858483,b0f066a214c2f5e87bad3c948f4d605d) (ScriptedImporter) -> (artifact id: 'c3904d745c263ca898dab24a27845c69') in 0.0199122 seconds
Number of updated asset objects reloaded before import = 0Number of asset objects unloaded after import = 11

========================================================================
Received Import Request.
  Time since last request: 0.000031 seconds.
  path: Assets/Assets/KayKit_Forest_Nature_Pack_1.0_FREE/Assets/fbx/Bush_4_D_Color1.fbx
  artifactKey: Guid(549b8da30b15b6841a522d25e77a9d8f) Importer(2089858483,b0f066a214c2f5e87bad3c948f4d605d)
Start importing Assets/Assets/KayKit_Forest_Nature_Pack_1.0_FREE/Assets/fbx/Bush_4_D_Color1.fbx using Guid(549b8da30b15b6841a522d25e77a9d8f) Importer(2089858483,b0f066a214c2f5e87bad3c948f4d605d) (ScriptedImporter) -> (artifact id: '3dbae6b1c9b76b8375131281e117e337') in 0.0524946 seconds
Number of updated asset objects reloaded before import = 0Number of asset objects unloaded after import = 9

========================================================================
Received Import Request.
  Time since last request: 0.000032 seconds.
  path: Assets/Assets/KayKit_Forest_Nature_Pack_1.0_FREE/Assets/obj/Rock_3_N_Color1.obj
  artifactKey: Guid(896fa9e1c2e73c848b2e31892bc2675b) Importer(2089858483,b0f066a214c2f5e87bad3c948f4d605d)
Start importing Assets/Assets/KayKit_Forest_Nature_Pack_1.0_FREE/Assets/obj/Rock_3_N_Color1.obj using Guid(896fa9e1c2e73c848b2e31892bc2675b) Importer(2089858483,b0f066a214c2f5e87bad3c948f4d605d) (ScriptedImporter) -> (artifact id: '5032b8c0abaf5c7fa8f2ce219c5de196') in 0.018565 seconds
Number of updated asset objects reloaded before import = 0Number of asset objects unloaded after import = 11

========================================================================
Received Import Request.
  Time since last request: 0.000029 seconds.
  path: Assets/Assets/KayKit_Forest_Nature_Pack_1.0_FREE/Assets/fbx(unity)/Rock_3_K_Color1.fbx
  artifactKey: Guid(14ddc8fb5c72ede4ea8d460e7faddc42) Importer(2089858483,b0f066a214c2f5e87bad3c948f4d605d)
Start importing Assets/Assets/KayKit_Forest_Nature_Pack_1.0_FREE/Assets/fbx(unity)/Rock_3_K_Color1.fbx using Guid(14ddc8fb5c72ede4ea8d460e7faddc42) Importer(2089858483,b0f066a214c2f5e87bad3c948f4d605d) (ScriptedImporter) -> (artifact id: '81f5f4709abc117641e4d17015aed79c') in 0.0240797 seconds
Number of updated asset objects reloaded before import = 0Number of asset objects unloaded after import = 9

========================================================================
Received Import Request.
  Time since last request: 0.000036 seconds.
  path: Assets/Assets/KayKit_Forest_Nature_Pack_1.0_FREE/Assets/fbx(unity)/Tree_2_D_Color1.fbx
  artifactKey: Guid(da2d7d40a99d28c4087b845aab7b40c1) Importer(2089858483,b0f066a214c2f5e87bad3c948f4d605d)
Start importing Assets/Assets/KayKit_Forest_Nature_Pack_1.0_FREE/Assets/fbx(unity)/Tree_2_D_Color1.fbx using Guid(da2d7d40a99d28c4087b845aab7b40c1) Importer(2089858483,b0f066a214c2f5e87bad3c948f4d605d) (ScriptedImporter) -> (artifact id: 'd7da5628e2aee679ec1e6504edeb28b7') in 0.021263 seconds
Number of updated asset objects reloaded before import = 0Number of asset objects unloaded after import = 9

========================================================================
Received Import Request.
  Time since last request: 0.000025 seconds.
  path: Assets/Assets/KayKit_Forest_Nature_Pack_1.0_FREE/Assets/obj/Grass_2_SingleSided_Mesh.obj
  artifactKey: Guid(1ae5ac7d838478d4b90957ecc1ef813e) Importer(2089858483,b0f066a214c2f5e87bad3c948f4d605d)
Start importing Assets/Assets/KayKit_Forest_Nature_Pack_1.0_FREE/Assets/obj/Grass_2_SingleSided_Mesh.obj using Guid(1ae5ac7d838478d4b90957ecc1ef813e) Importer(2089858483,b0f066a214c2f5e87bad3c948f4d605d) (ScriptedImporter) -> (artifact id: '8a73fa3f342c75a4241c582f4969f904') in 0.0207858 seconds
Number of updated asset objects reloaded before import = 0Number of asset objects unloaded after import = 10

========================================================================
Received Import Request.
  Time since last request: 0.000032 seconds.
  path: Assets/Assets/KayKit_Forest_Nature_Pack_1.0_FREE/Assets/gltf/Grass_1_D_Color1.bin
  artifactKey: Guid(8c25a8e570fbea643bf1720528284fae) Importer(2089858483,b0f066a214c2f5e87bad3c948f4d605d)
Start importing Assets/Assets/KayKit_Forest_Nature_Pack_1.0_FREE/Assets/gltf/Grass_1_D_Color1.bin using Guid(8c25a8e570fbea643bf1720528284fae) Importer(2089858483,b0f066a214c2f5e87bad3c948f4d605d) (ScriptedImporter) -> (artifact id: '131158a3fee504842324b9c09ba4f893') in 0.0137004 seconds
Number of updated asset objects reloaded before import = 0Number of asset objects unloaded after import = 1

========================================================================
Received Import Request.
  Time since last request: 0.000027 seconds.
  path: Assets/Assets/KayKit_Forest_Nature_Pack_1.0_FREE/Assets/fbx/Tree_2_A_Color1.fbx
  artifactKey: Guid(319c883e658852b4ab67ac92d7b8b440) Importer(2089858483,b0f066a214c2f5e87bad3c948f4d605d)
Start importing Assets/Assets/KayKit_Forest_Nature_Pack_1.0_FREE/Assets/fbx/Tree_2_A_Color1.fbx using Guid(319c883e658852b4ab67ac92d7b8b440) Importer(2089858483,b0f066a214c2f5e87bad3c948f4d605d) (ScriptedImporter) -> (artifact id: 'b2db470f57bf9ce31cf4584a6e982ad4') in 0.0235693 seconds
Number of updated asset objects reloaded before import = 0Number of asset objects unloaded after import = 9

========================================================================
Received Import Request.
  Time since last request: 0.000026 seconds.
  path: Assets/Assets/KayKit_Forest_Nature_Pack_1.0_FREE/Assets/fbx/Bush_2_F_Color1.fbx
  artifactKey: Guid(4efefea9bd9bc80459024bdc51c02721) Importer(2089858483,b0f066a214c2f5e87bad3c948f4d605d)
Start importing Assets/Assets/KayKit_Forest_Nature_Pack_1.0_FREE/Assets/fbx/Bush_2_F_Color1.fbx using Guid(4efefea9bd9bc80459024bdc51c02721) Importer(2089858483,b0f066a214c2f5e87bad3c948f4d605d) (ScriptedImporter) -> (artifact id: '21e53e826bf1973fba62597e7ebc820b') in 0.0240259 seconds
Number of updated asset objects reloaded before import = 0Number of asset objects unloaded after import = 9

========================================================================
Received Import Request.
  Time since last request: 0.000041 seconds.
  path: Assets/Assets/KayKit_Forest_Nature_Pack_1.0_FREE/Assets/fbx/Grass_1_C_Singlesided_Color1.fbx
  artifactKey: Guid(ab59b678932460243811f2d0b1223461) Importer(2089858483,b0f066a214c2f5e87bad3c948f4d605d)
Start importing Assets/Assets/KayKit_Forest_Nature_Pack_1.0_FREE/Assets/fbx/Grass_1_C_Singlesided_Color1.fbx using Guid(ab59b678932460243811f2d0b1223461) Importer(2089858483,b0f066a214c2f5e87bad3c948f4d605d) (ScriptedImporter) -> (artifact id: 'a008a8bb39a96ca5c0f6ded1fcb04a8d') in 0.0212914 seconds
Number of updated asset objects reloaded before import = 0Number of asset objects unloaded after import = 9

========================================================================
Received Import Request.
  Time since last request: 0.000023 seconds.
  path: Assets/Assets/KayKit_Forest_Nature_Pack_1.0_FREE/Assets/obj/Rock_2_H_Color1.mtl
  artifactKey: Guid(8f2bde6a0ac5acf46ab26bb85d07af59) Importer(2089858483,b0f066a214c2f5e87bad3c948f4d605d)
Start importing Assets/Assets/KayKit_Forest_Nature_Pack_1.0_FREE/Assets/obj/Rock_2_H_Color1.mtl using Guid(8f2bde6a0ac5acf46ab26bb85d07af59) Importer(2089858483,b0f066a214c2f5e87bad3c948f4d605d) (ScriptedImporter) -> (artifact id: 'ee31df5c6eae472cde8895d52acef2fc') in 0.0105666 seconds
Number of updated asset objects reloaded before import = 0Number of asset objects unloaded after import = 1

========================================================================
Received Import Request.
  Time since last request: 0.000025 seconds.
  path: Assets/Assets/KayKit_Forest_Nature_Pack_1.0_FREE/Assets/obj/Tree_Bare_1_A_Color1.mtl
  artifactKey: Guid(31ed3a38246513641bbd5b3785d9f5f2) Importer(2089858483,b0f066a214c2f5e87bad3c948f4d605d)
Start importing Assets/Assets/KayKit_Forest_Nature_Pack_1.0_FREE/Assets/obj/Tree_Bare_1_A_Color1.mtl using Guid(31ed3a38246513641bbd5b3785d9f5f2) Importer(2089858483,b0f066a214c2f5e87bad3c948f4d605d) (ScriptedImporter) -> (artifact id: 'fe0ddb1488ad89ebc6cff8fefd7fda7a') in 0.0121198 seconds
Number of updated asset objects reloaded before import = 0Number of asset objects unloaded after import = 1

========================================================================
Received Import Request.
  Time since last request: 0.000031 seconds.
  path: Assets/Assets/KayKit_Forest_Nature_Pack_1.0_FREE/Assets/fbx(unity)/Rock_1_G_Color1.fbx
  artifactKey: Guid(140261482c2087e47ae49923e22fa263) Importer(2089858483,b0f066a214c2f5e87bad3c948f4d605d)
Start importing Assets/Assets/KayKit_Forest_Nature_Pack_1.0_FREE/Assets/fbx(unity)/Rock_1_G_Color1.fbx using Guid(140261482c2087e47ae49923e22fa263) Importer(2089858483,b0f066a214c2f5e87bad3c948f4d605d) (ScriptedImporter) -> (artifact id: '93fb3bd36aa03f88297f850fd7fc035d') in 0.0219159 seconds
Number of updated asset objects reloaded before import = 0Number of asset objects unloaded after import = 9

========================================================================
Received Import Request.
  Time since last request: 0.000037 seconds.
  path: Assets/Assets/KayKit_Forest_Nature_Pack_1.0_FREE/Assets/fbx/Rock_3_M_Color1.fbx
  artifactKey: Guid(62b18dd4d5f9217479e64c2c9233ca0c) Importer(2089858483,b0f066a214c2f5e87bad3c948f4d605d)
Start importing Assets/Assets/KayKit_Forest_Nature_Pack_1.0_FREE/Assets/fbx/Rock_3_M_Color1.fbx using Guid(62b18dd4d5f9217479e64c2c9233ca0c) Importer(2089858483,b0f066a214c2f5e87bad3c948f4d605d) (ScriptedImporter) -> (artifact id: '63dd50469e77c27bed7f961216a940d5') in 0.0255325 seconds
Number of updated asset objects reloaded before import = 0Number of asset objects unloaded after import = 9

========================================================================
Received Import Request.
  Time since last request: 0.000036 seconds.
  path: Assets/Assets/KayKit_Forest_Nature_Pack_1.0_FREE/Assets/fbx(unity)/Tree_1_C_Color1.fbx
  artifactKey: Guid(e3258967118267147936353a8cedb4c2) Importer(2089858483,b0f066a214c2f5e87bad3c948f4d605d)
Start importing Assets/Assets/KayKit_Forest_Nature_Pack_1.0_FREE/Assets/fbx(unity)/Tree_1_C_Color1.fbx using Guid(e3258967118267147936353a8cedb4c2) Importer(2089858483,b0f066a214c2f5e87bad3c948f4d605d) (ScriptedImporter) -> (artifact id: '53e39f36b4b1174411d1455ad64191ef') in 0.0227019 seconds
Number of updated asset objects reloaded before import = 0Number of asset objects unloaded after import = 9

========================================================================
Received Import Request.
  Time since last request: 0.000029 seconds.
  path: Assets/Assets/KayKit_Forest_Nature_Pack_1.0_FREE/Assets/obj/Rock_1_H_Color1.mtl
  artifactKey: Guid(3c24fb19f424bf7459507b26f3043ae7) Importer(2089858483,b0f066a214c2f5e87bad3c948f4d605d)
Start importing Assets/Assets/KayKit_Forest_Nature_Pack_1.0_FREE/Assets/obj/Rock_1_H_Color1.mtl using Guid(3c24fb19f424bf7459507b26f3043ae7) Importer(2089858483,b0f066a214c2f5e87bad3c948f4d605d) (ScriptedImporter) -> (artifact id: '5232e23d3bb093161351730fb3f4573f') in 0.0112014 seconds
Number of updated asset objects reloaded before import = 0Number of asset objects unloaded after import = 1

========================================================================
Received Import Request.
  Time since last request: 0.000032 seconds.
  path: Assets/Assets/KayKit_Forest_Nature_Pack_1.0_FREE/Assets/obj/Tree_2_D_Color1.obj
  artifactKey: Guid(c6708fb9e739ec3479ce8adaadb0ab6e) Importer(2089858483,b0f066a214c2f5e87bad3c948f4d605d)
Start importing Assets/Assets/KayKit_Forest_Nature_Pack_1.0_FREE/Assets/obj/Tree_2_D_Color1.obj using Guid(c6708fb9e739ec3479ce8adaadb0ab6e) Importer(2089858483,b0f066a214c2f5e87bad3c948f4d605d) (ScriptedImporter) -> (artifact id: 'bfdd07a90db150179db9a4609b30eed3') in 0.0186344 seconds
Number of updated asset objects reloaded before import = 0Number of asset objects unloaded after import = 11

========================================================================
Received Import Request.
  Time since last request: 0.000024 seconds.
  path: Assets/Assets/KayKit_Forest_Nature_Pack_1.0_FREE/Assets/fbx/Rock_3_R_Color1.fbx
  artifactKey: Guid(0d63608f24c914c478f398720ef340e7) Importer(2089858483,b0f066a214c2f5e87bad3c948f4d605d)
Start importing Assets/Assets/KayKit_Forest_Nature_Pack_1.0_FREE/Assets/fbx/Rock_3_R_Color1.fbx using Guid(0d63608f24c914c478f398720ef340e7) Importer(2089858483,b0f066a214c2f5e87bad3c948f4d605d) (ScriptedImporter) -> (artifact id: 'b1465875bc5b2f4d8380b9fb5d18b3c9') in 0.0263196 seconds
Number of updated asset objects reloaded before import = 0Number of asset objects unloaded after import = 9

========================================================================
Received Import Request.
  Time since last request: 0.000032 seconds.
  path: Assets/Assets/KayKit_Forest_Nature_Pack_1.0_FREE/Assets/gltf/Bush_3_A_Color1.bin
  artifactKey: Guid(5786eb816a2c7a14f8b24d0330f89a31) Importer(2089858483,b0f066a214c2f5e87bad3c948f4d605d)
Start importing Assets/Assets/KayKit_Forest_Nature_Pack_1.0_FREE/Assets/gltf/Bush_3_A_Color1.bin using Guid(5786eb816a2c7a14f8b24d0330f89a31) Importer(2089858483,b0f066a214c2f5e87bad3c948f4d605d) (ScriptedImporter) -> (artifact id: 'ba936322eb6e5c627fbfaee7cc2dfad2') in 0.0104892 seconds
Number of updated asset objects reloaded before import = 0Number of asset objects unloaded after import = 1

========================================================================
Received Import Request.
  Time since last request: 0.000055 seconds.
  path: Assets/Assets/KayKit_Forest_Nature_Pack_1.0_FREE/Assets/obj/Rock_2_D_Color1.mtl
  artifactKey: Guid(d49185fd2ff0089489ce5494ffc4071e) Importer(2089858483,b0f066a214c2f5e87bad3c948f4d605d)
Start importing Assets/Assets/KayKit_Forest_Nature_Pack_1.0_FREE/Assets/obj/Rock_2_D_Color1.mtl using Guid(d49185fd2ff0089489ce5494ffc4071e) Importer(2089858483,b0f066a214c2f5e87bad3c948f4d605d) (ScriptedImporter) -> (artifact id: '1c011d081d98d0ed56bc127ed58ac721') in 0.0098105 seconds
Number of updated asset objects reloaded before import = 0Number of asset objects unloaded after import = 1

========================================================================
Received Import Request.
  Time since last request: 0.000023 seconds.
  path: Assets/Assets/KayKit_Forest_Nature_Pack_1.0_FREE/Assets/fbx/Rock_2_H_Color1.fbx
  artifactKey: Guid(8614f9cfdc67cab4e8192b4a2a54cdf1) Importer(2089858483,b0f066a214c2f5e87bad3c948f4d605d)
Start importing Assets/Assets/KayKit_Forest_Nature_Pack_1.0_FREE/Assets/fbx/Rock_2_H_Color1.fbx using Guid(8614f9cfdc67cab4e8192b4a2a54cdf1) Importer(2089858483,b0f066a214c2f5e87bad3c948f4d605d) (ScriptedImporter) -> (artifact id: 'b2b85e7dfedf67b64959b1386f93df8e') in 0.021873 seconds
Number of updated asset objects reloaded before import = 0Number of asset objects unloaded after import = 9

========================================================================
Received Import Request.
  Time since last request: 0.000029 seconds.
  path: Assets/Assets/KayKit_Forest_Nature_Pack_1.0_FREE/contents.png
  artifactKey: Guid(d3612ebf4d92fee4285479431f540379) Importer(2089858483,b0f066a214c2f5e87bad3c948f4d605d)
Start importing Assets/Assets/KayKit_Forest_Nature_Pack_1.0_FREE/contents.png using Guid(d3612ebf4d92fee4285479431f540379) Importer(2089858483,b0f066a214c2f5e87bad3c948f4d605d) (ScriptedImporter) -> (artifact id: '8df14719a3d79a394332c165f0c058ac') in 0.0486007 seconds
Number of updated asset objects reloaded before import = 0Number of asset objects unloaded after import = 1

========================================================================
Received Import Request.
  Time since last request: 0.000026 seconds.
  path: Assets/Assets/KayKit_Forest_Nature_Pack_1.0_FREE/Assets/obj/Rock_3_R_Color1.mtl
  artifactKey: Guid(709ab580cb925a94b864441011e8d273) Importer(2089858483,b0f066a214c2f5e87bad3c948f4d605d)
Start importing Assets/Assets/KayKit_Forest_Nature_Pack_1.0_FREE/Assets/obj/Rock_3_R_Color1.mtl using Guid(709ab580cb925a94b864441011e8d273) Importer(2089858483,b0f066a214c2f5e87bad3c948f4d605d) (ScriptedImporter) -> (artifact id: 'df3a403726698b43eb4e83d8c655bcb9') in 0.0115145 seconds
Number of updated asset objects reloaded before import = 0Number of asset objects unloaded after import = 1

========================================================================
Received Import Request.
  Time since last request: 0.000042 seconds.
  path: Assets/Assets/KayKit_Forest_Nature_Pack_1.0_FREE/Assets/obj/Bush_2_F_Color1.obj
  artifactKey: Guid(b54fdcc4e781a8c4c9d811dd1084747e) Importer(2089858483,b0f066a214c2f5e87bad3c948f4d605d)
Start importing Assets/Assets/KayKit_Forest_Nature_Pack_1.0_FREE/Assets/obj/Bush_2_F_Color1.obj using Guid(b54fdcc4e781a8c4c9d811dd1084747e) Importer(2089858483,b0f066a214c2f5e87bad3c948f4d605d) (ScriptedImporter) -> (artifact id: '9f818bdb7fedbc3b4b7d5e8cd1c20c6e') in 0.0217726 seconds
Number of updated asset objects reloaded before import = 0Number of asset objects unloaded after import = 11

========================================================================
Received Import Request.
  Time since last request: 0.000032 seconds.
  path: Assets/Assets/KayKit_Forest_Nature_Pack_1.0_FREE/Assets/gltf/Bush_2_F_Color1.gltf
  artifactKey: Guid(c4f8f0599852a3144a9fdf950e785ade) Importer(2089858483,b0f066a214c2f5e87bad3c948f4d605d)
Start importing Assets/Assets/KayKit_Forest_Nature_Pack_1.0_FREE/Assets/gltf/Bush_2_F_Color1.gltf using Guid(c4f8f0599852a3144a9fdf950e785ade) Importer(2089858483,b0f066a214c2f5e87bad3c948f4d605d) (ScriptedImporter) -> (artifact id: 'f4c4678696b3e14309cb1d08aa87aa7a') in 0.011953 seconds
Number of updated asset objects reloaded before import = 0Number of asset objects unloaded after import = 1

========================================================================
Received Import Request.
  Time since last request: 0.000024 seconds.
  path: Assets/Assets/KayKit_Forest_Nature_Pack_1.0_FREE/Assets/fbx/Grass_1_C_Color1.fbx
  artifactKey: Guid(9a913928a8efe8e4784c40b7c6f04358) Importer(2089858483,b0f066a214c2f5e87bad3c948f4d605d)
Start importing Assets/Assets/KayKit_Forest_Nature_Pack_1.0_FREE/Assets/fbx/Grass_1_C_Color1.fbx using Guid(9a913928a8efe8e4784c40b7c6f04358) Importer(2089858483,b0f066a214c2f5e87bad3c948f4d605d) (ScriptedImporter) -> (artifact id: '762802d13ee6605df63475c5bfeb5fcb') in 0.0247411 seconds
Number of updated asset objects reloaded before import = 0Number of asset objects unloaded after import = 9

========================================================================
Received Import Request.
  Time since last request: 0.000034 seconds.
  path: Assets/Assets/KayKit_Forest_Nature_Pack_1.0_FREE/Assets/fbx/Rock_3_F_Color1.fbx
  artifactKey: Guid(98665d4ce302cac4c92473a8510f6b14) Importer(2089858483,b0f066a214c2f5e87bad3c948f4d605d)
Start importing Assets/Assets/KayKit_Forest_Nature_Pack_1.0_FREE/Assets/fbx/Rock_3_F_Color1.fbx using Guid(98665d4ce302cac4c92473a8510f6b14) Importer(2089858483,b0f066a214c2f5e87bad3c948f4d605d) (ScriptedImporter) -> (artifact id: '0cc1269a0fe820a8b82fd4c6614495a2') in 0.0231795 seconds
Number of updated asset objects reloaded before import = 0Number of asset objects unloaded after import = 9

========================================================================
Received Import Request.
  Time since last request: 0.000036 seconds.
  path: Assets/Assets/KayKit_Forest_Nature_Pack_1.0_FREE/Assets/gltf/Tree_1_A_Color1.bin
  artifactKey: Guid(9666f6650e48fe94db0572ccab0f1ab7) Importer(2089858483,b0f066a214c2f5e87bad3c948f4d605d)
Start importing Assets/Assets/KayKit_Forest_Nature_Pack_1.0_FREE/Assets/gltf/Tree_1_A_Color1.bin using Guid(9666f6650e48fe94db0572ccab0f1ab7) Importer(2089858483,b0f066a214c2f5e87bad3c948f4d605d) (ScriptedImporter) -> (artifact id: 'ef63014ec67cbe16cced9f224bf08071') in 0.0110152 seconds
Number of updated asset objects reloaded before import = 0Number of asset objects unloaded after import = 1

========================================================================
Received Import Request.
  Time since last request: 0.000041 seconds.
  path: Assets/Assets/KayKit_Forest_Nature_Pack_1.0_FREE/Assets/obj/Bush_4_E_Color1.mtl
  artifactKey: Guid(c16668d433489f44a840e53809ec0f76) Importer(2089858483,b0f066a214c2f5e87bad3c948f4d605d)
Start importing Assets/Assets/KayKit_Forest_Nature_Pack_1.0_FREE/Assets/obj/Bush_4_E_Color1.mtl using Guid(c16668d433489f44a840e53809ec0f76) Importer(2089858483,b0f066a214c2f5e87bad3c948f4d605d) (ScriptedImporter) -> (artifact id: 'd27755764a50c5b45eb8e282a4be43d9') in 0.0120193 seconds
Number of updated asset objects reloaded before import = 0Number of asset objects unloaded after import = 1

========================================================================
Received Import Request.
  Time since last request: 0.000031 seconds.
  path: Assets/Assets/KayKit_Forest_Nature_Pack_1.0_FREE/Assets/obj/Grass_1_D_Color1.mtl
  artifactKey: Guid(e64d843a45e061847ac686b9d69f2efb) Importer(2089858483,b0f066a214c2f5e87bad3c948f4d605d)
Start importing Assets/Assets/KayKit_Forest_Nature_Pack_1.0_FREE/Assets/obj/Grass_1_D_Color1.mtl using Guid(e64d843a45e061847ac686b9d69f2efb) Importer(2089858483,b0f066a214c2f5e87bad3c948f4d605d) (ScriptedImporter) -> (artifact id: '4d8a12bb184a89d4f9854a83aea64ebd') in 0.011229 seconds
Number of updated asset objects reloaded before import = 0Number of asset objects unloaded after import = 1

========================================================================
Received Import Request.
  Time since last request: 0.000043 seconds.
  path: Assets/Assets/KayKit_Forest_Nature_Pack_1.0_FREE/Assets/fbx(unity)/Bush_2_B_Color1.fbx
  artifactKey: Guid(e136f69edef41044a95d5f97dfbae1aa) Importer(2089858483,b0f066a214c2f5e87bad3c948f4d605d)
Start importing Assets/Assets/KayKit_Forest_Nature_Pack_1.0_FREE/Assets/fbx(unity)/Bush_2_B_Color1.fbx using Guid(e136f69edef41044a95d5f97dfbae1aa) Importer(2089858483,b0f066a214c2f5e87bad3c948f4d605d) (ScriptedImporter) -> (artifact id: '8761a43d7b6885f51e7beff7f80078e1') in 0.023616 seconds
Number of updated asset objects reloaded before import = 0Number of asset objects unloaded after import = 9

========================================================================
Received Import Request.
  Time since last request: 0.000025 seconds.
  path: Assets/Assets/KayKit_Forest_Nature_Pack_1.0_FREE/Assets/gltf/Grass_2_Mesh.bin
  artifactKey: Guid(cb53179d0f27a6f40b8b73364e3856dc) Importer(2089858483,b0f066a214c2f5e87bad3c948f4d605d)
Start importing Assets/Assets/KayKit_Forest_Nature_Pack_1.0_FREE/Assets/gltf/Grass_2_Mesh.bin using Guid(cb53179d0f27a6f40b8b73364e3856dc) Importer(2089858483,b0f066a214c2f5e87bad3c948f4d605d) (ScriptedImporter) -> (artifact id: 'fc493a274d1b377387e0c912ac16010b') in 0.0112432 seconds
Number of updated asset objects reloaded before import = 0Number of asset objects unloaded after import = 1

========================================================================
Received Import Request.
  Time since last request: 0.000026 seconds.
  path: Assets/Assets/KayKit_Forest_Nature_Pack_1.0_FREE/Assets/gltf/Rock_3_A_Color1.bin
  artifactKey: Guid(5e006fc8736b2774b9ca854f38d693b1) Importer(2089858483,b0f066a214c2f5e87bad3c948f4d605d)
Start importing Assets/Assets/KayKit_Forest_Nature_Pack_1.0_FREE/Assets/gltf/Rock_3_A_Color1.bin using Guid(5e006fc8736b2774b9ca854f38d693b1) Importer(2089858483,b0f066a214c2f5e87bad3c948f4d605d) (ScriptedImporter) -> (artifact id: 'fbf0a6b0f31cf017ed992251b3f4cdf1') in 0.011926 seconds
Number of updated asset objects reloaded before import = 0Number of asset objects unloaded after import = 1

========================================================================
Received Import Request.
  Time since last request: 0.000034 seconds.
  path: Assets/Assets/KayKit_Forest_Nature_Pack_1.0_FREE/Assets/obj/Rock_1_O_Color1.obj
  artifactKey: Guid(cb256817435d3f94a93ae1fbfe4ce366) Importer(2089858483,b0f066a214c2f5e87bad3c948f4d605d)
Start importing Assets/Assets/KayKit_Forest_Nature_Pack_1.0_FREE/Assets/obj/Rock_1_O_Color1.obj using Guid(cb256817435d3f94a93ae1fbfe4ce366) Importer(2089858483,b0f066a214c2f5e87bad3c948f4d605d) (ScriptedImporter) -> (artifact id: 'cd51438615761f04ca90006cb51d56e9') in 0.0215748 seconds
Number of updated asset objects reloaded before import = 0Number of asset objects unloaded after import = 11

========================================================================
Received Import Request.
  Time since last request: 0.000031 seconds.
  path: Assets/Assets/KayKit_Forest_Nature_Pack_1.0_FREE/Assets/obj/Tree_2_D_Color1.mtl
  artifactKey: Guid(5b9c6ea5c43b89345ad7a0ec91d40289) Importer(2089858483,b0f066a214c2f5e87bad3c948f4d605d)
Start importing Assets/Assets/KayKit_Forest_Nature_Pack_1.0_FREE/Assets/obj/Tree_2_D_Color1.mtl using Guid(5b9c6ea5c43b89345ad7a0ec91d40289) Importer(2089858483,b0f066a214c2f5e87bad3c948f4d605d) (ScriptedImporter) -> (artifact id: '425dee62053a34b57190f4f1bac5c6bb') in 0.0117944 seconds
Number of updated asset objects reloaded before import = 0Number of asset objects unloaded after import = 1

========================================================================
Received Import Request.
  Time since last request: 0.000030 seconds.
  path: Assets/Assets/KayKit_Forest_Nature_Pack_1.0_FREE/Assets/obj/Bush_3_C_Color1.obj
  artifactKey: Guid(3e794a0c9e895364380f663ca50cea6c) Importer(2089858483,b0f066a214c2f5e87bad3c948f4d605d)
Start importing Assets/Assets/KayKit_Forest_Nature_Pack_1.0_FREE/Assets/obj/Bush_3_C_Color1.obj using Guid(3e794a0c9e895364380f663ca50cea6c) Importer(2089858483,b0f066a214c2f5e87bad3c948f4d605d) (ScriptedImporter) -> (artifact id: '735c8242212d26a5fda36161817f83fb') in 0.0224836 seconds
Number of updated asset objects reloaded before import = 0Number of asset objects unloaded after import = 11

========================================================================
Received Import Request.
  Time since last request: 0.000039 seconds.
  path: Assets/Assets/KayKit_Forest_Nature_Pack_1.0_FREE/Assets/fbx/Rock_2_E_Color1.fbx
  artifactKey: Guid(e63451581c4cd0b4eab5f686cc6184f2) Importer(2089858483,b0f066a214c2f5e87bad3c948f4d605d)
Start importing Assets/Assets/KayKit_Forest_Nature_Pack_1.0_FREE/Assets/fbx/Rock_2_E_Color1.fbx using Guid(e63451581c4cd0b4eab5f686cc6184f2) Importer(2089858483,b0f066a214c2f5e87bad3c948f4d605d) (ScriptedImporter) -> (artifact id: '36649ac1f0d44a1e23ba35360a214062') in 0.0228012 seconds
Number of updated asset objects reloaded before import = 0Number of asset objects unloaded after import = 9

========================================================================
Received Import Request.
  Time since last request: 0.000028 seconds.
  path: Assets/Assets/KayKit_Forest_Nature_Pack_1.0_FREE/Assets/gltf/Rock_3_A_Color1.gltf
  artifactKey: Guid(a9f45dbf9efae0843961e000e8af27c5) Importer(2089858483,b0f066a214c2f5e87bad3c948f4d605d)
Start importing Assets/Assets/KayKit_Forest_Nature_Pack_1.0_FREE/Assets/gltf/Rock_3_A_Color1.gltf using Guid(a9f45dbf9efae0843961e000e8af27c5) Importer(2089858483,b0f066a214c2f5e87bad3c948f4d605d) (ScriptedImporter) -> (artifact id: '504d19cc422490473eb52d14892ec882') in 0.0157125 seconds
Number of updated asset objects reloaded before import = 0Number of asset objects unloaded after import = 1

========================================================================
Received Import Request.
  Time since last request: 0.000055 seconds.
  path: Assets/Assets/KayKit_Forest_Nature_Pack_1.0_FREE/Assets/fbx/Tree_1_A_Color1.fbx
  artifactKey: Guid(3cafd2ec6a75e22479dd9f33cd3f9e5f) Importer(2089858483,b0f066a214c2f5e87bad3c948f4d605d)
Start importing Assets/Assets/KayKit_Forest_Nature_Pack_1.0_FREE/Assets/fbx/Tree_1_A_Color1.fbx using Guid(3cafd2ec6a75e22479dd9f33cd3f9e5f) Importer(2089858483,b0f066a214c2f5e87bad3c948f4d605d) (ScriptedImporter) -> (artifact id: 'febfe07cda78c1d14d70449236bbd9ca') in 0.0201156 seconds
Number of updated asset objects reloaded before import = 0Number of asset objects unloaded after import = 9

========================================================================
Received Import Request.
  Time since last request: 0.000034 seconds.
  path: Assets/Assets/KayKit_Forest_Nature_Pack_1.0_FREE/Assets/fbx/Rock_1_M_Color1.fbx
  artifactKey: Guid(2bd15ceaa74b50f4f8aaef6a80774a35) Importer(2089858483,b0f066a214c2f5e87bad3c948f4d605d)
Start importing Assets/Assets/KayKit_Forest_Nature_Pack_1.0_FREE/Assets/fbx/Rock_1_M_Color1.fbx using Guid(2bd15ceaa74b50f4f8aaef6a80774a35) Importer(2089858483,b0f066a214c2f5e87bad3c948f4d605d) (ScriptedImporter) -> (artifact id: '8a1446383482f9a350deaabbc133eaa6') in 0.027928 seconds
Number of updated asset objects reloaded before import = 0Number of asset objects unloaded after import = 9

========================================================================
Received Import Request.
  Time since last request: 0.000025 seconds.
  path: Assets/Assets/KayKit_Forest_Nature_Pack_1.0_FREE/Assets/obj/Tree_1_B_Color1.obj
  artifactKey: Guid(8a38c57c86a475b43ab70583f70c065f) Importer(2089858483,b0f066a214c2f5e87bad3c948f4d605d)
Start importing Assets/Assets/KayKit_Forest_Nature_Pack_1.0_FREE/Assets/obj/Tree_1_B_Color1.obj using Guid(8a38c57c86a475b43ab70583f70c065f) Importer(2089858483,b0f066a214c2f5e87bad3c948f4d605d) (ScriptedImporter) -> (artifact id: '7ad004bf45cbd6c35feab2f95be1c431') in 0.0221191 seconds
Number of updated asset objects reloaded before import = 0Number of asset objects unloaded after import = 11

========================================================================
Received Import Request.
  Time since last request: 0.000034 seconds.
  path: Assets/Assets/KayKit_Forest_Nature_Pack_1.0_FREE/Assets/gltf/Rock_3_E_Color1.gltf
  artifactKey: Guid(0d4923d41b412c74cb4288644afafbcf) Importer(2089858483,b0f066a214c2f5e87bad3c948f4d605d)
Start importing Assets/Assets/KayKit_Forest_Nature_Pack_1.0_FREE/Assets/gltf/Rock_3_E_Color1.gltf using Guid(0d4923d41b412c74cb4288644afafbcf) Importer(2089858483,b0f066a214c2f5e87bad3c948f4d605d) (ScriptedImporter) -> (artifact id: '90edf4b269303c4baaef17db30964d45') in 0.0136582 seconds
Number of updated asset objects reloaded before import = 0Number of asset objects unloaded after import = 1

========================================================================
Received Import Request.
  Time since last request: 0.000050 seconds.
  path: Assets/Assets/KayKit_Forest_Nature_Pack_1.0_FREE/Assets/obj/Grass_1_B_Singlesided_Color1.obj
  artifactKey: Guid(a8d8c0153b4d5dc49a552a74f2e2e762) Importer(2089858483,b0f066a214c2f5e87bad3c948f4d605d)
Start importing Assets/Assets/KayKit_Forest_Nature_Pack_1.0_FREE/Assets/obj/Grass_1_B_Singlesided_Color1.obj using Guid(a8d8c0153b4d5dc49a552a74f2e2e762) Importer(2089858483,b0f066a214c2f5e87bad3c948f4d605d) (ScriptedImporter) -> (artifact id: '8a8502a4011f714efbe861b06285bacc') in 0.0210808 seconds
Number of updated asset objects reloaded before import = 0Number of asset objects unloaded after import = 11

========================================================================
Received Import Request.
  Time since last request: 0.000031 seconds.
  path: Assets/Assets/KayKit_Forest_Nature_Pack_1.0_FREE/Assets/fbx(unity)/Rock_2_E_Color1.fbx
  artifactKey: Guid(6c29907752cb8be4c98add56b0b1c433) Importer(2089858483,b0f066a214c2f5e87bad3c948f4d605d)
Start importing Assets/Assets/KayKit_Forest_Nature_Pack_1.0_FREE/Assets/fbx(unity)/Rock_2_E_Color1.fbx using Guid(6c29907752cb8be4c98add56b0b1c433) Importer(2089858483,b0f066a214c2f5e87bad3c948f4d605d) (ScriptedImporter) -> (artifact id: '36c2770e9cb76c449d4dab21b1cd1631') in 0.02489 seconds
Number of updated asset objects reloaded before import = 0Number of asset objects unloaded after import = 9

========================================================================
Received Import Request.
  Time since last request: 0.000035 seconds.
  path: Assets/Assets/KayKit_Forest_Nature_Pack_1.0_FREE/Assets/fbx(unity)/Bush_2_C_Color1.fbx
  artifactKey: Guid(6dda7f618d74aae418bbd4cfe08a55dc) Importer(2089858483,b0f066a214c2f5e87bad3c948f4d605d)
Start importing Assets/Assets/KayKit_Forest_Nature_Pack_1.0_FREE/Assets/fbx(unity)/Bush_2_C_Color1.fbx using Guid(6dda7f618d74aae418bbd4cfe08a55dc) Importer(2089858483,b0f066a214c2f5e87bad3c948f4d605d) (ScriptedImporter) -> (artifact id: '5dc0fdbe677488998e6d5b182aa5d29e') in 0.0230144 seconds
Number of updated asset objects reloaded before import = 0Number of asset objects unloaded after import = 9

========================================================================
Received Import Request.
  Time since last request: 0.000032 seconds.
  path: Assets/Assets/KayKit_Forest_Nature_Pack_1.0_FREE/Assets/gltf/Bush_4_C_Color1.gltf
  artifactKey: Guid(c0d668bb8f72fe84484d033e212e80b1) Importer(2089858483,b0f066a214c2f5e87bad3c948f4d605d)
Start importing Assets/Assets/KayKit_Forest_Nature_Pack_1.0_FREE/Assets/gltf/Bush_4_C_Color1.gltf using Guid(c0d668bb8f72fe84484d033e212e80b1) Importer(2089858483,b0f066a214c2f5e87bad3c948f4d605d) (ScriptedImporter) -> (artifact id: '31740b199355611ef0d7d34c182cc6eb') in 0.0102888 seconds
Number of updated asset objects reloaded before import = 0Number of asset objects unloaded after import = 1

========================================================================
Received Import Request.
  Time since last request: 0.000052 seconds.
  path: Assets/Assets/KayKit_Forest_Nature_Pack_1.0_FREE/Assets/gltf/Tree_1_C_Color1.bin
  artifactKey: Guid(193e9fe3ce00fce49a987c380491426a) Importer(2089858483,b0f066a214c2f5e87bad3c948f4d605d)
Start importing Assets/Assets/KayKit_Forest_Nature_Pack_1.0_FREE/Assets/gltf/Tree_1_C_Color1.bin using Guid(193e9fe3ce00fce49a987c380491426a) Importer(2089858483,b0f066a214c2f5e87bad3c948f4d605d) (ScriptedImporter) -> (artifact id: 'efb0ef0387d92ea93b1941c0a2583674') in 0.0136563 seconds
Number of updated asset objects reloaded before import = 0Number of asset objects unloaded after import = 1

========================================================================
Received Import Request.
  Time since last request: 0.000024 seconds.
  path: Assets/Assets/KayKit_Forest_Nature_Pack_1.0_FREE/Assets/fbx/Tree_2_E_Color1.fbx
  artifactKey: Guid(851c639361abf1243abc4ef8b971aa14) Importer(2089858483,b0f066a214c2f5e87bad3c948f4d605d)
Start importing Assets/Assets/KayKit_Forest_Nature_Pack_1.0_FREE/Assets/fbx/Tree_2_E_Color1.fbx using Guid(851c639361abf1243abc4ef8b971aa14) Importer(2089858483,b0f066a214c2f5e87bad3c948f4d605d) (ScriptedImporter) -> (artifact id: '9dddf2b99c8d538477bfbc1214c09fbb') in 0.0273097 seconds
Number of updated asset objects reloaded before import = 0Number of asset objects unloaded after import = 9

========================================================================
Received Import Request.
  Time since last request: 0.000059 seconds.
  path: Assets/Assets/KayKit_Forest_Nature_Pack_1.0_FREE/Assets/gltf/Bush_1_F_Color1.gltf
  artifactKey: Guid(0dd5df0c4e2548645aee859810182d66) Importer(2089858483,b0f066a214c2f5e87bad3c948f4d605d)
Start importing Assets/Assets/KayKit_Forest_Nature_Pack_1.0_FREE/Assets/gltf/Bush_1_F_Color1.gltf using Guid(0dd5df0c4e2548645aee859810182d66) Importer(2089858483,b0f066a214c2f5e87bad3c948f4d605d) (ScriptedImporter) -> (artifact id: 'd054c13842d72253e3c31741b7f5d7a5') in 0.0136925 seconds
Number of updated asset objects reloaded before import = 0Number of asset objects unloaded after import = 1

========================================================================
Received Import Request.
  Time since last request: 0.000040 seconds.
  path: Assets/Assets/KayKit_Forest_Nature_Pack_1.0_FREE/Assets/fbx(unity)/Bush_1_A_Color1.fbx
  artifactKey: Guid(c956584217690a641b9a1f2edd7926a0) Importer(2089858483,b0f066a214c2f5e87bad3c948f4d605d)
Start importing Assets/Assets/KayKit_Forest_Nature_Pack_1.0_FREE/Assets/fbx(unity)/Bush_1_A_Color1.fbx using Guid(c956584217690a641b9a1f2edd7926a0) Importer(2089858483,b0f066a214c2f5e87bad3c948f4d605d) (ScriptedImporter) -> (artifact id: '5e32a3d100b2f7017b36229a80e735d2') in 0.0257847 seconds
Number of updated asset objects reloaded before import = 0Number of asset objects unloaded after import = 9

========================================================================
Received Import Request.
  Time since last request: 0.000038 seconds.
  path: Assets/Assets/KayKit_Forest_Nature_Pack_1.0_FREE/Assets/gltf/Tree_2_A_Color1.gltf
  artifactKey: Guid(52a64f14832599542af4939d5301d183) Importer(2089858483,b0f066a214c2f5e87bad3c948f4d605d)
Start importing Assets/Assets/KayKit_Forest_Nature_Pack_1.0_FREE/Assets/gltf/Tree_2_A_Color1.gltf using Guid(52a64f14832599542af4939d5301d183) Importer(2089858483,b0f066a214c2f5e87bad3c948f4d605d) (ScriptedImporter) -> (artifact id: 'f181a7261c7efdf1a889a3774a0e5411') in 0.0292435 seconds
Number of updated asset objects reloaded before import = 0Number of asset objects unloaded after import = 1

========================================================================
Received Import Request.
  Time since last request: 0.000082 seconds.
  path: Assets/Assets/KayKit_Forest_Nature_Pack_1.0_FREE/Assets/fbx(unity)/Tree_2_A_Color1.fbx
  artifactKey: Guid(3276302cd18e33140865df4fb7433d34) Importer(2089858483,b0f066a214c2f5e87bad3c948f4d605d)
Start importing Assets/Assets/KayKit_Forest_Nature_Pack_1.0_FREE/Assets/fbx(unity)/Tree_2_A_Color1.fbx using Guid(3276302cd18e33140865df4fb7433d34) Importer(2089858483,b0f066a214c2f5e87bad3c948f4d605d) (ScriptedImporter) -> (artifact id: 'e0cc403ea36ca0221af96c2ebee18ecd') in 0.036571 seconds
Number of updated asset objects reloaded before import = 0Number of asset objects unloaded after import = 9

========================================================================
Received Import Request.
  Time since last request: 0.000070 seconds.
  path: Assets/Assets/KayKit_Forest_Nature_Pack_1.0_FREE/Assets/fbx/Rock_1_I_Color1.fbx
  artifactKey: Guid(0df2681d36e911d418378bdd4627e3b2) Importer(2089858483,b0f066a214c2f5e87bad3c948f4d605d)
Start importing Assets/Assets/KayKit_Forest_Nature_Pack_1.0_FREE/Assets/fbx/Rock_1_I_Color1.fbx using Guid(0df2681d36e911d418378bdd4627e3b2) Importer(2089858483,b0f066a214c2f5e87bad3c948f4d605d) (ScriptedImporter) -> (artifact id: 'b5475d5557bb484c59a316686bdcb64e') in 0.0360846 seconds
Number of updated asset objects reloaded before import = 0Number of asset objects unloaded after import = 9

========================================================================
Received Import Request.
  Time since last request: 0.000041 seconds.
  path: Assets/Assets/KayKit_Forest_Nature_Pack_1.0_FREE/Assets/gltf/Bush_4_B_Color1.bin
  artifactKey: Guid(83e422b6f8a9587428fc71034ac7768f) Importer(2089858483,b0f066a214c2f5e87bad3c948f4d605d)
Start importing Assets/Assets/KayKit_Forest_Nature_Pack_1.0_FREE/Assets/gltf/Bush_4_B_Color1.bin using Guid(83e422b6f8a9587428fc71034ac7768f) Importer(2089858483,b0f066a214c2f5e87bad3c948f4d605d) (ScriptedImporter) -> (artifact id: 'acc9d254bd695b0ac647b31bf7f8cdd0') in 0.0167234 seconds
Number of updated asset objects reloaded before import = 0Number of asset objects unloaded after import = 1

========================================================================
Received Import Request.
  Time since last request: 0.000029 seconds.
  path: Assets/Assets/KayKit_Forest_Nature_Pack_1.0_FREE/Assets/fbx(unity)/Tree_2_B_Color1.fbx
  artifactKey: Guid(25dbd532b12a62a499cd1c49f961788e) Importer(2089858483,b0f066a214c2f5e87bad3c948f4d605d)
Start importing Assets/Assets/KayKit_Forest_Nature_Pack_1.0_FREE/Assets/fbx(unity)/Tree_2_B_Color1.fbx using Guid(25dbd532b12a62a499cd1c49f961788e) Importer(2089858483,b0f066a214c2f5e87bad3c948f4d605d) (ScriptedImporter) -> (artifact id: '500a76f01f629f12b7edb08fd3dcce7d') in 0.0260805 seconds
Number of updated asset objects reloaded before import = 0Number of asset objects unloaded after import = 9

========================================================================
Received Import Request.
  Time since last request: 0.000023 seconds.
  path: Assets/Assets/KayKit_Forest_Nature_Pack_1.0_FREE/Assets/fbx/Rock_1_C_Color1.fbx
  artifactKey: Guid(74848ca00e7158241ba0f56b66567847) Importer(2089858483,b0f066a214c2f5e87bad3c948f4d605d)
Start importing Assets/Assets/KayKit_Forest_Nature_Pack_1.0_FREE/Assets/fbx/Rock_1_C_Color1.fbx using Guid(74848ca00e7158241ba0f56b66567847) Importer(2089858483,b0f066a214c2f5e87bad3c948f4d605d) (ScriptedImporter) -> (artifact id: 'fd4e89b28bfd2e3d5b3603f0d67b7962') in 0.0233649 seconds
Number of updated asset objects reloaded before import = 0Number of asset objects unloaded after import = 9

========================================================================
Received Import Request.
  Time since last request: 0.000026 seconds.
  path: Assets/Assets/KayKit_Forest_Nature_Pack_1.0_FREE/Assets/fbx/Tree_4_A_Color1.fbx
  artifactKey: Guid(c76bae59b9efca542926ccd2825de0f5) Importer(2089858483,b0f066a214c2f5e87bad3c948f4d605d)
Start importing Assets/Assets/KayKit_Forest_Nature_Pack_1.0_FREE/Assets/fbx/Tree_4_A_Color1.fbx using Guid(c76bae59b9efca542926ccd2825de0f5) Importer(2089858483,b0f066a214c2f5e87bad3c948f4d605d) (ScriptedImporter) -> (artifact id: '60d78b2bdab8b82838c09d73a8b06424') in 0.0246933 seconds
Number of updated asset objects reloaded before import = 0Number of asset objects unloaded after import = 9

========================================================================
Received Import Request.
  Time since last request: 0.000033 seconds.
  path: Assets/Assets/KayKit_Forest_Nature_Pack_1.0_FREE/Assets/obj
  artifactKey: Guid(e56b5e49af6038a46b411d282e679d8c) Importer(2089858483,b0f066a214c2f5e87bad3c948f4d605d)
Start importing Assets/Assets/KayKit_Forest_Nature_Pack_1.0_FREE/Assets/obj using Guid(e56b5e49af6038a46b411d282e679d8c) Importer(2089858483,b0f066a214c2f5e87bad3c948f4d605d) (ScriptedImporter) -> (artifact id: '06b0b4851a032d941f6507c8a91aa22a') in 0.0113834 seconds
Number of updated asset objects reloaded before import = 0Number of asset objects unloaded after import = 1

========================================================================
Received Import Request.
  Time since last request: 0.000023 seconds.
  path: Assets/Assets/KayKit_Forest_Nature_Pack_1.0_FREE/Assets/gltf/Tree_Bare_2_A_Color1.bin
  artifactKey: Guid(0651836eb0de3264580258fd92b555b2) Importer(2089858483,b0f066a214c2f5e87bad3c948f4d605d)
Start importing Assets/Assets/KayKit_Forest_Nature_Pack_1.0_FREE/Assets/gltf/Tree_Bare_2_A_Color1.bin using Guid(0651836eb0de3264580258fd92b555b2) Importer(2089858483,b0f066a214c2f5e87bad3c948f4d605d) (ScriptedImporter) -> (artifact id: '4d43b41a999cd5828a899d2ba4fddd21') in 0.0145589 seconds
Number of updated asset objects reloaded before import = 0Number of asset objects unloaded after import = 1

========================================================================
Received Import Request.
  Time since last request: 0.000048 seconds.
  path: Assets/Assets/KayKit_Forest_Nature_Pack_1.0_FREE/Assets/gltf/Grass_2_B_Singlesided_Color1.bin
  artifactKey: Guid(3fbe77129dd1e884fb17ddcb7db6cdbd) Importer(2089858483,b0f066a214c2f5e87bad3c948f4d605d)
Start importing Assets/Assets/KayKit_Forest_Nature_Pack_1.0_FREE/Assets/gltf/Grass_2_B_Singlesided_Color1.bin using Guid(3fbe77129dd1e884fb17ddcb7db6cdbd) Importer(2089858483,b0f066a214c2f5e87bad3c948f4d605d) (ScriptedImporter) -> (artifact id: 'a6050c57997dcad28fc1eda59d39839d') in 0.0135029 seconds
Number of updated asset objects reloaded before import = 0Number of asset objects unloaded after import = 1

========================================================================
Received Import Request.
  Time since last request: 0.000086 seconds.
  path: Assets/Assets/KayKit_Forest_Nature_Pack_1.0_FREE/Assets/gltf/Rock_2_D_Color1.bin
  artifactKey: Guid(b72a8cea7a9108f468108254bcbb0c90) Importer(2089858483,b0f066a214c2f5e87bad3c948f4d605d)
Start importing Assets/Assets/KayKit_Forest_Nature_Pack_1.0_FREE/Assets/gltf/Rock_2_D_Color1.bin using Guid(b72a8cea7a9108f468108254bcbb0c90) Importer(2089858483,b0f066a214c2f5e87bad3c948f4d605d) (ScriptedImporter) -> (artifact id: 'c386838908703714cdbca38c02ae6b4d') in 0.0125664 seconds
Number of updated asset objects reloaded before import = 0Number of asset objects unloaded after import = 1

========================================================================
Received Import Request.
  Time since last request: 0.000032 seconds.
  path: Assets/Assets/KayKit_Forest_Nature_Pack_1.0_FREE/Assets/obj/Tree_3_A_Color1.obj
  artifactKey: Guid(93645547c543cee40b2bb4a257103d4a) Importer(2089858483,b0f066a214c2f5e87bad3c948f4d605d)
Start importing Assets/Assets/KayKit_Forest_Nature_Pack_1.0_FREE/Assets/obj/Tree_3_A_Color1.obj using Guid(93645547c543cee40b2bb4a257103d4a) Importer(2089858483,b0f066a214c2f5e87bad3c948f4d605d) (ScriptedImporter) -> (artifact id: 'a0725eefc41f38266b54024e3be55a05') in 0.0199908 seconds
Number of updated asset objects reloaded before import = 0Number of asset objects unloaded after import = 11

========================================================================
Received Import Request.
  Time since last request: 0.000037 seconds.
  path: Assets/Assets/KayKit_Forest_Nature_Pack_1.0_FREE/Assets/fbx(unity)/Rock_3_M_Color1.fbx
  artifactKey: Guid(c6da245bdfd41834b92f1b786e2b3c38) Importer(2089858483,b0f066a214c2f5e87bad3c948f4d605d)
Start importing Assets/Assets/KayKit_Forest_Nature_Pack_1.0_FREE/Assets/fbx(unity)/Rock_3_M_Color1.fbx using Guid(c6da245bdfd41834b92f1b786e2b3c38) Importer(2089858483,b0f066a214c2f5e87bad3c948f4d605d) (ScriptedImporter) -> (artifact id: 'b986c344158b53f66a99c22be7c44c85') in 0.029825 seconds
Number of updated asset objects reloaded before import = 0Number of asset objects unloaded after import = 9

========================================================================
Received Import Request.
  Time since last request: 0.000033 seconds.
  path: Assets/Assets/KayKit_Forest_Nature_Pack_1.0_FREE/Assets/obj/Rock_2_A_Color1.mtl
  artifactKey: Guid(eda87877423f52b48b07ead3ff653c0b) Importer(2089858483,b0f066a214c2f5e87bad3c948f4d605d)
Start importing Assets/Assets/KayKit_Forest_Nature_Pack_1.0_FREE/Assets/obj/Rock_2_A_Color1.mtl using Guid(eda87877423f52b48b07ead3ff653c0b) Importer(2089858483,b0f066a214c2f5e87bad3c948f4d605d) (ScriptedImporter) -> (artifact id: 'a590c4ecda2e5b0bcc7dae2429a694bc') in 0.012553 seconds
Number of updated asset objects reloaded before import = 0Number of asset objects unloaded after import = 1

========================================================================
Received Import Request.
  Time since last request: 0.000037 seconds.
  path: Assets/Assets/KayKit_Forest_Nature_Pack_1.0_FREE/Assets/fbx/Rock_2_F_Color1.fbx
  artifactKey: Guid(bc205bde8eca67d4b89d574cf8df0114) Importer(2089858483,b0f066a214c2f5e87bad3c948f4d605d)
Start importing Assets/Assets/KayKit_Forest_Nature_Pack_1.0_FREE/Assets/fbx/Rock_2_F_Color1.fbx using Guid(bc205bde8eca67d4b89d574cf8df0114) Importer(2089858483,b0f066a214c2f5e87bad3c948f4d605d) (ScriptedImporter) -> (artifact id: '5dc81cefeed4cfd2310f3c534d39399f') in 0.0214471 seconds
Number of updated asset objects reloaded before import = 0Number of asset objects unloaded after import = 9

========================================================================
Received Import Request.
  Time since last request: 0.000052 seconds.
  path: Assets/Assets/KayKit_Forest_Nature_Pack_1.0_FREE/Assets/obj/forest_texture.png
  artifactKey: Guid(78f430b42a9e4624f98c19128f744734) Importer(2089858483,b0f066a214c2f5e87bad3c948f4d605d)
Start importing Assets/Assets/KayKit_Forest_Nature_Pack_1.0_FREE/Assets/obj/forest_texture.png using Guid(78f430b42a9e4624f98c19128f744734) Importer(2089858483,b0f066a214c2f5e87bad3c948f4d605d) (ScriptedImporter) -> (artifact id: '3ad96087cf3e3b4c7dc070809b4ebe73') in 0.0182481 seconds
Number of updated asset objects reloaded before import = 0Number of asset objects unloaded after import = 1

========================================================================
Received Import Request.
  Time since last request: 0.000033 seconds.
  path: Assets/Assets/KayKit_Forest_Nature_Pack_1.0_FREE/Assets/fbx(unity)/Rock_3_P_Color1.fbx
  artifactKey: Guid(af9553d8b62dd934784fe9c23fa68c8b) Importer(2089858483,b0f066a214c2f5e87bad3c948f4d605d)
Start importing Assets/Assets/KayKit_Forest_Nature_Pack_1.0_FREE/Assets/fbx(unity)/Rock_3_P_Color1.fbx using Guid(af9553d8b62dd934784fe9c23fa68c8b) Importer(2089858483,b0f066a214c2f5e87bad3c948f4d605d) (ScriptedImporter) -> (artifact id: '63670619677fbb95fb64bc54a846b7e2') in 0.0228246 seconds
Number of updated asset objects reloaded before import = 0Number of asset objects unloaded after import = 9

========================================================================
Received Import Request.
  Time since last request: 0.000023 seconds.
  path: Assets/Assets/KayKit_Forest_Nature_Pack_1.0_FREE/Assets/obj/Rock_3_O_Color1.obj
  artifactKey: Guid(c4fd1a58cb9ebed4f92657d2ec530747) Importer(2089858483,b0f066a214c2f5e87bad3c948f4d605d)
Start importing Assets/Assets/KayKit_Forest_Nature_Pack_1.0_FREE/Assets/obj/Rock_3_O_Color1.obj using Guid(c4fd1a58cb9ebed4f92657d2ec530747) Importer(2089858483,b0f066a214c2f5e87bad3c948f4d605d) (ScriptedImporter) -> (artifact id: '16ed0b53020e98bbfdfcd27975f52de9') in 0.0175656 seconds
Number of updated asset objects reloaded before import = 0Number of asset objects unloaded after import = 11

========================================================================
Received Import Request.
  Time since last request: 0.000024 seconds.
  path: Assets/Assets/KayKit_Forest_Nature_Pack_1.0_FREE/Assets/fbx/Grass_2_C_Singlesided_Color1.fbx
  artifactKey: Guid(a8dafc6842e5e8a4f89c918bdc6030be) Importer(2089858483,b0f066a214c2f5e87bad3c948f4d605d)
Start importing Assets/Assets/KayKit_Forest_Nature_Pack_1.0_FREE/Assets/fbx/Grass_2_C_Singlesided_Color1.fbx using Guid(a8dafc6842e5e8a4f89c918bdc6030be) Importer(2089858483,b0f066a214c2f5e87bad3c948f4d605d) (ScriptedImporter) -> (artifact id: 'ada9620ff2128396154a4d12dba6f9eb') in 0.0189815 seconds
Number of updated asset objects reloaded before import = 0Number of asset objects unloaded after import = 9

========================================================================
Received Import Request.
  Time since last request: 0.000027 seconds.
  path: Assets/Assets/KayKit_Forest_Nature_Pack_1.0_FREE/Assets/fbx(unity)/Bush_3_B_Color1.fbx
  artifactKey: Guid(b731be88aa2dc104e8df1d0ea5bc3675) Importer(2089858483,b0f066a214c2f5e87bad3c948f4d605d)
Start importing Assets/Assets/KayKit_Forest_Nature_Pack_1.0_FREE/Assets/fbx(unity)/Bush_3_B_Color1.fbx using Guid(b731be88aa2dc104e8df1d0ea5bc3675) Importer(2089858483,b0f066a214c2f5e87bad3c948f4d605d) (ScriptedImporter) -> (artifact id: '207b324e2ae0317580b524934abda64e') in 0.0213005 seconds
Number of updated asset objects reloaded before import = 0Number of asset objects unloaded after import = 9

========================================================================
Received Import Request.
  Time since last request: 0.000043 seconds.
  path: Assets/Assets/KayKit_Forest_Nature_Pack_1.0_FREE/Assets/gltf/Rock_3_R_Color1.bin
  artifactKey: Guid(f8c98537066b11e488ab79073e830e81) Importer(2089858483,b0f066a214c2f5e87bad3c948f4d605d)
Start importing Assets/Assets/KayKit_Forest_Nature_Pack_1.0_FREE/Assets/gltf/Rock_3_R_Color1.bin using Guid(f8c98537066b11e488ab79073e830e81) Importer(2089858483,b0f066a214c2f5e87bad3c948f4d605d) (ScriptedImporter) -> (artifact id: '7d912d879fa73ba0a505cc2e11ea311c') in 0.010539 seconds
Number of updated asset objects reloaded before import = 0Number of asset objects unloaded after import = 1

========================================================================
Received Import Request.
  Time since last request: 0.000032 seconds.
  path: Assets/Assets/KayKit_Forest_Nature_Pack_1.0_FREE/Assets/fbx/Bush_1_E_Color1.fbx
  artifactKey: Guid(11f1ed17e9bcddd4f801699ed3a9755f) Importer(2089858483,b0f066a214c2f5e87bad3c948f4d605d)
Start importing Assets/Assets/KayKit_Forest_Nature_Pack_1.0_FREE/Assets/fbx/Bush_1_E_Color1.fbx using Guid(11f1ed17e9bcddd4f801699ed3a9755f) Importer(2089858483,b0f066a214c2f5e87bad3c948f4d605d) (ScriptedImporter) -> (artifact id: '766b62e090554864b4e49bdb0a82734b') in 0.0223717 seconds
Number of updated asset objects reloaded before import = 0Number of asset objects unloaded after import = 9

========================================================================
Received Import Request.
  Time since last request: 0.000027 seconds.
  path: Assets/Assets/KayKit_Forest_Nature_Pack_1.0_FREE/Assets/gltf/Rock_3_E_Color1.bin
  artifactKey: Guid(5617ca13d07b74d4fa01c17e196701c4) Importer(2089858483,b0f066a214c2f5e87bad3c948f4d605d)
Start importing Assets/Assets/KayKit_Forest_Nature_Pack_1.0_FREE/Assets/gltf/Rock_3_E_Color1.bin using Guid(5617ca13d07b74d4fa01c17e196701c4) Importer(2089858483,b0f066a214c2f5e87bad3c948f4d605d) (ScriptedImporter) -> (artifact id: '4612d223e728aa6a6d278d737d2f5981') in 0.0107685 seconds
Number of updated asset objects reloaded before import = 0Number of asset objects unloaded after import = 1

========================================================================
Received Import Request.
  Time since last request: 0.000024 seconds.
  path: Assets/Assets/KayKit_Forest_Nature_Pack_1.0_FREE/Assets/fbx(unity)/Rock_1_K_Color1.fbx
  artifactKey: Guid(74a4122134196df4c86a8ea8b242f207) Importer(2089858483,b0f066a214c2f5e87bad3c948f4d605d)
Start importing Assets/Assets/KayKit_Forest_Nature_Pack_1.0_FREE/Assets/fbx(unity)/Rock_1_K_Color1.fbx using Guid(74a4122134196df4c86a8ea8b242f207) Importer(2089858483,b0f066a214c2f5e87bad3c948f4d605d) (ScriptedImporter) -> (artifact id: '662a910c00b0d439cd3f84a1e5dac3c0') in 0.0184356 seconds
Number of updated asset objects reloaded before import = 0Number of asset objects unloaded after import = 9

========================================================================
Received Import Request.
  Time since last request: 0.000045 seconds.
  path: Assets/Assets/KayKit_Forest_Nature_Pack_1.0_FREE/Assets/obj/Rock_3_G_Color1.mtl
  artifactKey: Guid(66bb2290e0fb4b84a8e12ac30de25761) Importer(2089858483,b0f066a214c2f5e87bad3c948f4d605d)
Start importing Assets/Assets/KayKit_Forest_Nature_Pack_1.0_FREE/Assets/obj/Rock_3_G_Color1.mtl using Guid(66bb2290e0fb4b84a8e12ac30de25761) Importer(2089858483,b0f066a214c2f5e87bad3c948f4d605d) (ScriptedImporter) -> (artifact id: '17aeaa7c0e9b66cd84e78c6bb21ef46c') in 0.0110926 seconds
Number of updated asset objects reloaded before import = 0Number of asset objects unloaded after import = 1

========================================================================
Received Import Request.
  Time since last request: 0.000026 seconds.
  path: Assets/Assets/KayKit_Forest_Nature_Pack_1.0_FREE/Assets/gltf/Grass_2_D_Singlesided_Color1.gltf
  artifactKey: Guid(ae9b49c359b0916489e19a1d2953bd2c) Importer(2089858483,b0f066a214c2f5e87bad3c948f4d605d)
Start importing Assets/Assets/KayKit_Forest_Nature_Pack_1.0_FREE/Assets/gltf/Grass_2_D_Singlesided_Color1.gltf using Guid(ae9b49c359b0916489e19a1d2953bd2c) Importer(2089858483,b0f066a214c2f5e87bad3c948f4d605d) (ScriptedImporter) -> (artifact id: 'e92ee7fade68797a1ec9a2319f455ed8') in 0.0113811 seconds
Number of updated asset objects reloaded before import = 0Number of asset objects unloaded after import = 1

========================================================================
Received Import Request.
  Time since last request: 0.000039 seconds.
  path: Assets/Assets/KayKit_Forest_Nature_Pack_1.0_FREE/Assets/fbx/Grass_1_B_Color1.fbx
  artifactKey: Guid(bdfe24e8d7ade124ebd0e6e9d349f1f4) Importer(2089858483,b0f066a214c2f5e87bad3c948f4d605d)
Start importing Assets/Assets/KayKit_Forest_Nature_Pack_1.0_FREE/Assets/fbx/Grass_1_B_Color1.fbx using Guid(bdfe24e8d7ade124ebd0e6e9d349f1f4) Importer(2089858483,b0f066a214c2f5e87bad3c948f4d605d) (ScriptedImporter) -> (artifact id: '99983c5a40f134107e6df865d6f4388e') in 0.0210074 seconds
Number of updated asset objects reloaded before import = 0Number of asset objects unloaded after import = 9

========================================================================
Received Import Request.
  Time since last request: 0.000035 seconds.
  path: Assets/Assets/KayKit_Forest_Nature_Pack_1.0_FREE/Assets/fbx(unity)/Bush_2_A_Color1.fbx
  artifactKey: Guid(40e350d2af153b24c95f6d78c319c33b) Importer(2089858483,b0f066a214c2f5e87bad3c948f4d605d)
Start importing Assets/Assets/KayKit_Forest_Nature_Pack_1.0_FREE/Assets/fbx(unity)/Bush_2_A_Color1.fbx using Guid(40e350d2af153b24c95f6d78c319c33b) Importer(2089858483,b0f066a214c2f5e87bad3c948f4d605d) (ScriptedImporter) -> (artifact id: '359b22356773a5bb3fd90330ac3075c9') in 0.018834 seconds
Number of updated asset objects reloaded before import = 0Number of asset objects unloaded after import = 9

========================================================================
Received Import Request.
  Time since last request: 0.000033 seconds.
  path: Assets/Assets/KayKit_Forest_Nature_Pack_1.0_FREE/Assets/fbx/Tree_3_A_Color1.fbx
  artifactKey: Guid(4336b791c9c34d74caed171530589f06) Importer(2089858483,b0f066a214c2f5e87bad3c948f4d605d)
Start importing Assets/Assets/KayKit_Forest_Nature_Pack_1.0_FREE/Assets/fbx/Tree_3_A_Color1.fbx using Guid(4336b791c9c34d74caed171530589f06) Importer(2089858483,b0f066a214c2f5e87bad3c948f4d605d) (ScriptedImporter) -> (artifact id: 'a2566b21d36933afdd84026e888e6923') in 0.0195337 seconds
Number of updated asset objects reloaded before import = 0Number of asset objects unloaded after import = 9

========================================================================
Received Import Request.
  Time since last request: 0.000025 seconds.
  path: Assets/Assets/KayKit_Forest_Nature_Pack_1.0_FREE/Assets/obj/Bush_3_A_Color1.mtl
  artifactKey: Guid(90b00c3e1f0911346be7cce2d45e8d06) Importer(2089858483,b0f066a214c2f5e87bad3c948f4d605d)
Start importing Assets/Assets/KayKit_Forest_Nature_Pack_1.0_FREE/Assets/obj/Bush_3_A_Color1.mtl using Guid(90b00c3e1f0911346be7cce2d45e8d06) Importer(2089858483,b0f066a214c2f5e87bad3c948f4d605d) (ScriptedImporter) -> (artifact id: '7bda73f876a72dd6535d7b0c6a844329') in 0.010797 seconds
Number of updated asset objects reloaded before import = 0Number of asset objects unloaded after import = 1

========================================================================
Received Import Request.
  Time since last request: 0.000031 seconds.
  path: Assets/Assets/KayKit_Forest_Nature_Pack_1.0_FREE/Assets/fbx(unity)/Tree_4_A_Color1.fbx
  artifactKey: Guid(0b307dfff224577438f2c4c16f452783) Importer(2089858483,b0f066a214c2f5e87bad3c948f4d605d)
Start importing Assets/Assets/KayKit_Forest_Nature_Pack_1.0_FREE/Assets/fbx(unity)/Tree_4_A_Color1.fbx using Guid(0b307dfff224577438f2c4c16f452783) Importer(2089858483,b0f066a214c2f5e87bad3c948f4d605d) (ScriptedImporter) -> (artifact id: '0cfa117d490f99e12664e51bc56916d1') in 0.0212566 seconds
Number of updated asset objects reloaded before import = 0Number of asset objects unloaded after import = 9

========================================================================
Received Import Request.
  Time since last request: 0.000035 seconds.
  path: Assets/Assets/KayKit_Forest_Nature_Pack_1.0_FREE/Assets/fbx/Bush_2_E_Color1.fbx
  artifactKey: Guid(baa991c816299fd40af4982182054061) Importer(815301076,1909f56bfc062723c751e8b465ee728b)
Start importing Assets/Assets/KayKit_Forest_Nature_Pack_1.0_FREE/Assets/fbx/Bush_2_E_Color1.fbx using Guid(baa991c816299fd40af4982182054061) Importer(815301076,1909f56bfc062723c751e8b465ee728b) (PreviewImporter) -> (artifact id: '8250ab6db718ba5c6f35104267206e43') in 0.0320336 seconds
Number of updated asset objects reloaded before import = 0Number of asset objects unloaded after import = 9

========================================================================
Received Import Request.
  Time since last request: 0.000041 seconds.
  path: Assets/Assets/KayKit_Forest_Nature_Pack_1.0_FREE/Assets/gltf/Grass_1_SingleSided_Mesh.gltf
  artifactKey: Guid(5452c601402247c4f926a710f520c982) Importer(2089858483,b0f066a214c2f5e87bad3c948f4d605d)
Start importing Assets/Assets/KayKit_Forest_Nature_Pack_1.0_FREE/Assets/gltf/Grass_1_SingleSided_Mesh.gltf using Guid(5452c601402247c4f926a710f520c982) Importer(2089858483,b0f066a214c2f5e87bad3c948f4d605d) (ScriptedImporter) -> (artifact id: '3079e8e37a3b8066067c85646e69ccba') in 0.0127053 seconds
Number of updated asset objects reloaded before import = 0Number of asset objects unloaded after import = 1

========================================================================
Received Import Request.
  Time since last request: 0.000030 seconds.
  path: Assets/Assets/KayKit_Forest_Nature_Pack_1.0_FREE/Assets/fbx/Rock_1_Q_Color1.fbx
  artifactKey: Guid(47938fde6e7c68e4c904dda2ee9ba741) Importer(2089858483,b0f066a214c2f5e87bad3c948f4d605d)
Start importing Assets/Assets/KayKit_Forest_Nature_Pack_1.0_FREE/Assets/fbx/Rock_1_Q_Color1.fbx using Guid(47938fde6e7c68e4c904dda2ee9ba741) Importer(2089858483,b0f066a214c2f5e87bad3c948f4d605d) (ScriptedImporter) -> (artifact id: '849ab58f5c92f5d5be97476ef41e3ff2') in 0.0208645 seconds
Number of updated asset objects reloaded before import = 0Number of asset objects unloaded after import = 9

========================================================================
Received Import Request.
  Time since last request: 0.000025 seconds.
  path: Assets/Assets/KayKit_Forest_Nature_Pack_1.0_FREE/Assets/fbx/Bush_3_B_Color1.fbx
  artifactKey: Guid(84ca37269fe64924680a2c74cffbbde8) Importer(815301076,1909f56bfc062723c751e8b465ee728b)
Start importing Assets/Assets/KayKit_Forest_Nature_Pack_1.0_FREE/Assets/fbx/Bush_3_B_Color1.fbx using Guid(84ca37269fe64924680a2c74cffbbde8) Importer(815301076,1909f56bfc062723c751e8b465ee728b) (PreviewImporter) -> (artifact id: 'd0ebe2a6046fc185eaf843144c161aa1') in 0.0246193 seconds
Number of updated asset objects reloaded before import = 0Number of asset objects unloaded after import = 9

========================================================================
Received Import Request.
  Time since last request: 0.000036 seconds.
  path: Assets/Assets/KayKit_Forest_Nature_Pack_1.0_FREE/Assets/fbx/Bush_1_A_Color1.fbx
  artifactKey: Guid(e64ed00fc95f9ad42b6b222f77bf9a8d) Importer(815301076,1909f56bfc062723c751e8b465ee728b)
Start importing Assets/Assets/KayKit_Forest_Nature_Pack_1.0_FREE/Assets/fbx/Bush_1_A_Color1.fbx using Guid(e64ed00fc95f9ad42b6b222f77bf9a8d) Importer(815301076,1909f56bfc062723c751e8b465ee728b) (PreviewImporter) -> (artifact id: '7bd8df23dfcfbd9d0de3c6bf9d2fa759') in 0.0315548 seconds
Number of updated asset objects reloaded before import = 0Number of asset objects unloaded after import = 9

========================================================================
Received Import Request.
  Time since last request: 0.000047 seconds.
  path: Assets/Assets/KayKit_Forest_Nature_Pack_1.0_FREE/Assets/fbx/Bush_2_F_Color1.fbx
  artifactKey: Guid(4efefea9bd9bc80459024bdc51c02721) Importer(815301076,1909f56bfc062723c751e8b465ee728b)
Start importing Assets/Assets/KayKit_Forest_Nature_Pack_1.0_FREE/Assets/fbx/Bush_2_F_Color1.fbx using Guid(4efefea9bd9bc80459024bdc51c02721) Importer(815301076,1909f56bfc062723c751e8b465ee728b) (PreviewImporter) -> (artifact id: 'ba6f842007d6c4f19cd1d94ed8d6bb70') in 0.0329073 seconds
Number of updated asset objects reloaded before import = 0Number of asset objects unloaded after import = 9

========================================================================
Received Import Request.
  Time since last request: 0.000025 seconds.
  path: Assets/Assets/KayKit_Forest_Nature_Pack_1.0_FREE/Assets/fbx/Bush_2_A_Color1.fbx
  artifactKey: Guid(c18b172a96c81834caccc7d330864dbf) Importer(815301076,1909f56bfc062723c751e8b465ee728b)
Start importing Assets/Assets/KayKit_Forest_Nature_Pack_1.0_FREE/Assets/fbx/Bush_2_A_Color1.fbx using Guid(c18b172a96c81834caccc7d330864dbf) Importer(815301076,1909f56bfc062723c751e8b465ee728b) (PreviewImporter) -> (artifact id: 'c4d8abfd72f373b6a1eee7ad2d7a25a9') in 0.0289671 seconds
Number of updated asset objects reloaded before import = 0Number of asset objects unloaded after import = 9

========================================================================
Received Import Request.
  Time since last request: 0.000030 seconds.
  path: Assets/Assets/KayKit_Forest_Nature_Pack_1.0_FREE/Assets/obj/Rock_1_M_Color1.mtl
  artifactKey: Guid(570bf6885dbf21a478ca0b40509f6a23) Importer(2089858483,b0f066a214c2f5e87bad3c948f4d605d)
Start importing Assets/Assets/KayKit_Forest_Nature_Pack_1.0_FREE/Assets/obj/Rock_1_M_Color1.mtl using Guid(570bf6885dbf21a478ca0b40509f6a23) Importer(2089858483,b0f066a214c2f5e87bad3c948f4d605d) (ScriptedImporter) -> (artifact id: 'e340ff3d2e61b45911522bec18fb0d3f') in 0.0119088 seconds
Number of updated asset objects reloaded before import = 0Number of asset objects unloaded after import = 1

========================================================================
Received Import Request.
  Time since last request: 0.000034 seconds.
  path: Assets/Assets/KayKit_Forest_Nature_Pack_1.0_FREE/Assets/fbx(unity)/Grass_2_D_Color1.fbx
  artifactKey: Guid(733f1875bc323de4b947c755d8b8682a) Importer(2089858483,b0f066a214c2f5e87bad3c948f4d605d)
Start importing Assets/Assets/KayKit_Forest_Nature_Pack_1.0_FREE/Assets/fbx(unity)/Grass_2_D_Color1.fbx using Guid(733f1875bc323de4b947c755d8b8682a) Importer(2089858483,b0f066a214c2f5e87bad3c948f4d605d) (ScriptedImporter) -> (artifact id: '6037c5ec0704af2e5b23d53baf78365d') in 0.023903 seconds
Number of updated asset objects reloaded before import = 0Number of asset objects unloaded after import = 9

========================================================================
Received Import Request.
  Time since last request: 0.000039 seconds.
  path: Assets/Assets/KayKit_Forest_Nature_Pack_1.0_FREE/Assets/gltf/Tree_4_B_Color1.gltf
  artifactKey: Guid(e57fb8ee50601b04381cc745233d3e9f) Importer(2089858483,b0f066a214c2f5e87bad3c948f4d605d)
Start importing Assets/Assets/KayKit_Forest_Nature_Pack_1.0_FREE/Assets/gltf/Tree_4_B_Color1.gltf using Guid(e57fb8ee50601b04381cc745233d3e9f) Importer(2089858483,b0f066a214c2f5e87bad3c948f4d605d) (ScriptedImporter) -> (artifact id: '4ecf9c0cc5647531caa981415a951548') in 0.0112645 seconds
Number of updated asset objects reloaded before import = 0Number of asset objects unloaded after import = 1

========================================================================
Received Import Request.
  Time since last request: 0.000028 seconds.
  path: Assets/Assets/KayKit_Forest_Nature_Pack_1.0_FREE/Assets/fbx/Bush_3_A_Color1.fbx
  artifactKey: Guid(c49f2d65bdfac134681c43535c835e55) Importer(815301076,1909f56bfc062723c751e8b465ee728b)
Start importing Assets/Assets/KayKit_Forest_Nature_Pack_1.0_FREE/Assets/fbx/Bush_3_A_Color1.fbx using Guid(c49f2d65bdfac134681c43535c835e55) Importer(815301076,1909f56bfc062723c751e8b465ee728b) (PreviewImporter) -> (artifact id: '558cc1590017f80765c2cb3ebbaac6bd') in 0.0302612 seconds
Number of updated asset objects reloaded before import = 0Number of asset objects unloaded after import = 9

========================================================================
Received Import Request.
  Time since last request: 0.000032 seconds.
  path: Assets/Assets/KayKit_Forest_Nature_Pack_1.0_FREE/Assets/fbx/Bush_2_B_Color1.fbx
  artifactKey: Guid(a96850a511efaaf48b52058012c9ad85) Importer(815301076,1909f56bfc062723c751e8b465ee728b)
Start importing Assets/Assets/KayKit_Forest_Nature_Pack_1.0_FREE/Assets/fbx/Bush_2_B_Color1.fbx using Guid(a96850a511efaaf48b52058012c9ad85) Importer(815301076,1909f56bfc062723c751e8b465ee728b) (PreviewImporter) -> (artifact id: 'c928d62d4610516b849de66b99944646') in 0.0282902 seconds
Number of updated asset objects reloaded before import = 0Number of asset objects unloaded after import = 9

========================================================================
Received Import Request.
  Time since last request: 0.000027 seconds.
  path: Assets/Assets/KayKit_Forest_Nature_Pack_1.0_FREE/Assets/gltf/Bush_1_C_Color1.gltf
  artifactKey: Guid(59db405e2e7237b4f96483072553541b) Importer(2089858483,b0f066a214c2f5e87bad3c948f4d605d)
Start importing Assets/Assets/KayKit_Forest_Nature_Pack_1.0_FREE/Assets/gltf/Bush_1_C_Color1.gltf using Guid(59db405e2e7237b4f96483072553541b) Importer(2089858483,b0f066a214c2f5e87bad3c948f4d605d) (ScriptedImporter) -> (artifact id: '0facd24b46a6226abb0cdee9e6fe777b') in 0.0130619 seconds
Number of updated asset objects reloaded before import = 0Number of asset objects unloaded after import = 1

========================================================================
Received Import Request.
  Time since last request: 0.000034 seconds.
  path: Assets/Assets/KayKit_Forest_Nature_Pack_1.0_FREE/Assets/gltf/Bush_2_D_Color1.gltf
  artifactKey: Guid(7fffa344c9483054388ba9c8fc22ab7d) Importer(2089858483,b0f066a214c2f5e87bad3c948f4d605d)
Start importing Assets/Assets/KayKit_Forest_Nature_Pack_1.0_FREE/Assets/gltf/Bush_2_D_Color1.gltf using Guid(7fffa344c9483054388ba9c8fc22ab7d) Importer(2089858483,b0f066a214c2f5e87bad3c948f4d605d) (ScriptedImporter) -> (artifact id: '95218c39e4b96c7f396e053f332e8b68') in 0.0113992 seconds
Number of updated asset objects reloaded before import = 0Number of asset objects unloaded after import = 1

========================================================================
Received Import Request.
  Time since last request: 0.000036 seconds.
  path: Assets/Assets/KayKit_Forest_Nature_Pack_1.0_FREE/Assets/obj/Rock_3_K_Color1.obj
  artifactKey: Guid(24473aa5fe9d9c3439a63e825496e5c2) Importer(2089858483,b0f066a214c2f5e87bad3c948f4d605d)
Start importing Assets/Assets/KayKit_Forest_Nature_Pack_1.0_FREE/Assets/obj/Rock_3_K_Color1.obj using Guid(24473aa5fe9d9c3439a63e825496e5c2) Importer(2089858483,b0f066a214c2f5e87bad3c948f4d605d) (ScriptedImporter) -> (artifact id: 'dd47ae6bafb47e5a58dc0c6e7b9a12a9') in 0.0198493 seconds
Number of updated asset objects reloaded before import = 0Number of asset objects unloaded after import = 11

========================================================================
Received Import Request.
  Time since last request: 0.000029 seconds.
  path: Assets/Assets/KayKit_Forest_Nature_Pack_1.0_FREE/Assets/obj/Rock_1_I_Color1.mtl
  artifactKey: Guid(ca0b6001d8710284e81029e83f466039) Importer(2089858483,b0f066a214c2f5e87bad3c948f4d605d)
Start importing Assets/Assets/KayKit_Forest_Nature_Pack_1.0_FREE/Assets/obj/Rock_1_I_Color1.mtl using Guid(ca0b6001d8710284e81029e83f466039) Importer(2089858483,b0f066a214c2f5e87bad3c948f4d605d) (ScriptedImporter) -> (artifact id: '15d80437359f4fb036d53ac826c38e57') in 0.0119469 seconds
Number of updated asset objects reloaded before import = 0Number of asset objects unloaded after import = 1

========================================================================
Received Import Request.
  Time since last request: 0.000024 seconds.
  path: Assets/Assets/KayKit_Forest_Nature_Pack_1.0_FREE/Assets/gltf/Grass_2_SingleSided_Mesh.bin
  artifactKey: Guid(2dc4c16dba46d0f49942134b0301b08b) Importer(2089858483,b0f066a214c2f5e87bad3c948f4d605d)
Start importing Assets/Assets/KayKit_Forest_Nature_Pack_1.0_FREE/Assets/gltf/Grass_2_SingleSided_Mesh.bin using Guid(2dc4c16dba46d0f49942134b0301b08b) Importer(2089858483,b0f066a214c2f5e87bad3c948f4d605d) (ScriptedImporter) -> (artifact id: 'a4229fb1566518eaf793099835e6e89f') in 0.011018 seconds
Number of updated asset objects reloaded before import = 0Number of asset objects unloaded after import = 1

========================================================================
Received Import Request.
  Time since last request: 0.000024 seconds.
  path: Assets/Assets/KayKit_Forest_Nature_Pack_1.0_FREE/Assets/obj/Tree_3_A_Color1.mtl
  artifactKey: Guid(899131565b2e32c4c94482ee30a3cd03) Importer(2089858483,b0f066a214c2f5e87bad3c948f4d605d)
Start importing Assets/Assets/KayKit_Forest_Nature_Pack_1.0_FREE/Assets/obj/Tree_3_A_Color1.mtl using Guid(899131565b2e32c4c94482ee30a3cd03) Importer(2089858483,b0f066a214c2f5e87bad3c948f4d605d) (ScriptedImporter) -> (artifact id: 'f285604db6d18279d0e8107aec3d5dfa') in 0.013245 seconds
Number of updated asset objects reloaded before import = 0Number of asset objects unloaded after import = 1

========================================================================
Received Import Request.
  Time since last request: 0.000035 seconds.
  path: Assets/Assets/KayKit_Forest_Nature_Pack_1.0_FREE/Assets/obj/Tree_2_B_Color1.mtl
  artifactKey: Guid(a19b3788a7a9c024d8cda3fc02102eea) Importer(2089858483,b0f066a214c2f5e87bad3c948f4d605d)
Start importing Assets/Assets/KayKit_Forest_Nature_Pack_1.0_FREE/Assets/obj/Tree_2_B_Color1.mtl using Guid(a19b3788a7a9c024d8cda3fc02102eea) Importer(2089858483,b0f066a214c2f5e87bad3c948f4d605d) (ScriptedImporter) -> (artifact id: '61b9c14d1e4e3ad3c5cb365c765ec592') in 0.0119408 seconds
Number of updated asset objects reloaded before import = 0Number of asset objects unloaded after import = 1

========================================================================
Received Import Request.
  Time since last request: 0.000025 seconds.
  path: Assets/Assets/KayKit_Forest_Nature_Pack_1.0_FREE/Assets/fbx(unity)/Tree_Bare_1_C_Color1.fbx
  artifactKey: Guid(fa92958cab507bf4186379ce04d6f1aa) Importer(2089858483,b0f066a214c2f5e87bad3c948f4d605d)
Start importing Assets/Assets/KayKit_Forest_Nature_Pack_1.0_FREE/Assets/fbx(unity)/Tree_Bare_1_C_Color1.fbx using Guid(fa92958cab507bf4186379ce04d6f1aa) Importer(2089858483,b0f066a214c2f5e87bad3c948f4d605d) (ScriptedImporter) -> (artifact id: '051adbf104fbbf539c74961d7d8fc558') in 0.0245924 seconds
Number of updated asset objects reloaded before import = 0Number of asset objects unloaded after import = 9

========================================================================
Received Import Request.
  Time since last request: 0.000038 seconds.
  path: Assets/Assets/KayKit_Forest_Nature_Pack_1.0_FREE/Assets/gltf/Bush_2_C_Color1.gltf
  artifactKey: Guid(68ce8d14f853b2548a604b8ab30222fa) Importer(2089858483,b0f066a214c2f5e87bad3c948f4d605d)
Start importing Assets/Assets/KayKit_Forest_Nature_Pack_1.0_FREE/Assets/gltf/Bush_2_C_Color1.gltf using Guid(68ce8d14f853b2548a604b8ab30222fa) Importer(2089858483,b0f066a214c2f5e87bad3c948f4d605d) (ScriptedImporter) -> (artifact id: '9334c0991079b137e02d56cdf772c4f9') in 0.0124851 seconds
Number of updated asset objects reloaded before import = 0Number of asset objects unloaded after import = 1

========================================================================
Received Import Request.
  Time since last request: 0.000034 seconds.
  path: Assets/Assets/KayKit_Forest_Nature_Pack_1.0_FREE/Assets/obj/Rock_3_E_Color1.mtl
  artifactKey: Guid(1035fdcd1658cd341a388ec4384c1406) Importer(2089858483,b0f066a214c2f5e87bad3c948f4d605d)
Start importing Assets/Assets/KayKit_Forest_Nature_Pack_1.0_FREE/Assets/obj/Rock_3_E_Color1.mtl using Guid(1035fdcd1658cd341a388ec4384c1406) Importer(2089858483,b0f066a214c2f5e87bad3c948f4d605d) (ScriptedImporter) -> (artifact id: '85e0a994c25a76858d6f9ab1ffb4f56f') in 0.0112739 seconds
Number of updated asset objects reloaded before import = 0Number of asset objects unloaded after import = 1

========================================================================
Received Import Request.
  Time since last request: 0.000029 seconds.
  path: Assets/Assets/KayKit_Forest_Nature_Pack_1.0_FREE/Assets/fbx(unity)/Rock_1_D_Color1.fbx
  artifactKey: Guid(cc99f7a48be8d0f4f8242fc00be30b94) Importer(2089858483,b0f066a214c2f5e87bad3c948f4d605d)
Start importing Assets/Assets/KayKit_Forest_Nature_Pack_1.0_FREE/Assets/fbx(unity)/Rock_1_D_Color1.fbx using Guid(cc99f7a48be8d0f4f8242fc00be30b94) Importer(2089858483,b0f066a214c2f5e87bad3c948f4d605d) (ScriptedImporter) -> (artifact id: '7dbddad3e3e8f03f434272e0893c1227') in 0.0194145 seconds
Number of updated asset objects reloaded before import = 0Number of asset objects unloaded after import = 9

========================================================================
Received Import Request.
  Time since last request: 0.000037 seconds.
  path: Assets/Assets/KayKit_Forest_Nature_Pack_1.0_FREE/Assets/gltf/Bush_4_F_Color1.gltf
  artifactKey: Guid(dd98a6ca3b3b7ca4185efc358b0e151e) Importer(2089858483,b0f066a214c2f5e87bad3c948f4d605d)
Start importing Assets/Assets/KayKit_Forest_Nature_Pack_1.0_FREE/Assets/gltf/Bush_4_F_Color1.gltf using Guid(dd98a6ca3b3b7ca4185efc358b0e151e) Importer(2089858483,b0f066a214c2f5e87bad3c948f4d605d) (ScriptedImporter) -> (artifact id: '48484c6791fd9e8efcd418255f6ee17f') in 0.0107829 seconds
Number of updated asset objects reloaded before import = 0Number of asset objects unloaded after import = 1

========================================================================
Received Import Request.
  Time since last request: 0.000023 seconds.
  path: Assets/Assets/KayKit_Forest_Nature_Pack_1.0_FREE/Assets/gltf/Rock_1_P_Color1.bin
  artifactKey: Guid(e40ef543b0761614cb6a6c2a848354c2) Importer(2089858483,b0f066a214c2f5e87bad3c948f4d605d)
Start importing Assets/Assets/KayKit_Forest_Nature_Pack_1.0_FREE/Assets/gltf/Rock_1_P_Color1.bin using Guid(e40ef543b0761614cb6a6c2a848354c2) Importer(2089858483,b0f066a214c2f5e87bad3c948f4d605d) (ScriptedImporter) -> (artifact id: '42b2efb277183a0f8488fd0434bc65a2') in 0.012164 seconds
Number of updated asset objects reloaded before import = 0Number of asset objects unloaded after import = 1

========================================================================
Received Import Request.
  Time since last request: 0.000024 seconds.
  path: Assets/Assets/KayKit_Forest_Nature_Pack_1.0_FREE/Assets/gltf/Bush_3_C_Color1.bin
  artifactKey: Guid(56bd9718aa34a434c818f1943fea079f) Importer(2089858483,b0f066a214c2f5e87bad3c948f4d605d)
Start importing Assets/Assets/KayKit_Forest_Nature_Pack_1.0_FREE/Assets/gltf/Bush_3_C_Color1.bin using Guid(56bd9718aa34a434c818f1943fea079f) Importer(2089858483,b0f066a214c2f5e87bad3c948f4d605d) (ScriptedImporter) -> (artifact id: '548c664a62ea0d3d0f93319811b66d95') in 0.0110897 seconds
Number of updated asset objects reloaded before import = 0Number of asset objects unloaded after import = 1

========================================================================
Received Import Request.
  Time since last request: 0.000025 seconds.
  path: Assets/Assets/KayKit_Forest_Nature_Pack_1.0_FREE/Assets/gltf/Grass_2_B_Singlesided_Color1.gltf
  artifactKey: Guid(c85f3813c4f552b4f91ccbc0795135fe) Importer(2089858483,b0f066a214c2f5e87bad3c948f4d605d)
Start importing Assets/Assets/KayKit_Forest_Nature_Pack_1.0_FREE/Assets/gltf/Grass_2_B_Singlesided_Color1.gltf using Guid(c85f3813c4f552b4f91ccbc0795135fe) Importer(2089858483,b0f066a214c2f5e87bad3c948f4d605d) (ScriptedImporter) -> (artifact id: '076d3a86051bb9f7362da7b3be7a2c4e') in 0.0120866 seconds
Number of updated asset objects reloaded before import = 0Number of asset objects unloaded after import = 1

========================================================================
Received Import Request.
  Time since last request: 0.000037 seconds.
  path: Assets/Assets/KayKit_Forest_Nature_Pack_1.0_FREE/Assets/obj/Bush_2_B_Color1.obj
  artifactKey: Guid(ef2d8e6fa0c48a947a882cde8e38a926) Importer(2089858483,b0f066a214c2f5e87bad3c948f4d605d)
Start importing Assets/Assets/KayKit_Forest_Nature_Pack_1.0_FREE/Assets/obj/Bush_2_B_Color1.obj using Guid(ef2d8e6fa0c48a947a882cde8e38a926) Importer(2089858483,b0f066a214c2f5e87bad3c948f4d605d) (ScriptedImporter) -> (artifact id: '6895a29e734d1b63cc739170398c7482') in 0.0191998 seconds
Number of updated asset objects reloaded before import = 0Number of asset objects unloaded after import = 11

========================================================================
Received Import Request.
  Time since last request: 0.000060 seconds.
  path: Assets/Assets/KayKit_Forest_Nature_Pack_1.0_FREE/Assets/gltf/Bush_3_A_Color1.gltf
  artifactKey: Guid(afdf62b602ad545439e062051eeb60ef) Importer(2089858483,b0f066a214c2f5e87bad3c948f4d605d)
Start importing Assets/Assets/KayKit_Forest_Nature_Pack_1.0_FREE/Assets/gltf/Bush_3_A_Color1.gltf using Guid(afdf62b602ad545439e062051eeb60ef) Importer(2089858483,b0f066a214c2f5e87bad3c948f4d605d) (ScriptedImporter) -> (artifact id: '795c42030278a1d442a6ba26178b264d') in 0.012197 seconds
Number of updated asset objects reloaded before import = 0Number of asset objects unloaded after import = 1

========================================================================
Received Import Request.
  Time since last request: 0.000025 seconds.
  path: Assets/Assets/KayKit_Forest_Nature_Pack_1.0_FREE/Assets/fbx/Rock_3_P_Color1.fbx
  artifactKey: Guid(5a557c29d801df34a94739ad29e8f3e0) Importer(2089858483,b0f066a214c2f5e87bad3c948f4d605d)
Start importing Assets/Assets/KayKit_Forest_Nature_Pack_1.0_FREE/Assets/fbx/Rock_3_P_Color1.fbx using Guid(5a557c29d801df34a94739ad29e8f3e0) Importer(2089858483,b0f066a214c2f5e87bad3c948f4d605d) (ScriptedImporter) -> (artifact id: 'de64ee0d9a1e4fd127597c1a37e77585') in 0.0240434 seconds
Number of updated asset objects reloaded before import = 0Number of asset objects unloaded after import = 9

========================================================================
Received Import Request.
  Time since last request: 0.000029 seconds.
  path: Assets/Assets/KayKit_Forest_Nature_Pack_1.0_FREE/Assets/obj/Grass_1_B_Color1.mtl
  artifactKey: Guid(dc741f5d574a4cc4b9426952ce55207b) Importer(2089858483,b0f066a214c2f5e87bad3c948f4d605d)
Start importing Assets/Assets/KayKit_Forest_Nature_Pack_1.0_FREE/Assets/obj/Grass_1_B_Color1.mtl using Guid(dc741f5d574a4cc4b9426952ce55207b) Importer(2089858483,b0f066a214c2f5e87bad3c948f4d605d) (ScriptedImporter) -> (artifact id: 'd86a73201533f31fbb322ccf92ed5da3') in 0.0121564 seconds
Number of updated asset objects reloaded before import = 0Number of asset objects unloaded after import = 1

========================================================================
Received Import Request.
  Time since last request: 0.000034 seconds.
  path: Assets/Assets/KayKit_Forest_Nature_Pack_1.0_FREE/Assets/fbx/Bush_1_G_Color1.fbx
  artifactKey: Guid(5343767ffd5e7574396a4677aad392eb) Importer(815301076,1909f56bfc062723c751e8b465ee728b)
Start importing Assets/Assets/KayKit_Forest_Nature_Pack_1.0_FREE/Assets/fbx/Bush_1_G_Color1.fbx using Guid(5343767ffd5e7574396a4677aad392eb) Importer(815301076,1909f56bfc062723c751e8b465ee728b) (PreviewImporter) -> (artifact id: 'bf6759808fd702f6bdf8b672f4a11639') in 0.0259775 seconds
Number of updated asset objects reloaded before import = 0Number of asset objects unloaded after import = 9

========================================================================
Received Import Request.
  Time since last request: 0.000037 seconds.
  path: Assets/Assets/KayKit_Forest_Nature_Pack_1.0_FREE/Assets/fbx/Grass_1_SingleSided_Mesh.fbx
  artifactKey: Guid(a65604512c00fe14b8f9d2cbcc2d3978) Importer(2089858483,b0f066a214c2f5e87bad3c948f4d605d)
Start importing Assets/Assets/KayKit_Forest_Nature_Pack_1.0_FREE/Assets/fbx/Grass_1_SingleSided_Mesh.fbx using Guid(a65604512c00fe14b8f9d2cbcc2d3978) Importer(2089858483,b0f066a214c2f5e87bad3c948f4d605d) (ScriptedImporter) -> (artifact id: '9f47c2bbaec7fa24a64eb46f37d54b63') in 0.0182624 seconds
Number of updated asset objects reloaded before import = 0Number of asset objects unloaded after import = 7

========================================================================
Received Import Request.
  Time since last request: 0.000030 seconds.
  path: Assets/Assets/KayKit_Forest_Nature_Pack_1.0_FREE/Assets/obj/Grass_2_Mesh.obj
  artifactKey: Guid(ed6c5d6bccd603c40b82882fdc1d5361) Importer(2089858483,b0f066a214c2f5e87bad3c948f4d605d)
Start importing Assets/Assets/KayKit_Forest_Nature_Pack_1.0_FREE/Assets/obj/Grass_2_Mesh.obj using Guid(ed6c5d6bccd603c40b82882fdc1d5361) Importer(2089858483,b0f066a214c2f5e87bad3c948f4d605d) (ScriptedImporter) -> (artifact id: '555006915c216dbca11434dec24cbed4') in 0.0161756 seconds
Number of updated asset objects reloaded before import = 0Number of asset objects unloaded after import = 10

========================================================================
Received Import Request.
  Time since last request: 0.000029 seconds.
  path: Assets/Assets/KayKit_Forest_Nature_Pack_1.0_FREE/Assets/fbx/Grass_2_SingleSided_Mesh.fbx
  artifactKey: Guid(65e1aad480bedc842b3218a0e4a1137f) Importer(2089858483,b0f066a214c2f5e87bad3c948f4d605d)
Start importing Assets/Assets/KayKit_Forest_Nature_Pack_1.0_FREE/Assets/fbx/Grass_2_SingleSided_Mesh.fbx using Guid(65e1aad480bedc842b3218a0e4a1137f) Importer(2089858483,b0f066a214c2f5e87bad3c948f4d605d) (ScriptedImporter) -> (artifact id: '1d4f7830abb0c03ee64fbb8476a23dde') in 0.0180859 seconds
Number of updated asset objects reloaded before import = 0Number of asset objects unloaded after import = 7

========================================================================
Received Import Request.
  Time since last request: 0.000024 seconds.
  path: Assets/Assets/KayKit_Forest_Nature_Pack_1.0_FREE/Assets/gltf/Grass_1_B_Color1.bin
  artifactKey: Guid(d9593d3c8ff88ee4883281d130cb17dc) Importer(2089858483,b0f066a214c2f5e87bad3c948f4d605d)
Start importing Assets/Assets/KayKit_Forest_Nature_Pack_1.0_FREE/Assets/gltf/Grass_1_B_Color1.bin using Guid(d9593d3c8ff88ee4883281d130cb17dc) Importer(2089858483,b0f066a214c2f5e87bad3c948f4d605d) (ScriptedImporter) -> (artifact id: '2f911924c1529b43d1b431b293fe6f51') in 0.0107135 seconds
Number of updated asset objects reloaded before import = 0Number of asset objects unloaded after import = 1

========================================================================
Received Import Request.
  Time since last request: 0.000032 seconds.
  path: Assets/Assets/KayKit_Forest_Nature_Pack_1.0_FREE/Assets/gltf/Tree_1_A_Color1.gltf
  artifactKey: Guid(6e56d6e630a9ec5429cfac776b3c3636) Importer(2089858483,b0f066a214c2f5e87bad3c948f4d605d)
Start importing Assets/Assets/KayKit_Forest_Nature_Pack_1.0_FREE/Assets/gltf/Tree_1_A_Color1.gltf using Guid(6e56d6e630a9ec5429cfac776b3c3636) Importer(2089858483,b0f066a214c2f5e87bad3c948f4d605d) (ScriptedImporter) -> (artifact id: '9cdca6c37b9446f3c6f86b3f01ddf8fe') in 0.0125004 seconds
Number of updated asset objects reloaded before import = 0Number of asset objects unloaded after import = 1

========================================================================
Received Import Request.
  Time since last request: 0.000030 seconds.
  path: Assets/Assets/KayKit_Forest_Nature_Pack_1.0_FREE/Assets/obj/Tree_1_A_Color1.obj
  artifactKey: Guid(0053d52ab474a804fb6543c3c0a10311) Importer(2089858483,b0f066a214c2f5e87bad3c948f4d605d)
Start importing Assets/Assets/KayKit_Forest_Nature_Pack_1.0_FREE/Assets/obj/Tree_1_A_Color1.obj using Guid(0053d52ab474a804fb6543c3c0a10311) Importer(2089858483,b0f066a214c2f5e87bad3c948f4d605d) (ScriptedImporter) -> (artifact id: '84fd71a173bfc61509e742449ccc1789') in 0.0214478 seconds
Number of updated asset objects reloaded before import = 0Number of asset objects unloaded after import = 11

========================================================================
Received Import Request.
  Time since last request: 0.000044 seconds.
  path: Assets/Assets/KayKit_Forest_Nature_Pack_1.0_FREE/Assets/gltf/Bush_2_B_Color1.bin
  artifactKey: Guid(b6f821e391313164abea50a7ee20106d) Importer(2089858483,b0f066a214c2f5e87bad3c948f4d605d)
Start importing Assets/Assets/KayKit_Forest_Nature_Pack_1.0_FREE/Assets/gltf/Bush_2_B_Color1.bin using Guid(b6f821e391313164abea50a7ee20106d) Importer(2089858483,b0f066a214c2f5e87bad3c948f4d605d) (ScriptedImporter) -> (artifact id: '11ec98bc62a4c8745d9343c9a4630817') in 0.0115846 seconds
Number of updated asset objects reloaded before import = 0Number of asset objects unloaded after import = 1

========================================================================
Received Import Request.
  Time since last request: 0.000026 seconds.
  path: Assets/Assets/KayKit_Forest_Nature_Pack_1.0_FREE/Assets/fbx/Rock_2_C_Color1.fbx
  artifactKey: Guid(ab44707cfbc3ffa4cb1941495774ed26) Importer(2089858483,b0f066a214c2f5e87bad3c948f4d605d)
Start importing Assets/Assets/KayKit_Forest_Nature_Pack_1.0_FREE/Assets/fbx/Rock_2_C_Color1.fbx using Guid(ab44707cfbc3ffa4cb1941495774ed26) Importer(2089858483,b0f066a214c2f5e87bad3c948f4d605d) (ScriptedImporter) -> (artifact id: '5a0ec247354ee86ed48efe8e4c4f8d30') in 0.0210075 seconds
Number of updated asset objects reloaded before import = 0Number of asset objects unloaded after import = 9

========================================================================
Received Import Request.
  Time since last request: 0.000026 seconds.
  path: Assets/Assets/KayKit_Forest_Nature_Pack_1.0_FREE/Discord Server.url
  artifactKey: Guid(dd710936ba8cf2949a188e50d5bdbde0) Importer(2089858483,b0f066a214c2f5e87bad3c948f4d605d)
Start importing Assets/Assets/KayKit_Forest_Nature_Pack_1.0_FREE/Discord Server.url using Guid(dd710936ba8cf2949a188e50d5bdbde0) Importer(2089858483,b0f066a214c2f5e87bad3c948f4d605d) (ScriptedImporter) -> (artifact id: '4dc93166ba2043645fde30785c12a2d0') in 0.0115097 seconds
Number of updated asset objects reloaded before import = 0Number of asset objects unloaded after import = 1

========================================================================
Received Import Request.
  Time since last request: 0.000023 seconds.
  path: Assets/Assets/KayKit_Forest_Nature_Pack_1.0_FREE/Assets/obj/Grass_1_D_Singlesided_Color1.obj
  artifactKey: Guid(2a4d287a9dac5d642ab001627117518c) Importer(2089858483,b0f066a214c2f5e87bad3c948f4d605d)
Start importing Assets/Assets/KayKit_Forest_Nature_Pack_1.0_FREE/Assets/obj/Grass_1_D_Singlesided_Color1.obj using Guid(2a4d287a9dac5d642ab001627117518c) Importer(2089858483,b0f066a214c2f5e87bad3c948f4d605d) (ScriptedImporter) -> (artifact id: 'afacc6023c35b116025aeec20109f8f6') in 0.017141 seconds
Number of updated asset objects reloaded before import = 0Number of asset objects unloaded after import = 11

========================================================================
Received Import Request.
  Time since last request: 0.000030 seconds.
  path: Assets/Assets/KayKit_Forest_Nature_Pack_1.0_FREE/Assets/fbx(unity)/Rock_3_A_Color1.fbx
  artifactKey: Guid(d574e24b1c77b9d4f9ee8e34b0d7c6bb) Importer(2089858483,b0f066a214c2f5e87bad3c948f4d605d)
Start importing Assets/Assets/KayKit_Forest_Nature_Pack_1.0_FREE/Assets/fbx(unity)/Rock_3_A_Color1.fbx using Guid(d574e24b1c77b9d4f9ee8e34b0d7c6bb) Importer(2089858483,b0f066a214c2f5e87bad3c948f4d605d) (ScriptedImporter) -> (artifact id: '9ded669c84bc1318584d316b26833085') in 0.0210106 seconds
Number of updated asset objects reloaded before import = 0Number of asset objects unloaded after import = 9

========================================================================
Received Import Request.
  Time since last request: 0.000036 seconds.
  path: Assets/Assets/KayKit_Forest_Nature_Pack_1.0_FREE/Assets/obj/Rock_1_G_Color1.mtl
  artifactKey: Guid(a9653c464daa93841be712fce9a84fa6) Importer(2089858483,b0f066a214c2f5e87bad3c948f4d605d)
Start importing Assets/Assets/KayKit_Forest_Nature_Pack_1.0_FREE/Assets/obj/Rock_1_G_Color1.mtl using Guid(a9653c464daa93841be712fce9a84fa6) Importer(2089858483,b0f066a214c2f5e87bad3c948f4d605d) (ScriptedImporter) -> (artifact id: 'e61aeb2870242130a286ef4ec473da81') in 0.011509 seconds
Number of updated asset objects reloaded before import = 0Number of asset objects unloaded after import = 1

========================================================================
Received Import Request.
  Time since last request: 0.000026 seconds.
  path: Assets/Assets/KayKit_Forest_Nature_Pack_1.0_FREE/Assets/fbx/Bush_3_C_Color1.fbx
  artifactKey: Guid(5e1dbf82bd4b99c4e9f57ca96d03d715) Importer(815301076,1909f56bfc062723c751e8b465ee728b)
Start importing Assets/Assets/KayKit_Forest_Nature_Pack_1.0_FREE/Assets/fbx/Bush_3_C_Color1.fbx using Guid(5e1dbf82bd4b99c4e9f57ca96d03d715) Importer(815301076,1909f56bfc062723c751e8b465ee728b) (PreviewImporter) -> (artifact id: 'e46f43c29dae6113199a93dcca335ff5') in 0.0278 seconds
Number of updated asset objects reloaded before import = 0Number of asset objects unloaded after import = 9

========================================================================
Received Import Request.
  Time since last request: 0.000026 seconds.
  path: Assets/Assets/KayKit_Forest_Nature_Pack_1.0_FREE/Assets/fbx/Bush_4_C_Color1.fbx
  artifactKey: Guid(a247c0850705eda4ea41d2feddd151f2) Importer(815301076,1909f56bfc062723c751e8b465ee728b)
Start importing Assets/Assets/KayKit_Forest_Nature_Pack_1.0_FREE/Assets/fbx/Bush_4_C_Color1.fbx using Guid(a247c0850705eda4ea41d2feddd151f2) Importer(815301076,1909f56bfc062723c751e8b465ee728b) (PreviewImporter) -> (artifact id: '1adebc600d627672a59017ec9eb235e6') in 0.0315231 seconds
Number of updated asset objects reloaded before import = 0Number of asset objects unloaded after import = 9

========================================================================
Received Import Request.
  Time since last request: 0.000032 seconds.
  path: Assets/Assets/KayKit_Forest_Nature_Pack_1.0_FREE/Assets/fbx/Bush_4_D_Color1.fbx
  artifactKey: Guid(549b8da30b15b6841a522d25e77a9d8f) Importer(815301076,1909f56bfc062723c751e8b465ee728b)
Start importing Assets/Assets/KayKit_Forest_Nature_Pack_1.0_FREE/Assets/fbx/Bush_4_D_Color1.fbx using Guid(549b8da30b15b6841a522d25e77a9d8f) Importer(815301076,1909f56bfc062723c751e8b465ee728b) (PreviewImporter) -> (artifact id: 'f3836454e90ecbb4ba38c440124aea3f') in 0.02678 seconds
Number of updated asset objects reloaded before import = 0Number of asset objects unloaded after import = 9

========================================================================
Received Import Request.
  Time since last request: 0.000031 seconds.
  path: Assets/Assets/KayKit_Forest_Nature_Pack_1.0_FREE/Assets/obj/Tree_1_C_Color1.obj
  artifactKey: Guid(cd91d55df9197c149b82b6a332605255) Importer(2089858483,b0f066a214c2f5e87bad3c948f4d605d)
Start importing Assets/Assets/KayKit_Forest_Nature_Pack_1.0_FREE/Assets/obj/Tree_1_C_Color1.obj using Guid(cd91d55df9197c149b82b6a332605255) Importer(2089858483,b0f066a214c2f5e87bad3c948f4d605d) (ScriptedImporter) -> (artifact id: '6494d2414fab56bf22eb875271e02d9f') in 0.0231551 seconds
Number of updated asset objects reloaded before import = 0Number of asset objects unloaded after import = 11

========================================================================
Received Import Request.
  Time since last request: 0.000041 seconds.
  path: Assets/Assets/KayKit_Forest_Nature_Pack_1.0_FREE/Assets/fbx(unity)/Bush_3_A_Color1.fbx
  artifactKey: Guid(aab9432f5fe03534f938a976788c6954) Importer(2089858483,b0f066a214c2f5e87bad3c948f4d605d)
Start importing Assets/Assets/KayKit_Forest_Nature_Pack_1.0_FREE/Assets/fbx(unity)/Bush_3_A_Color1.fbx using Guid(aab9432f5fe03534f938a976788c6954) Importer(2089858483,b0f066a214c2f5e87bad3c948f4d605d) (ScriptedImporter) -> (artifact id: '6a6496898db366c3c0d18398749efc0c') in 0.0214154 seconds
Number of updated asset objects reloaded before import = 0Number of asset objects unloaded after import = 9

========================================================================
Received Import Request.
  Time since last request: 0.000025 seconds.
  path: Assets/Assets/KayKit_Forest_Nature_Pack_1.0_FREE/Assets/fbx(unity)/Grass_1_A_Color1.fbx
  artifactKey: Guid(bd2ac442c5156754a8e81df546a18941) Importer(2089858483,b0f066a214c2f5e87bad3c948f4d605d)
Start importing Assets/Assets/KayKit_Forest_Nature_Pack_1.0_FREE/Assets/fbx(unity)/Grass_1_A_Color1.fbx using Guid(bd2ac442c5156754a8e81df546a18941) Importer(2089858483,b0f066a214c2f5e87bad3c948f4d605d) (ScriptedImporter) -> (artifact id: '242bd809a5cd84bbc230b6bed3d6b398') in 0.0258083 seconds
Number of updated asset objects reloaded before import = 0Number of asset objects unloaded after import = 9

========================================================================
Received Import Request.
  Time since last request: 0.000030 seconds.
  path: Assets/Assets/KayKit_Forest_Nature_Pack_1.0_FREE/Assets/obj/Grass_1_D_Color1.obj
  artifactKey: Guid(fd9362380289dad4f94273c66123b102) Importer(2089858483,b0f066a214c2f5e87bad3c948f4d605d)
Start importing Assets/Assets/KayKit_Forest_Nature_Pack_1.0_FREE/Assets/obj/Grass_1_D_Color1.obj using Guid(fd9362380289dad4f94273c66123b102) Importer(2089858483,b0f066a214c2f5e87bad3c948f4d605d) (ScriptedImporter) -> (artifact id: '639c0c2f4866118166aa0adcc908c6e3') in 0.0231062 seconds
Number of updated asset objects reloaded before import = 0Number of asset objects unloaded after import = 11

========================================================================
Received Import Request.
  Time since last request: 0.000031 seconds.
  path: Assets/Assets/KayKit_Forest_Nature_Pack_1.0_FREE/Assets/fbx(unity)/Grass_1_C_Color1.fbx
  artifactKey: Guid(f46c580db2f2d0a4c8b4b3736aa2c166) Importer(2089858483,b0f066a214c2f5e87bad3c948f4d605d)
Start importing Assets/Assets/KayKit_Forest_Nature_Pack_1.0_FREE/Assets/fbx(unity)/Grass_1_C_Color1.fbx using Guid(f46c580db2f2d0a4c8b4b3736aa2c166) Importer(2089858483,b0f066a214c2f5e87bad3c948f4d605d) (ScriptedImporter) -> (artifact id: '5df4da0714ab0b1766e6f537effca21c') in 0.0230581 seconds
Number of updated asset objects reloaded before import = 0Number of asset objects unloaded after import = 9

========================================================================
Received Import Request.
  Time since last request: 0.000048 seconds.
  path: Assets/Assets/KayKit_Forest_Nature_Pack_1.0_FREE/Assets/gltf/Rock_2_B_Color1.bin
  artifactKey: Guid(427074167d20d6d4193a6ca43d774e1d) Importer(2089858483,b0f066a214c2f5e87bad3c948f4d605d)
Start importing Assets/Assets/KayKit_Forest_Nature_Pack_1.0_FREE/Assets/gltf/Rock_2_B_Color1.bin using Guid(427074167d20d6d4193a6ca43d774e1d) Importer(2089858483,b0f066a214c2f5e87bad3c948f4d605d) (ScriptedImporter) -> (artifact id: '848fa27c95548d9176e01bba42895ac4') in 0.013042 seconds
Number of updated asset objects reloaded before import = 0Number of asset objects unloaded after import = 1

========================================================================
Received Import Request.
  Time since last request: 0.000023 seconds.
  path: Assets/Assets/KayKit_Forest_Nature_Pack_1.0_FREE/Assets/gltf/Grass_2_B_Color1.gltf
  artifactKey: Guid(d48113a42ed134d499e4afb3e3f9702e) Importer(2089858483,b0f066a214c2f5e87bad3c948f4d605d)
Start importing Assets/Assets/KayKit_Forest_Nature_Pack_1.0_FREE/Assets/gltf/Grass_2_B_Color1.gltf using Guid(d48113a42ed134d499e4afb3e3f9702e) Importer(2089858483,b0f066a214c2f5e87bad3c948f4d605d) (ScriptedImporter) -> (artifact id: '532c6878dc88d177139d83bbff1a4d2a') in 0.0116893 seconds
Number of updated asset objects reloaded before import = 0Number of asset objects unloaded after import = 1

========================================================================
Received Import Request.
  Time since last request: 0.000024 seconds.
  path: Assets/Assets/KayKit_Forest_Nature_Pack_1.0_FREE/Assets/obj/Bush_1_B_Color1.mtl
  artifactKey: Guid(b0b57a3995abde341bc391d00e5d01c6) Importer(2089858483,b0f066a214c2f5e87bad3c948f4d605d)
Start importing Assets/Assets/KayKit_Forest_Nature_Pack_1.0_FREE/Assets/obj/Bush_1_B_Color1.mtl using Guid(b0b57a3995abde341bc391d00e5d01c6) Importer(2089858483,b0f066a214c2f5e87bad3c948f4d605d) (ScriptedImporter) -> (artifact id: '9f5d0d9c879f7b319fbe55a1a3c7db28') in 0.0114102 seconds
Number of updated asset objects reloaded before import = 0Number of asset objects unloaded after import = 1

========================================================================
Received Import Request.
  Time since last request: 0.000036 seconds.
  path: Assets/Assets/KayKit_Forest_Nature_Pack_1.0_FREE/Assets/fbx(unity)/Bush_4_E_Color1.fbx
  artifactKey: Guid(adb213f84848b884caf9afd8077c0261) Importer(2089858483,b0f066a214c2f5e87bad3c948f4d605d)
Start importing Assets/Assets/KayKit_Forest_Nature_Pack_1.0_FREE/Assets/fbx(unity)/Bush_4_E_Color1.fbx using Guid(adb213f84848b884caf9afd8077c0261) Importer(2089858483,b0f066a214c2f5e87bad3c948f4d605d) (ScriptedImporter) -> (artifact id: '58e315d32bbeeb3ddfdee0ca26401d81') in 0.0191637 seconds
Number of updated asset objects reloaded before import = 0Number of asset objects unloaded after import = 9

========================================================================
Received Import Request.
  Time since last request: 0.000034 seconds.
  path: Assets/Assets/KayKit_Forest_Nature_Pack_1.0_FREE/Assets/obj/Bush_1_A_Color1.mtl
  artifactKey: Guid(c3a626301b90c1c468e4e70d6eaa9d55) Importer(2089858483,b0f066a214c2f5e87bad3c948f4d605d)
Start importing Assets/Assets/KayKit_Forest_Nature_Pack_1.0_FREE/Assets/obj/Bush_1_A_Color1.mtl using Guid(c3a626301b90c1c468e4e70d6eaa9d55) Importer(2089858483,b0f066a214c2f5e87bad3c948f4d605d) (ScriptedImporter) -> (artifact id: 'daafc671d944edd9c063cb4c02c954f1') in 0.0110762 seconds
Number of updated asset objects reloaded before import = 0Number of asset objects unloaded after import = 1

========================================================================
Received Import Request.
  Time since last request: 0.000041 seconds.
  path: Assets/Assets/KayKit_Forest_Nature_Pack_1.0_FREE/Assets/gltf/Grass_1_B_Singlesided_Color1.gltf
  artifactKey: Guid(cdceefe581fd6314d945d53ff773f26e) Importer(2089858483,b0f066a214c2f5e87bad3c948f4d605d)
Start importing Assets/Assets/KayKit_Forest_Nature_Pack_1.0_FREE/Assets/gltf/Grass_1_B_Singlesided_Color1.gltf using Guid(cdceefe581fd6314d945d53ff773f26e) Importer(2089858483,b0f066a214c2f5e87bad3c948f4d605d) (ScriptedImporter) -> (artifact id: '29a6df328c75d95df49ac5d4f46fbb17') in 0.012623 seconds
Number of updated asset objects reloaded before import = 0Number of asset objects unloaded after import = 1

========================================================================
Received Import Request.
  Time since last request: 0.000024 seconds.
  path: Assets/Assets/KayKit_Forest_Nature_Pack_1.0_FREE/Assets/fbx(unity)/Grass_2_A_Color1.fbx
  artifactKey: Guid(78e64055a6439104b8d2c86b3afdb5fb) Importer(2089858483,b0f066a214c2f5e87bad3c948f4d605d)
Start importing Assets/Assets/KayKit_Forest_Nature_Pack_1.0_FREE/Assets/fbx(unity)/Grass_2_A_Color1.fbx using Guid(78e64055a6439104b8d2c86b3afdb5fb) Importer(2089858483,b0f066a214c2f5e87bad3c948f4d605d) (ScriptedImporter) -> (artifact id: 'd1f1a3d26d6fd8de9fbd8231157137c3') in 0.0237685 seconds
Number of updated asset objects reloaded before import = 0Number of asset objects unloaded after import = 9

========================================================================
Received Import Request.
  Time since last request: 0.000031 seconds.
  path: Assets/Assets/KayKit_Forest_Nature_Pack_1.0_FREE/Assets/gltf/Rock_2_G_Color1.bin
  artifactKey: Guid(dd480d871f514df49a7e85bd3fc7864c) Importer(2089858483,b0f066a214c2f5e87bad3c948f4d605d)
Start importing Assets/Assets/KayKit_Forest_Nature_Pack_1.0_FREE/Assets/gltf/Rock_2_G_Color1.bin using Guid(dd480d871f514df49a7e85bd3fc7864c) Importer(2089858483,b0f066a214c2f5e87bad3c948f4d605d) (ScriptedImporter) -> (artifact id: 'b09fed155d5758942735db5847062301') in 0.0123767 seconds
Number of updated asset objects reloaded before import = 0Number of asset objects unloaded after import = 1

========================================================================
Received Import Request.
  Time since last request: 0.000027 seconds.
  path: Assets/Assets/KayKit_Forest_Nature_Pack_1.0_FREE/Assets/gltf/Rock_1_C_Color1.bin
  artifactKey: Guid(12d88cc70de456a4ca9ee2fb2c3d1cda) Importer(2089858483,b0f066a214c2f5e87bad3c948f4d605d)
Start importing Assets/Assets/KayKit_Forest_Nature_Pack_1.0_FREE/Assets/gltf/Rock_1_C_Color1.bin using Guid(12d88cc70de456a4ca9ee2fb2c3d1cda) Importer(2089858483,b0f066a214c2f5e87bad3c948f4d605d) (ScriptedImporter) -> (artifact id: '685bfed3ca79f6f35ac11d95c8b38634') in 0.0141943 seconds
Number of updated asset objects reloaded before import = 0Number of asset objects unloaded after import = 1

========================================================================
Received Import Request.
  Time since last request: 0.000033 seconds.
  path: Assets/Assets/KayKit_Forest_Nature_Pack_1.0_FREE/Assets/fbx(unity)/Bush_1_E_Color1.fbx
  artifactKey: Guid(960a3f35f7f01924a8d624fa92725f38) Importer(2089858483,b0f066a214c2f5e87bad3c948f4d605d)
Start importing Assets/Assets/KayKit_Forest_Nature_Pack_1.0_FREE/Assets/fbx(unity)/Bush_1_E_Color1.fbx using Guid(960a3f35f7f01924a8d624fa92725f38) Importer(2089858483,b0f066a214c2f5e87bad3c948f4d605d) (ScriptedImporter) -> (artifact id: 'e4c37a0af0f2d906265509c40159fc7c') in 0.0208851 seconds
Number of updated asset objects reloaded before import = 0Number of asset objects unloaded after import = 9

========================================================================
Received Import Request.
  Time since last request: 0.000056 seconds.
  path: Assets/Assets/KayKit_Forest_Nature_Pack_1.0_FREE/Assets/fbx/Rock_2_A_Color1.fbx
  artifactKey: Guid(73dbe72850cc22c47bae3fa8717a7948) Importer(2089858483,b0f066a214c2f5e87bad3c948f4d605d)
Start importing Assets/Assets/KayKit_Forest_Nature_Pack_1.0_FREE/Assets/fbx/Rock_2_A_Color1.fbx using Guid(73dbe72850cc22c47bae3fa8717a7948) Importer(2089858483,b0f066a214c2f5e87bad3c948f4d605d) (ScriptedImporter) -> (artifact id: '72d0dbc06c434897d663ce0fd9c90c31') in 0.0195989 seconds
Number of updated asset objects reloaded before import = 0Number of asset objects unloaded after import = 9

========================================================================
Received Import Request.
  Time since last request: 0.000037 seconds.
  path: Assets/Assets/KayKit_Forest_Nature_Pack_1.0_FREE/Assets/fbx(unity)/Grass_2_C_Singlesided_Color1.fbx
  artifactKey: Guid(03906d389a2156f4aad52a7ad1915862) Importer(2089858483,b0f066a214c2f5e87bad3c948f4d605d)
Start importing Assets/Assets/KayKit_Forest_Nature_Pack_1.0_FREE/Assets/fbx(unity)/Grass_2_C_Singlesided_Color1.fbx using Guid(03906d389a2156f4aad52a7ad1915862) Importer(2089858483,b0f066a214c2f5e87bad3c948f4d605d) (ScriptedImporter) -> (artifact id: '99f0a9677a9807c306e8654f00350768') in 0.0239888 seconds
Number of updated asset objects reloaded before import = 0Number of asset objects unloaded after import = 9

========================================================================
Received Import Request.
  Time since last request: 0.000041 seconds.
  path: Assets/Assets/KayKit_Forest_Nature_Pack_1.0_FREE/Assets/obj/Grass_1_SingleSided_Mesh.obj
  artifactKey: Guid(9900fe7edc6c79648b6d172fcb0dd2ce) Importer(2089858483,b0f066a214c2f5e87bad3c948f4d605d)
Start importing Assets/Assets/KayKit_Forest_Nature_Pack_1.0_FREE/Assets/obj/Grass_1_SingleSided_Mesh.obj using Guid(9900fe7edc6c79648b6d172fcb0dd2ce) Importer(2089858483,b0f066a214c2f5e87bad3c948f4d605d) (ScriptedImporter) -> (artifact id: '4d761cd145807ec62acd9a4744b1a3bc') in 0.020554 seconds
Number of updated asset objects reloaded before import = 0Number of asset objects unloaded after import = 10

========================================================================
Received Import Request.
  Time since last request: 0.000032 seconds.
  path: Assets/Assets/KayKit_Forest_Nature_Pack_1.0_FREE/Assets/obj/Tree_3_C_Color1.mtl
  artifactKey: Guid(481bcf200206a2245916ead6a05caf85) Importer(2089858483,b0f066a214c2f5e87bad3c948f4d605d)
Start importing Assets/Assets/KayKit_Forest_Nature_Pack_1.0_FREE/Assets/obj/Tree_3_C_Color1.mtl using Guid(481bcf200206a2245916ead6a05caf85) Importer(2089858483,b0f066a214c2f5e87bad3c948f4d605d) (ScriptedImporter) -> (artifact id: 'b4ab3c35b2ed86935988aad3f9925daa') in 0.0125185 seconds
Number of updated asset objects reloaded before import = 0Number of asset objects unloaded after import = 1

========================================================================
Received Import Request.
  Time since last request: 0.000029 seconds.
  path: Assets/Assets/KayKit_Forest_Nature_Pack_1.0_FREE/Assets/gltf/Rock_3_B_Color1.bin
  artifactKey: Guid(21571b292118f8f4bbeeec6c9cf3a161) Importer(2089858483,b0f066a214c2f5e87bad3c948f4d605d)
Start importing Assets/Assets/KayKit_Forest_Nature_Pack_1.0_FREE/Assets/gltf/Rock_3_B_Color1.bin using Guid(21571b292118f8f4bbeeec6c9cf3a161) Importer(2089858483,b0f066a214c2f5e87bad3c948f4d605d) (ScriptedImporter) -> (artifact id: '407a37c06e59001cb75d5753f65f9d31') in 0.0133477 seconds
Number of updated asset objects reloaded before import = 0Number of asset objects unloaded after import = 1

========================================================================
Received Import Request.
  Time since last request: 0.000035 seconds.
  path: Assets/Assets/KayKit_Forest_Nature_Pack_1.0_FREE/Assets/obj/Rock_2_E_Color1.obj
  artifactKey: Guid(9db84bb40ab0ea940aec91689bce7efc) Importer(2089858483,b0f066a214c2f5e87bad3c948f4d605d)
Start importing Assets/Assets/KayKit_Forest_Nature_Pack_1.0_FREE/Assets/obj/Rock_2_E_Color1.obj using Guid(9db84bb40ab0ea940aec91689bce7efc) Importer(2089858483,b0f066a214c2f5e87bad3c948f4d605d) (ScriptedImporter) -> (artifact id: 'd257889283c4ce7a6b3b6be17c79d730') in 0.0216062 seconds
Number of updated asset objects reloaded before import = 0Number of asset objects unloaded after import = 11

========================================================================
Received Import Request.
  Time since last request: 0.000024 seconds.
  path: Assets/Assets/KayKit_Forest_Nature_Pack_1.0_FREE/Assets/gltf/Rock_1_D_Color1.gltf
  artifactKey: Guid(47c971d66a3e1744293bffcef879e5f8) Importer(2089858483,b0f066a214c2f5e87bad3c948f4d605d)
Start importing Assets/Assets/KayKit_Forest_Nature_Pack_1.0_FREE/Assets/gltf/Rock_1_D_Color1.gltf using Guid(47c971d66a3e1744293bffcef879e5f8) Importer(2089858483,b0f066a214c2f5e87bad3c948f4d605d) (ScriptedImporter) -> (artifact id: 'd75bb0d96f4f38bd6a927d6cd3b77e9e') in 0.0122075 seconds
Number of updated asset objects reloaded before import = 0Number of asset objects unloaded after import = 1

========================================================================
Received Import Request.
  Time since last request: 0.000031 seconds.
  path: Assets/Assets/KayKit_Forest_Nature_Pack_1.0_FREE/Assets/fbx(unity)/Rock_3_B_Color1.fbx
  artifactKey: Guid(75a8c47ad1abe464ba52b8760d79e1f0) Importer(2089858483,b0f066a214c2f5e87bad3c948f4d605d)
Start importing Assets/Assets/KayKit_Forest_Nature_Pack_1.0_FREE/Assets/fbx(unity)/Rock_3_B_Color1.fbx using Guid(75a8c47ad1abe464ba52b8760d79e1f0) Importer(2089858483,b0f066a214c2f5e87bad3c948f4d605d) (ScriptedImporter) -> (artifact id: '0c4c1aa89e24bf0d1fc8a26392fa915c') in 0.0204017 seconds
Number of updated asset objects reloaded before import = 0Number of asset objects unloaded after import = 9

========================================================================
Received Import Request.
  Time since last request: 0.000023 seconds.
  path: Assets/Assets/KayKit_Forest_Nature_Pack_1.0_FREE/Assets/gltf/Grass_2_C_Singlesided_Color1.gltf
  artifactKey: Guid(0f3d10203cbf58348a1ca1dbc6eeb8fb) Importer(2089858483,b0f066a214c2f5e87bad3c948f4d605d)
Start importing Assets/Assets/KayKit_Forest_Nature_Pack_1.0_FREE/Assets/gltf/Grass_2_C_Singlesided_Color1.gltf using Guid(0f3d10203cbf58348a1ca1dbc6eeb8fb) Importer(2089858483,b0f066a214c2f5e87bad3c948f4d605d) (ScriptedImporter) -> (artifact id: '1bb030add616906a064ea74e5fae9d8a') in 0.0121735 seconds
Number of updated asset objects reloaded before import = 0Number of asset objects unloaded after import = 1

========================================================================
Received Import Request.
  Time since last request: 0.000050 seconds.
  path: Assets/Assets/KayKit_Forest_Nature_Pack_1.0_FREE/Assets/fbx(unity)/Rock_1_F_Color1.fbx
  artifactKey: Guid(af8dbe6d4c6f76546a326df7376c3b5b) Importer(2089858483,b0f066a214c2f5e87bad3c948f4d605d)
Start importing Assets/Assets/KayKit_Forest_Nature_Pack_1.0_FREE/Assets/fbx(unity)/Rock_1_F_Color1.fbx using Guid(af8dbe6d4c6f76546a326df7376c3b5b) Importer(2089858483,b0f066a214c2f5e87bad3c948f4d605d) (ScriptedImporter) -> (artifact id: '8c17fc47f6183b7e9f1c317876d02b01') in 0.0264921 seconds
Number of updated asset objects reloaded before import = 0Number of asset objects unloaded after import = 9

========================================================================
Received Import Request.
  Time since last request: 0.000034 seconds.
  path: Assets/Assets/KayKit_Forest_Nature_Pack_1.0_FREE/Assets/obj/Rock_3_A_Color1.mtl
  artifactKey: Guid(fa3f96c222261424dbc400d06d42f6b4) Importer(2089858483,b0f066a214c2f5e87bad3c948f4d605d)
Start importing Assets/Assets/KayKit_Forest_Nature_Pack_1.0_FREE/Assets/obj/Rock_3_A_Color1.mtl using Guid(fa3f96c222261424dbc400d06d42f6b4) Importer(2089858483,b0f066a214c2f5e87bad3c948f4d605d) (ScriptedImporter) -> (artifact id: '019f347d4304b4a56bcf42bd9a2823e2') in 0.0140144 seconds
Number of updated asset objects reloaded before import = 0Number of asset objects unloaded after import = 1

========================================================================
Received Import Request.
  Time since last request: 0.000037 seconds.
  path: Assets/Assets/KayKit_Forest_Nature_Pack_1.0_FREE/Assets/obj/Grass_1_A_Singlesided_Color1.mtl
  artifactKey: Guid(d4fcd0407358ed94d8975feec62fb552) Importer(2089858483,b0f066a214c2f5e87bad3c948f4d605d)
Start importing Assets/Assets/KayKit_Forest_Nature_Pack_1.0_FREE/Assets/obj/Grass_1_A_Singlesided_Color1.mtl using Guid(d4fcd0407358ed94d8975feec62fb552) Importer(2089858483,b0f066a214c2f5e87bad3c948f4d605d) (ScriptedImporter) -> (artifact id: 'cab35f7febf866fc0e975aee351560f4') in 0.0119085 seconds
Number of updated asset objects reloaded before import = 0Number of asset objects unloaded after import = 1

========================================================================
Received Import Request.
  Time since last request: 0.000031 seconds.
  path: Assets/Assets/KayKit_Forest_Nature_Pack_1.0_FREE/Assets/obj/Rock_3_J_Color1.mtl
  artifactKey: Guid(26490e75887d7744696b88f2f3fdaab9) Importer(2089858483,b0f066a214c2f5e87bad3c948f4d605d)
Start importing Assets/Assets/KayKit_Forest_Nature_Pack_1.0_FREE/Assets/obj/Rock_3_J_Color1.mtl using Guid(26490e75887d7744696b88f2f3fdaab9) Importer(2089858483,b0f066a214c2f5e87bad3c948f4d605d) (ScriptedImporter) -> (artifact id: 'ef34cbc6b3ae914058f88e00508c0188') in 0.0113866 seconds
Number of updated asset objects reloaded before import = 0Number of asset objects unloaded after import = 1

========================================================================
Received Import Request.
  Time since last request: 0.000032 seconds.
  path: Assets/Assets/KayKit_Forest_Nature_Pack_1.0_FREE/Assets/fbx(unity)/Rock_3_D_Color1.fbx
  artifactKey: Guid(0d9198830ef7b15439405ca7f8f2b64e) Importer(2089858483,b0f066a214c2f5e87bad3c948f4d605d)
Start importing Assets/Assets/KayKit_Forest_Nature_Pack_1.0_FREE/Assets/fbx(unity)/Rock_3_D_Color1.fbx using Guid(0d9198830ef7b15439405ca7f8f2b64e) Importer(2089858483,b0f066a214c2f5e87bad3c948f4d605d) (ScriptedImporter) -> (artifact id: '1276b4cad486febec9dffb2fdff5e273') in 0.0220738 seconds
Number of updated asset objects reloaded before import = 0Number of asset objects unloaded after import = 9

========================================================================
Received Import Request.
  Time since last request: 0.000030 seconds.
  path: Assets/Assets/KayKit_Forest_Nature_Pack_1.0_FREE/Assets/obj/Rock_1_L_Color1.mtl
  artifactKey: Guid(2b8c81c1970be354cbf47ff7fe9328d6) Importer(2089858483,b0f066a214c2f5e87bad3c948f4d605d)
Start importing Assets/Assets/KayKit_Forest_Nature_Pack_1.0_FREE/Assets/obj/Rock_1_L_Color1.mtl using Guid(2b8c81c1970be354cbf47ff7fe9328d6) Importer(2089858483,b0f066a214c2f5e87bad3c948f4d605d) (ScriptedImporter) -> (artifact id: '1a1983c7876505cfa424ce08af6a5928') in 0.0134237 seconds
Number of updated asset objects reloaded before import = 0Number of asset objects unloaded after import = 1

========================================================================
Received Import Request.
  Time since last request: 0.000039 seconds.
  path: Assets/Assets/KayKit_Forest_Nature_Pack_1.0_FREE/Assets/obj/Grass_1_A_Singlesided_Color1.obj
  artifactKey: Guid(60b014bf33776f34080863da8211b476) Importer(2089858483,b0f066a214c2f5e87bad3c948f4d605d)
Start importing Assets/Assets/KayKit_Forest_Nature_Pack_1.0_FREE/Assets/obj/Grass_1_A_Singlesided_Color1.obj using Guid(60b014bf33776f34080863da8211b476) Importer(2089858483,b0f066a214c2f5e87bad3c948f4d605d) (ScriptedImporter) -> (artifact id: '2843bf701e29737aa3f5644191d0549f') in 0.0210065 seconds
Number of updated asset objects reloaded before import = 0Number of asset objects unloaded after import = 11

========================================================================
Received Import Request.
  Time since last request: 0.000024 seconds.
  path: Assets/Assets/KayKit_Forest_Nature_Pack_1.0_FREE/Assets/gltf/Bush_4_D_Color1.gltf
  artifactKey: Guid(d4e663bb099eae14fad01aa32ded6860) Importer(2089858483,b0f066a214c2f5e87bad3c948f4d605d)
Start importing Assets/Assets/KayKit_Forest_Nature_Pack_1.0_FREE/Assets/gltf/Bush_4_D_Color1.gltf using Guid(d4e663bb099eae14fad01aa32ded6860) Importer(2089858483,b0f066a214c2f5e87bad3c948f4d605d) (ScriptedImporter) -> (artifact id: '84c1d0826ae9a3e495f9340769b6293a') in 0.0120954 seconds
Number of updated asset objects reloaded before import = 0Number of asset objects unloaded after import = 1

========================================================================
Received Import Request.
  Time since last request: 0.000024 seconds.
  path: Assets/Assets/KayKit_Forest_Nature_Pack_1.0_FREE/Assets/gltf/Tree_Bare_1_A_Color1.gltf
  artifactKey: Guid(eb03a50485865a04cb00f66074f3de3e) Importer(2089858483,b0f066a214c2f5e87bad3c948f4d605d)
Start importing Assets/Assets/KayKit_Forest_Nature_Pack_1.0_FREE/Assets/gltf/Tree_Bare_1_A_Color1.gltf using Guid(eb03a50485865a04cb00f66074f3de3e) Importer(2089858483,b0f066a214c2f5e87bad3c948f4d605d) (ScriptedImporter) -> (artifact id: 'efb9e46f5c7baaa0ac1a4633f0220489') in 0.0115461 seconds
Number of updated asset objects reloaded before import = 0Number of asset objects unloaded after import = 1

========================================================================
Received Import Request.
  Time since last request: 0.000024 seconds.
  path: Assets/Assets/KayKit_Forest_Nature_Pack_1.0_FREE/Assets/gltf/Rock_2_C_Color1.gltf
  artifactKey: Guid(12da1621183380f41af3f83f7d9a5b4c) Importer(2089858483,b0f066a214c2f5e87bad3c948f4d605d)
Start importing Assets/Assets/KayKit_Forest_Nature_Pack_1.0_FREE/Assets/gltf/Rock_2_C_Color1.gltf using Guid(12da1621183380f41af3f83f7d9a5b4c) Importer(2089858483,b0f066a214c2f5e87bad3c948f4d605d) (ScriptedImporter) -> (artifact id: '839fc49c34fae805c069883755206cc3') in 0.0102705 seconds
Number of updated asset objects reloaded before import = 0Number of asset objects unloaded after import = 1

========================================================================
Received Import Request.
  Time since last request: 0.000025 seconds.
  path: Assets/Assets/KayKit_Forest_Nature_Pack_1.0_FREE/Assets/gltf/Tree_Bare_2_A_Color1.gltf
  artifactKey: Guid(b142cf292458f9b4ebdbeb0d03410d05) Importer(2089858483,b0f066a214c2f5e87bad3c948f4d605d)
Start importing Assets/Assets/KayKit_Forest_Nature_Pack_1.0_FREE/Assets/gltf/Tree_Bare_2_A_Color1.gltf using Guid(b142cf292458f9b4ebdbeb0d03410d05) Importer(2089858483,b0f066a214c2f5e87bad3c948f4d605d) (ScriptedImporter) -> (artifact id: '1d4a02a1375c266a96238d477ba8c7cf') in 0.0120704 seconds
Number of updated asset objects reloaded before import = 0Number of asset objects unloaded after import = 1

========================================================================
Received Import Request.
  Time since last request: 0.000053 seconds.
  path: Assets/Assets/KayKit_Forest_Nature_Pack_1.0_FREE/Assets/obj/Bush_2_E_Color1.mtl
  artifactKey: Guid(610736ecb28ca884baea532791272c0b) Importer(2089858483,b0f066a214c2f5e87bad3c948f4d605d)
Start importing Assets/Assets/KayKit_Forest_Nature_Pack_1.0_FREE/Assets/obj/Bush_2_E_Color1.mtl using Guid(610736ecb28ca884baea532791272c0b) Importer(2089858483,b0f066a214c2f5e87bad3c948f4d605d) (ScriptedImporter) -> (artifact id: 'e7d241906b2f199c44abb7b5fcd8957f') in 0.013116 seconds
Number of updated asset objects reloaded before import = 0Number of asset objects unloaded after import = 1

========================================================================
Received Import Request.
  Time since last request: 0.000024 seconds.
  path: Assets/Assets/KayKit_Forest_Nature_Pack_1.0_FREE/Assets/gltf/Grass_1_A_Color1.gltf
  artifactKey: Guid(8f0015d514c11b64483c652e3f891287) Importer(2089858483,b0f066a214c2f5e87bad3c948f4d605d)
Start importing Assets/Assets/KayKit_Forest_Nature_Pack_1.0_FREE/Assets/gltf/Grass_1_A_Color1.gltf using Guid(8f0015d514c11b64483c652e3f891287) Importer(2089858483,b0f066a214c2f5e87bad3c948f4d605d) (ScriptedImporter) -> (artifact id: '9f8fa0c8c270d84975a0464a190facf1') in 0.0132794 seconds
Number of updated asset objects reloaded before import = 0Number of asset objects unloaded after import = 1

========================================================================
Received Import Request.
  Time since last request: 0.000023 seconds.
  path: Assets/Assets/KayKit_Forest_Nature_Pack_1.0_FREE/Assets/fbx/Grass_2_Mesh.fbx
  artifactKey: Guid(7a25bc51a2e7c4544a7fd49d0bc97c95) Importer(2089858483,b0f066a214c2f5e87bad3c948f4d605d)
Start importing Assets/Assets/KayKit_Forest_Nature_Pack_1.0_FREE/Assets/fbx/Grass_2_Mesh.fbx using Guid(7a25bc51a2e7c4544a7fd49d0bc97c95) Importer(2089858483,b0f066a214c2f5e87bad3c948f4d605d) (ScriptedImporter) -> (artifact id: 'd19a62255c88a7212fb09a051b27a95a') in 0.0187053 seconds
Number of updated asset objects reloaded before import = 0Number of asset objects unloaded after import = 7

========================================================================
Received Import Request.
  Time since last request: 0.000035 seconds.
  path: Assets/Assets/KayKit_Forest_Nature_Pack_1.0_FREE/Assets/obj/Grass_2_D_Singlesided_Color1.mtl
  artifactKey: Guid(6def340391a237849a1e4e5009e4f63b) Importer(2089858483,b0f066a214c2f5e87bad3c948f4d605d)
Start importing Assets/Assets/KayKit_Forest_Nature_Pack_1.0_FREE/Assets/obj/Grass_2_D_Singlesided_Color1.mtl using Guid(6def340391a237849a1e4e5009e4f63b) Importer(2089858483,b0f066a214c2f5e87bad3c948f4d605d) (ScriptedImporter) -> (artifact id: '78be38fb5c88087f473122a7385489f3') in 0.0118102 seconds
Number of updated asset objects reloaded before import = 0Number of asset objects unloaded after import = 1

========================================================================
Received Import Request.
  Time since last request: 0.000028 seconds.
  path: Assets/Assets/KayKit_Forest_Nature_Pack_1.0_FREE/Assets/fbx(unity)/Rock_1_E_Color1.fbx
  artifactKey: Guid(9280cff44ffd55e4e8c0d211f6c139b4) Importer(2089858483,b0f066a214c2f5e87bad3c948f4d605d)
Start importing Assets/Assets/KayKit_Forest_Nature_Pack_1.0_FREE/Assets/fbx(unity)/Rock_1_E_Color1.fbx using Guid(9280cff44ffd55e4e8c0d211f6c139b4) Importer(2089858483,b0f066a214c2f5e87bad3c948f4d605d) (ScriptedImporter) -> (artifact id: '8029bb6080e12a8ab64be3a8d77782d7') in 0.0248799 seconds
Number of updated asset objects reloaded before import = 0Number of asset objects unloaded after import = 9

========================================================================
Received Import Request.
  Time since last request: 0.000047 seconds.
  path: Assets/Assets/KayKit_Forest_Nature_Pack_1.0_FREE/Assets/gltf/Rock_1_F_Color1.bin
  artifactKey: Guid(37174596752944f4ab88f3b6bbabefe5) Importer(2089858483,b0f066a214c2f5e87bad3c948f4d605d)
Start importing Assets/Assets/KayKit_Forest_Nature_Pack_1.0_FREE/Assets/gltf/Rock_1_F_Color1.bin using Guid(37174596752944f4ab88f3b6bbabefe5) Importer(2089858483,b0f066a214c2f5e87bad3c948f4d605d) (ScriptedImporter) -> (artifact id: 'c591e201c3340a89179bd2218bfe6d1d') in 0.0140407 seconds
Number of updated asset objects reloaded before import = 0Number of asset objects unloaded after import = 1

========================================================================
Received Import Request.
  Time since last request: 0.000024 seconds.
  path: Assets/Assets/KayKit_Forest_Nature_Pack_1.0_FREE/Assets/fbx(unity)/Grass_1_Mesh.fbx
  artifactKey: Guid(84f8e8c85a9ec4d4fb9f964dc6861112) Importer(2089858483,b0f066a214c2f5e87bad3c948f4d605d)
Start importing Assets/Assets/KayKit_Forest_Nature_Pack_1.0_FREE/Assets/fbx(unity)/Grass_1_Mesh.fbx using Guid(84f8e8c85a9ec4d4fb9f964dc6861112) Importer(2089858483,b0f066a214c2f5e87bad3c948f4d605d) (ScriptedImporter) -> (artifact id: 'b7abedec39025d5d268e660bc93dab63') in 0.0181063 seconds
Number of updated asset objects reloaded before import = 0Number of asset objects unloaded after import = 7

========================================================================
Received Import Request.
  Time since last request: 0.000023 seconds.
  path: Assets/Assets/KayKit_Forest_Nature_Pack_1.0_FREE/Assets/gltf/Rock_3_M_Color1.gltf
  artifactKey: Guid(00214d09c47984a46bbb08810c335a4a) Importer(2089858483,b0f066a214c2f5e87bad3c948f4d605d)
Start importing Assets/Assets/KayKit_Forest_Nature_Pack_1.0_FREE/Assets/gltf/Rock_3_M_Color1.gltf using Guid(00214d09c47984a46bbb08810c335a4a) Importer(2089858483,b0f066a214c2f5e87bad3c948f4d605d) (ScriptedImporter) -> (artifact id: '5580a1068df1fb6d50a08453ca4b9673') in 0.0112561 seconds
Number of updated asset objects reloaded before import = 0Number of asset objects unloaded after import = 1

========================================================================
Received Import Request.
  Time since last request: 0.000030 seconds.
  path: Assets/Assets/KayKit_Forest_Nature_Pack_1.0_FREE/Assets/gltf/Bush_4_B_Color1.gltf
  artifactKey: Guid(ebf03aff1bff1834a9df42e3b4cdcfc5) Importer(2089858483,b0f066a214c2f5e87bad3c948f4d605d)
Start importing Assets/Assets/KayKit_Forest_Nature_Pack_1.0_FREE/Assets/gltf/Bush_4_B_Color1.gltf using Guid(ebf03aff1bff1834a9df42e3b4cdcfc5) Importer(2089858483,b0f066a214c2f5e87bad3c948f4d605d) (ScriptedImporter) -> (artifact id: '0a4b7760867fa9717441af7ad295782e') in 0.0109754 seconds
Number of updated asset objects reloaded before import = 0Number of asset objects unloaded after import = 1

========================================================================
Received Import Request.
  Time since last request: 0.000025 seconds.
  path: Assets/Assets/KayKit_Forest_Nature_Pack_1.0_FREE/Assets/gltf/Rock_3_C_Color1.gltf
  artifactKey: Guid(486d3ecfb494ea74ab66d8470077fb59) Importer(2089858483,b0f066a214c2f5e87bad3c948f4d605d)
Start importing Assets/Assets/KayKit_Forest_Nature_Pack_1.0_FREE/Assets/gltf/Rock_3_C_Color1.gltf using Guid(486d3ecfb494ea74ab66d8470077fb59) Importer(2089858483,b0f066a214c2f5e87bad3c948f4d605d) (ScriptedImporter) -> (artifact id: 'fe63d57bb6d0959c90d7a5c78cd1ec68') in 0.0132572 seconds
Number of updated asset objects reloaded before import = 0Number of asset objects unloaded after import = 1

========================================================================
Received Import Request.
  Time since last request: 0.000035 seconds.
  path: Assets/Assets/KayKit_Forest_Nature_Pack_1.0_FREE/Assets/obj/Rock_1_O_Color1.mtl
  artifactKey: Guid(4fa55ea3a9256174cbfe0e196806b81d) Importer(2089858483,b0f066a214c2f5e87bad3c948f4d605d)
Start importing Assets/Assets/KayKit_Forest_Nature_Pack_1.0_FREE/Assets/obj/Rock_1_O_Color1.mtl using Guid(4fa55ea3a9256174cbfe0e196806b81d) Importer(2089858483,b0f066a214c2f5e87bad3c948f4d605d) (ScriptedImporter) -> (artifact id: 'd270633b155f16a7a3dcc03e7d31eeac') in 0.010516 seconds
Number of updated asset objects reloaded before import = 0Number of asset objects unloaded after import = 1

========================================================================
Received Import Request.
  Time since last request: 0.000033 seconds.
  path: Assets/Assets/KayKit_Forest_Nature_Pack_1.0_FREE/Assets/fbx/Grass_1_D_Color1.fbx
  artifactKey: Guid(6e180ae743f8647458bf55007f73c92b) Importer(2089858483,b0f066a214c2f5e87bad3c948f4d605d)
Start importing Assets/Assets/KayKit_Forest_Nature_Pack_1.0_FREE/Assets/fbx/Grass_1_D_Color1.fbx using Guid(6e180ae743f8647458bf55007f73c92b) Importer(2089858483,b0f066a214c2f5e87bad3c948f4d605d) (ScriptedImporter) -> (artifact id: '2f149fbebf0f501525b44959635be379') in 0.0214377 seconds
Number of updated asset objects reloaded before import = 0Number of asset objects unloaded after import = 9

========================================================================
Received Import Request.
  Time since last request: 0.000022 seconds.
  path: Assets/Assets/KayKit_Forest_Nature_Pack_1.0_FREE/Assets/fbx(unity)/Tree_Bare_2_A_Color1.fbx
  artifactKey: Guid(f0d19e58e1d2c584696a4c02896d5d0b) Importer(2089858483,b0f066a214c2f5e87bad3c948f4d605d)
Start importing Assets/Assets/KayKit_Forest_Nature_Pack_1.0_FREE/Assets/fbx(unity)/Tree_Bare_2_A_Color1.fbx using Guid(f0d19e58e1d2c584696a4c02896d5d0b) Importer(2089858483,b0f066a214c2f5e87bad3c948f4d605d) (ScriptedImporter) -> (artifact id: 'e7ef19312f3231a1799bbe70a8957c25') in 0.0224473 seconds
Number of updated asset objects reloaded before import = 0Number of asset objects unloaded after import = 9

========================================================================
Received Import Request.
  Time since last request: 0.000031 seconds.
  path: Assets/Assets/KayKit_Forest_Nature_Pack_1.0_FREE/Assets/gltf/Rock_1_P_Color1.gltf
  artifactKey: Guid(fd57b7c869e7f9646b980e2b7e17172f) Importer(2089858483,b0f066a214c2f5e87bad3c948f4d605d)
Start importing Assets/Assets/KayKit_Forest_Nature_Pack_1.0_FREE/Assets/gltf/Rock_1_P_Color1.gltf using Guid(fd57b7c869e7f9646b980e2b7e17172f) Importer(2089858483,b0f066a214c2f5e87bad3c948f4d605d) (ScriptedImporter) -> (artifact id: 'c0fbd9e920d2f29de1627eb73b30da6f') in 0.0107884 seconds
Number of updated asset objects reloaded before import = 0Number of asset objects unloaded after import = 1

========================================================================
Received Import Request.
  Time since last request: 0.000026 seconds.
  path: Assets/Assets/KayKit_Forest_Nature_Pack_1.0_FREE/Assets/fbx/Rock_3_B_Color1.fbx
  artifactKey: Guid(2283e48ac1375eb42bba4092fdd869b9) Importer(2089858483,b0f066a214c2f5e87bad3c948f4d605d)
Start importing Assets/Assets/KayKit_Forest_Nature_Pack_1.0_FREE/Assets/fbx/Rock_3_B_Color1.fbx using Guid(2283e48ac1375eb42bba4092fdd869b9) Importer(2089858483,b0f066a214c2f5e87bad3c948f4d605d) (ScriptedImporter) -> (artifact id: 'd19fcc9c2a76ea53b4e69c16d1b9c0d9') in 0.025056 seconds
Number of updated asset objects reloaded before import = 0Number of asset objects unloaded after import = 9

========================================================================
Received Import Request.
  Time since last request: 0.000044 seconds.
  path: Assets/Assets/KayKit_Forest_Nature_Pack_1.0_FREE/Assets/gltf/Rock_1_G_Color1.gltf
  artifactKey: Guid(2b0c4f03786a2e84d8b7907a454a5693) Importer(2089858483,b0f066a214c2f5e87bad3c948f4d605d)
Start importing Assets/Assets/KayKit_Forest_Nature_Pack_1.0_FREE/Assets/gltf/Rock_1_G_Color1.gltf using Guid(2b0c4f03786a2e84d8b7907a454a5693) Importer(2089858483,b0f066a214c2f5e87bad3c948f4d605d) (ScriptedImporter) -> (artifact id: '49e16adf8e09f5a16fe67ff91d950d2c') in 0.0131728 seconds
Number of updated asset objects reloaded before import = 0Number of asset objects unloaded after import = 1

========================================================================
Received Import Request.
  Time since last request: 0.000036 seconds.
  path: Assets/Assets/KayKit_Forest_Nature_Pack_1.0_FREE/Assets/gltf/Bush_3_B_Color1.bin
  artifactKey: Guid(eb934d5fe90225942ac14923ced2b554) Importer(2089858483,b0f066a214c2f5e87bad3c948f4d605d)
Start importing Assets/Assets/KayKit_Forest_Nature_Pack_1.0_FREE/Assets/gltf/Bush_3_B_Color1.bin using Guid(eb934d5fe90225942ac14923ced2b554) Importer(2089858483,b0f066a214c2f5e87bad3c948f4d605d) (ScriptedImporter) -> (artifact id: 'ccc512e88f27dc3a174c8b5b45c5fd07') in 0.0122772 seconds
Number of updated asset objects reloaded before import = 0Number of asset objects unloaded after import = 1

========================================================================
Received Import Request.
  Time since last request: 0.000022 seconds.
  path: Assets/Assets/KayKit_Forest_Nature_Pack_1.0_FREE/Assets/fbx/Rock_3_K_Color1.fbx
  artifactKey: Guid(dbd4d0e11cbd7fc4fb4a0d3a74b11301) Importer(2089858483,b0f066a214c2f5e87bad3c948f4d605d)
Start importing Assets/Assets/KayKit_Forest_Nature_Pack_1.0_FREE/Assets/fbx/Rock_3_K_Color1.fbx using Guid(dbd4d0e11cbd7fc4fb4a0d3a74b11301) Importer(2089858483,b0f066a214c2f5e87bad3c948f4d605d) (ScriptedImporter) -> (artifact id: 'a905d78bfeccae9ba479c49742127ca8') in 0.0195768 seconds
Number of updated asset objects reloaded before import = 0Number of asset objects unloaded after import = 9

========================================================================
Received Import Request.
  Time since last request: 0.000028 seconds.
  path: Assets/Assets/KayKit_Forest_Nature_Pack_1.0_FREE/Assets/gltf/Rock_2_F_Color1.gltf
  artifactKey: Guid(6b9dbec5bc57dd54788db679a48179fe) Importer(2089858483,b0f066a214c2f5e87bad3c948f4d605d)
Start importing Assets/Assets/KayKit_Forest_Nature_Pack_1.0_FREE/Assets/gltf/Rock_2_F_Color1.gltf using Guid(6b9dbec5bc57dd54788db679a48179fe) Importer(2089858483,b0f066a214c2f5e87bad3c948f4d605d) (ScriptedImporter) -> (artifact id: '27ea188a1ff71c0014269ea8bfb67e41') in 0.0119547 seconds
Number of updated asset objects reloaded before import = 0Number of asset objects unloaded after import = 1

========================================================================
Received Import Request.
  Time since last request: 0.000032 seconds.
  path: Assets/Assets/KayKit_Forest_Nature_Pack_1.0_FREE/Assets/gltf/Rock_2_G_Color1.gltf
  artifactKey: Guid(dc1146b627afaa6459eb1139c24f8919) Importer(2089858483,b0f066a214c2f5e87bad3c948f4d605d)
Start importing Assets/Assets/KayKit_Forest_Nature_Pack_1.0_FREE/Assets/gltf/Rock_2_G_Color1.gltf using Guid(dc1146b627afaa6459eb1139c24f8919) Importer(2089858483,b0f066a214c2f5e87bad3c948f4d605d) (ScriptedImporter) -> (artifact id: '4551f9ccf8b2badf92348441c7b6c1a5') in 0.0124873 seconds
Number of updated asset objects reloaded before import = 0Number of asset objects unloaded after import = 1

========================================================================
Received Import Request.
  Time since last request: 0.000037 seconds.
  path: Assets/Assets/KayKit_Forest_Nature_Pack_1.0_FREE/Assets/fbx(unity)/Rock_1_Q_Color1.fbx
  artifactKey: Guid(9b32d5b228c4e9e46ae9bddc9e2210d7) Importer(2089858483,b0f066a214c2f5e87bad3c948f4d605d)
Start importing Assets/Assets/KayKit_Forest_Nature_Pack_1.0_FREE/Assets/fbx(unity)/Rock_1_Q_Color1.fbx using Guid(9b32d5b228c4e9e46ae9bddc9e2210d7) Importer(2089858483,b0f066a214c2f5e87bad3c948f4d605d) (ScriptedImporter) -> (artifact id: 'a2a8f4f59be985347a83f40b00ce0943') in 0.0201213 seconds
Number of updated asset objects reloaded before import = 0Number of asset objects unloaded after import = 9

========================================================================
Received Import Request.
  Time since last request: 0.000069 seconds.
  path: Assets/Assets/KayKit_Forest_Nature_Pack_1.0_FREE/Assets/obj/Rock_1_E_Color1.mtl
  artifactKey: Guid(085be35a12c562b448b84213cb5c1f3b) Importer(2089858483,b0f066a214c2f5e87bad3c948f4d605d)
Start importing Assets/Assets/KayKit_Forest_Nature_Pack_1.0_FREE/Assets/obj/Rock_1_E_Color1.mtl using Guid(085be35a12c562b448b84213cb5c1f3b) Importer(2089858483,b0f066a214c2f5e87bad3c948f4d605d) (ScriptedImporter) -> (artifact id: 'ab3629d79dc2e5dd7f263a329a30bc7f') in 0.0136621 seconds
Number of updated asset objects reloaded before import = 0Number of asset objects unloaded after import = 1

========================================================================
Received Import Request.
  Time since last request: 0.000023 seconds.
  path: Assets/Assets/KayKit_Forest_Nature_Pack_1.0_FREE/Assets/gltf/Tree_1_C_Color1.gltf
  artifactKey: Guid(311c08a9ffa248a43947c9dd65d3dd7d) Importer(2089858483,b0f066a214c2f5e87bad3c948f4d605d)
Start importing Assets/Assets/KayKit_Forest_Nature_Pack_1.0_FREE/Assets/gltf/Tree_1_C_Color1.gltf using Guid(311c08a9ffa248a43947c9dd65d3dd7d) Importer(2089858483,b0f066a214c2f5e87bad3c948f4d605d) (ScriptedImporter) -> (artifact id: 'ffaa9c1db7094cb61d4be18892844034') in 0.0118576 seconds
Number of updated asset objects reloaded before import = 0Number of asset objects unloaded after import = 1

========================================================================
Received Import Request.
  Time since last request: 0.000039 seconds.
  path: Assets/Assets/KayKit_Forest_Nature_Pack_1.0_FREE/Assets/gltf/Tree_3_A_Color1.bin
  artifactKey: Guid(4bb74e1514042e8429e47524f85d3353) Importer(2089858483,b0f066a214c2f5e87bad3c948f4d605d)
Start importing Assets/Assets/KayKit_Forest_Nature_Pack_1.0_FREE/Assets/gltf/Tree_3_A_Color1.bin using Guid(4bb74e1514042e8429e47524f85d3353) Importer(2089858483,b0f066a214c2f5e87bad3c948f4d605d) (ScriptedImporter) -> (artifact id: '8abecd84b5bb4af9ea1a11d71077c577') in 0.0115314 seconds
Number of updated asset objects reloaded before import = 0Number of asset objects unloaded after import = 1

========================================================================
Received Import Request.
  Time since last request: 0.000027 seconds.
  path: Assets/Assets/KayKit_Forest_Nature_Pack_1.0_FREE/Assets/fbx/Rock_1_H_Color1.fbx
  artifactKey: Guid(5f9647c44b0a4cb4386f1cfa1b664758) Importer(2089858483,b0f066a214c2f5e87bad3c948f4d605d)
Start importing Assets/Assets/KayKit_Forest_Nature_Pack_1.0_FREE/Assets/fbx/Rock_1_H_Color1.fbx using Guid(5f9647c44b0a4cb4386f1cfa1b664758) Importer(2089858483,b0f066a214c2f5e87bad3c948f4d605d) (ScriptedImporter) -> (artifact id: '8a26fccc4c1fe2a200caa0e8aa3ac355') in 0.0250394 seconds
Number of updated asset objects reloaded before import = 0Number of asset objects unloaded after import = 9

========================================================================
Received Import Request.
  Time since last request: 0.000085 seconds.
  path: Assets/Assets/KayKit_Forest_Nature_Pack_1.0_FREE/Assets/fbx(unity)/Rock_1_L_Color1.fbx
  artifactKey: Guid(742a97906bab91d4486cf421a1365208) Importer(2089858483,b0f066a214c2f5e87bad3c948f4d605d)
Start importing Assets/Assets/KayKit_Forest_Nature_Pack_1.0_FREE/Assets/fbx(unity)/Rock_1_L_Color1.fbx using Guid(742a97906bab91d4486cf421a1365208) Importer(2089858483,b0f066a214c2f5e87bad3c948f4d605d) (ScriptedImporter) -> (artifact id: '91b5fbb2dc2d5be6412a23467eeacc8e') in 0.0228963 seconds
Number of updated asset objects reloaded before import = 0Number of asset objects unloaded after import = 9

========================================================================
Received Import Request.
  Time since last request: 0.000032 seconds.
  path: Assets/Assets/KayKit_Forest_Nature_Pack_1.0_FREE/Assets/gltf/Rock_1_M_Color1.bin
  artifactKey: Guid(943eacd6d04c062408f76b89ba2e86e4) Importer(2089858483,b0f066a214c2f5e87bad3c948f4d605d)
Start importing Assets/Assets/KayKit_Forest_Nature_Pack_1.0_FREE/Assets/gltf/Rock_1_M_Color1.bin using Guid(943eacd6d04c062408f76b89ba2e86e4) Importer(2089858483,b0f066a214c2f5e87bad3c948f4d605d) (ScriptedImporter) -> (artifact id: '52ddd4e60ae6e5dd58a0cd8a10bb5b15') in 0.0112209 seconds
Number of updated asset objects reloaded before import = 0Number of asset objects unloaded after import = 1

========================================================================
Received Import Request.
  Time since last request: 0.000024 seconds.
  path: Assets/Assets/KayKit_Forest_Nature_Pack_1.0_FREE/Assets/fbx(unity)/Rock_1_J_Color1.fbx
  artifactKey: Guid(19b452639c1e4c84e96b965e98c5e209) Importer(2089858483,b0f066a214c2f5e87bad3c948f4d605d)
Start importing Assets/Assets/KayKit_Forest_Nature_Pack_1.0_FREE/Assets/fbx(unity)/Rock_1_J_Color1.fbx using Guid(19b452639c1e4c84e96b965e98c5e209) Importer(2089858483,b0f066a214c2f5e87bad3c948f4d605d) (ScriptedImporter) -> (artifact id: '0b46d2137c10d2e0a06f4d1ec381105f') in 0.0228073 seconds
Number of updated asset objects reloaded before import = 0Number of asset objects unloaded after import = 9

========================================================================
Received Import Request.
  Time since last request: 0.000031 seconds.
  path: Assets/Assets/KayKit_Forest_Nature_Pack_1.0_FREE/Assets/gltf/Tree_3_B_Color1.bin
  artifactKey: Guid(a1a9493ddf2d1c048a5e14967f40832b) Importer(2089858483,b0f066a214c2f5e87bad3c948f4d605d)
Start importing Assets/Assets/KayKit_Forest_Nature_Pack_1.0_FREE/Assets/gltf/Tree_3_B_Color1.bin using Guid(a1a9493ddf2d1c048a5e14967f40832b) Importer(2089858483,b0f066a214c2f5e87bad3c948f4d605d) (ScriptedImporter) -> (artifact id: 'e28cb0521dd2e9115b67dc88cab2e7b5') in 0.0125205 seconds
Number of updated asset objects reloaded before import = 0Number of asset objects unloaded after import = 1

========================================================================
Received Import Request.
  Time since last request: 0.000030 seconds.
  path: Assets/Assets/KayKit_Forest_Nature_Pack_1.0_FREE/Assets/fbx/Rock_1_F_Color1.fbx
  artifactKey: Guid(a15d5512f244e61458de67a2c60dad29) Importer(2089858483,b0f066a214c2f5e87bad3c948f4d605d)
Start importing Assets/Assets/KayKit_Forest_Nature_Pack_1.0_FREE/Assets/fbx/Rock_1_F_Color1.fbx using Guid(a15d5512f244e61458de67a2c60dad29) Importer(2089858483,b0f066a214c2f5e87bad3c948f4d605d) (ScriptedImporter) -> (artifact id: '4a78c3edf93eb92c38491fb1b80714d8') in 0.0223639 seconds
Number of updated asset objects reloaded before import = 0Number of asset objects unloaded after import = 9

========================================================================
Received Import Request.
  Time since last request: 0.000034 seconds.
  path: Assets/Assets/KayKit_Forest_Nature_Pack_1.0_FREE/Assets/gltf/Grass_2_C_Color1.bin
  artifactKey: Guid(c896e25eab7b4bd47a2aaaf4f7a21168) Importer(2089858483,b0f066a214c2f5e87bad3c948f4d605d)
Start importing Assets/Assets/KayKit_Forest_Nature_Pack_1.0_FREE/Assets/gltf/Grass_2_C_Color1.bin using Guid(c896e25eab7b4bd47a2aaaf4f7a21168) Importer(2089858483,b0f066a214c2f5e87bad3c948f4d605d) (ScriptedImporter) -> (artifact id: 'ee47b5cab66765d3b03649cdb83bf399') in 0.0142109 seconds
Number of updated asset objects reloaded before import = 0Number of asset objects unloaded after import = 1

========================================================================
Received Import Request.
  Time since last request: 0.000024 seconds.
  path: Assets/Assets/KayKit_Forest_Nature_Pack_1.0_FREE/Assets/fbx(unity)/Rock_1_H_Color1.fbx
  artifactKey: Guid(f3dc59dcba2b5a24797985375f4b62f7) Importer(2089858483,b0f066a214c2f5e87bad3c948f4d605d)
Start importing Assets/Assets/KayKit_Forest_Nature_Pack_1.0_FREE/Assets/fbx(unity)/Rock_1_H_Color1.fbx using Guid(f3dc59dcba2b5a24797985375f4b62f7) Importer(2089858483,b0f066a214c2f5e87bad3c948f4d605d) (ScriptedImporter) -> (artifact id: 'e0f3ecee1c7611d0a989fd6e4897817f') in 0.0246206 seconds
Number of updated asset objects reloaded before import = 0Number of asset objects unloaded after import = 9

========================================================================
Received Import Request.
  Time since last request: 0.000046 seconds.
  path: Assets/Assets/KayKit_Forest_Nature_Pack_1.0_FREE/Assets/fbx/Bush_1_G_Color1.fbx
  artifactKey: Guid(5343767ffd5e7574396a4677aad392eb) Importer(2089858483,b0f066a214c2f5e87bad3c948f4d605d)
Start importing Assets/Assets/KayKit_Forest_Nature_Pack_1.0_FREE/Assets/fbx/Bush_1_G_Color1.fbx using Guid(5343767ffd5e7574396a4677aad392eb) Importer(2089858483,b0f066a214c2f5e87bad3c948f4d605d) (ScriptedImporter) -> (artifact id: 'a3d8b0f671dcc852cff6a16bdfe5f142') in 0.0223794 seconds
Number of updated asset objects reloaded before import = 0Number of asset objects unloaded after import = 9

========================================================================
Received Import Request.
  Time since last request: 0.000025 seconds.
  path: Assets/Assets/KayKit_Forest_Nature_Pack_1.0_FREE/Assets/obj/Bush_1_B_Color1.obj
  artifactKey: Guid(36291c85b8d18be4b9bc98b3d8f64b4e) Importer(2089858483,b0f066a214c2f5e87bad3c948f4d605d)
Start importing Assets/Assets/KayKit_Forest_Nature_Pack_1.0_FREE/Assets/obj/Bush_1_B_Color1.obj using Guid(36291c85b8d18be4b9bc98b3d8f64b4e) Importer(2089858483,b0f066a214c2f5e87bad3c948f4d605d) (ScriptedImporter) -> (artifact id: '6c1526b05c1dd5c09df423b2566e55f5') in 0.0204761 seconds
Number of updated asset objects reloaded before import = 0Number of asset objects unloaded after import = 11

========================================================================
Received Import Request.
  Time since last request: 0.000034 seconds.
  path: Assets/Assets/KayKit_Forest_Nature_Pack_1.0_FREE/Assets/obj/Rock_2_E_Color1.mtl
  artifactKey: Guid(f0c84f01844f79a4398dc03bb2c01aee) Importer(2089858483,b0f066a214c2f5e87bad3c948f4d605d)
Start importing Assets/Assets/KayKit_Forest_Nature_Pack_1.0_FREE/Assets/obj/Rock_2_E_Color1.mtl using Guid(f0c84f01844f79a4398dc03bb2c01aee) Importer(2089858483,b0f066a214c2f5e87bad3c948f4d605d) (ScriptedImporter) -> (artifact id: 'cc27e9591f5918dac3b01fe1c4bf97b2') in 0.0134249 seconds
Number of updated asset objects reloaded before import = 0Number of asset objects unloaded after import = 1

========================================================================
Received Import Request.
  Time since last request: 0.000042 seconds.
  path: Assets/Assets/KayKit_Forest_Nature_Pack_1.0_FREE/Assets/gltf/Grass_1_B_Singlesided_Color1.bin
  artifactKey: Guid(db275d87db683ca4c9dcfffb9c02511d) Importer(2089858483,b0f066a214c2f5e87bad3c948f4d605d)
Start importing Assets/Assets/KayKit_Forest_Nature_Pack_1.0_FREE/Assets/gltf/Grass_1_B_Singlesided_Color1.bin using Guid(db275d87db683ca4c9dcfffb9c02511d) Importer(2089858483,b0f066a214c2f5e87bad3c948f4d605d) (ScriptedImporter) -> (artifact id: '226a6e29d3169b33e898789d5d819ad0') in 0.0130563 seconds
Number of updated asset objects reloaded before import = 0Number of asset objects unloaded after import = 1

========================================================================
Received Import Request.
  Time since last request: 0.000023 seconds.
  path: Assets/Assets/KayKit_Forest_Nature_Pack_1.0_FREE/Assets/obj/Tree_2_C_Color1.mtl
  artifactKey: Guid(12280a6a6d473a04f9fa73f72ccf737f) Importer(2089858483,b0f066a214c2f5e87bad3c948f4d605d)
Start importing Assets/Assets/KayKit_Forest_Nature_Pack_1.0_FREE/Assets/obj/Tree_2_C_Color1.mtl using Guid(12280a6a6d473a04f9fa73f72ccf737f) Importer(2089858483,b0f066a214c2f5e87bad3c948f4d605d) (ScriptedImporter) -> (artifact id: 'dc8fb60c53627263a043bc641ef5e46e') in 0.0121102 seconds
Number of updated asset objects reloaded before import = 0Number of asset objects unloaded after import = 1

========================================================================
Received Import Request.
  Time since last request: 0.000026 seconds.
  path: Assets/Assets/KayKit_Forest_Nature_Pack_1.0_FREE/Assets/gltf/Rock_1_K_Color1.bin
  artifactKey: Guid(6b2d439351715de4e83e1e4e12a00461) Importer(2089858483,b0f066a214c2f5e87bad3c948f4d605d)
Start importing Assets/Assets/KayKit_Forest_Nature_Pack_1.0_FREE/Assets/gltf/Rock_1_K_Color1.bin using Guid(6b2d439351715de4e83e1e4e12a00461) Importer(2089858483,b0f066a214c2f5e87bad3c948f4d605d) (ScriptedImporter) -> (artifact id: '6b20883d0bfb180decdfbb1f768f9a2a') in 0.0141834 seconds
Number of updated asset objects reloaded before import = 0Number of asset objects unloaded after import = 1

========================================================================
Received Import Request.
  Time since last request: 0.000027 seconds.
  path: Assets/Assets/KayKit_Forest_Nature_Pack_1.0_FREE/Assets/obj/Grass_1_C_Singlesided_Color1.obj
  artifactKey: Guid(3bf63da4ebe311c4083704e0ea2f3f6a) Importer(2089858483,b0f066a214c2f5e87bad3c948f4d605d)
Start importing Assets/Assets/KayKit_Forest_Nature_Pack_1.0_FREE/Assets/obj/Grass_1_C_Singlesided_Color1.obj using Guid(3bf63da4ebe311c4083704e0ea2f3f6a) Importer(2089858483,b0f066a214c2f5e87bad3c948f4d605d) (ScriptedImporter) -> (artifact id: '4e3c346bf1be97c9c0c5eb2d81f6e67b') in 0.0195562 seconds
Number of updated asset objects reloaded before import = 0Number of asset objects unloaded after import = 11

========================================================================
Received Import Request.
  Time since last request: 0.000045 seconds.
  path: Assets/Assets/KayKit_Forest_Nature_Pack_1.0_FREE/Assets/fbx(unity)/Rock_3_N_Color1.fbx
  artifactKey: Guid(994f97c57d8b6c548ba27679ce4f9744) Importer(2089858483,b0f066a214c2f5e87bad3c948f4d605d)
Start importing Assets/Assets/KayKit_Forest_Nature_Pack_1.0_FREE/Assets/fbx(unity)/Rock_3_N_Color1.fbx using Guid(994f97c57d8b6c548ba27679ce4f9744) Importer(2089858483,b0f066a214c2f5e87bad3c948f4d605d) (ScriptedImporter) -> (artifact id: '245e0fd06b582c227829a057ef8193e2') in 0.0209058 seconds
Number of updated asset objects reloaded before import = 0Number of asset objects unloaded after import = 9

========================================================================
Received Import Request.
  Time since last request: 0.000037 seconds.
  path: Assets/Assets/KayKit_Forest_Nature_Pack_1.0_FREE/Assets/fbx(unity)/forest_texture.png
  artifactKey: Guid(72fb2ad59b5d52c4da1f4740daf1dacd) Importer(2089858483,b0f066a214c2f5e87bad3c948f4d605d)
Start importing Assets/Assets/KayKit_Forest_Nature_Pack_1.0_FREE/Assets/fbx(unity)/forest_texture.png using Guid(72fb2ad59b5d52c4da1f4740daf1dacd) Importer(2089858483,b0f066a214c2f5e87bad3c948f4d605d) (ScriptedImporter) -> (artifact id: '916ae9b46bddf0b68c353ed2c34669a0') in 0.017175 seconds
Number of updated asset objects reloaded before import = 0Number of asset objects unloaded after import = 1

========================================================================
Received Import Request.
  Time since last request: 0.000031 seconds.
  path: Assets/Assets/KayKit_Forest_Nature_Pack_1.0_FREE/Assets/gltf/Grass_1_C_Singlesided_Color1.gltf
  artifactKey: Guid(6976ba02f7329574c85b7ab9472c364d) Importer(2089858483,b0f066a214c2f5e87bad3c948f4d605d)
Start importing Assets/Assets/KayKit_Forest_Nature_Pack_1.0_FREE/Assets/gltf/Grass_1_C_Singlesided_Color1.gltf using Guid(6976ba02f7329574c85b7ab9472c364d) Importer(2089858483,b0f066a214c2f5e87bad3c948f4d605d) (ScriptedImporter) -> (artifact id: '63a3a45b9cbe1e22cdaf0900aba1688a') in 0.0128269 seconds
Number of updated asset objects reloaded before import = 0Number of asset objects unloaded after import = 1

========================================================================
Received Import Request.
  Time since last request: 0.000031 seconds.
  path: Assets/Assets/KayKit_Forest_Nature_Pack_1.0_FREE/Assets/obj/Rock_3_M_Color1.mtl
  artifactKey: Guid(ba4ca77eded779f44a0fc5bff3e7806f) Importer(2089858483,b0f066a214c2f5e87bad3c948f4d605d)
Start importing Assets/Assets/KayKit_Forest_Nature_Pack_1.0_FREE/Assets/obj/Rock_3_M_Color1.mtl using Guid(ba4ca77eded779f44a0fc5bff3e7806f) Importer(2089858483,b0f066a214c2f5e87bad3c948f4d605d) (ScriptedImporter) -> (artifact id: '2a03d705bdbd98621b271c81407da079') in 0.0118699 seconds
Number of updated asset objects reloaded before import = 0Number of asset objects unloaded after import = 1

========================================================================
Received Import Request.
  Time since last request: 0.000028 seconds.
  path: Assets/Assets/KayKit_Forest_Nature_Pack_1.0_FREE/Assets/obj/Rock_2_D_Color1.obj
  artifactKey: Guid(ca6ecb56969e5c44b923a8b1c76780ba) Importer(2089858483,b0f066a214c2f5e87bad3c948f4d605d)
Start importing Assets/Assets/KayKit_Forest_Nature_Pack_1.0_FREE/Assets/obj/Rock_2_D_Color1.obj using Guid(ca6ecb56969e5c44b923a8b1c76780ba) Importer(2089858483,b0f066a214c2f5e87bad3c948f4d605d) (ScriptedImporter) -> (artifact id: 'e92db90225d701a824175fa43e9b7d8f') in 0.0203915 seconds
Number of updated asset objects reloaded before import = 0Number of asset objects unloaded after import = 11

========================================================================
Received Import Request.
  Time since last request: 0.000028 seconds.
  path: Assets/Assets/KayKit_Forest_Nature_Pack_1.0_FREE/Assets/gltf/Grass_2_A_Color1.gltf
  artifactKey: Guid(572b569069369884a8cdbbbdfb923d38) Importer(2089858483,b0f066a214c2f5e87bad3c948f4d605d)
Start importing Assets/Assets/KayKit_Forest_Nature_Pack_1.0_FREE/Assets/gltf/Grass_2_A_Color1.gltf using Guid(572b569069369884a8cdbbbdfb923d38) Importer(2089858483,b0f066a214c2f5e87bad3c948f4d605d) (ScriptedImporter) -> (artifact id: 'a35c0de77d9c5bc0ef4968fe90e2a5d9') in 0.0118308 seconds
Number of updated asset objects reloaded before import = 0Number of asset objects unloaded after import = 1

========================================================================
Received Import Request.
  Time since last request: 0.000044 seconds.
  path: Assets/Assets/KayKit_Forest_Nature_Pack_1.0_FREE/Assets/obj/Rock_1_D_Color1.mtl
  artifactKey: Guid(6447c07a93678f942bbdcc5ca0dd3737) Importer(2089858483,b0f066a214c2f5e87bad3c948f4d605d)
Start importing Assets/Assets/KayKit_Forest_Nature_Pack_1.0_FREE/Assets/obj/Rock_1_D_Color1.mtl using Guid(6447c07a93678f942bbdcc5ca0dd3737) Importer(2089858483,b0f066a214c2f5e87bad3c948f4d605d) (ScriptedImporter) -> (artifact id: '6a483e6b531e2997b8cb3f83cc288a8d') in 0.0121797 seconds
Number of updated asset objects reloaded before import = 0Number of asset objects unloaded after import = 1

========================================================================
Received Import Request.
  Time since last request: 0.000023 seconds.
  path: Assets/Assets/KayKit_Forest_Nature_Pack_1.0_FREE/Assets/fbx/Bush_4_B_Color1.fbx
  artifactKey: Guid(a16a4382f4ba06f4aa84863f4ca96355) Importer(2089858483,b0f066a214c2f5e87bad3c948f4d605d)
Start importing Assets/Assets/KayKit_Forest_Nature_Pack_1.0_FREE/Assets/fbx/Bush_4_B_Color1.fbx using Guid(a16a4382f4ba06f4aa84863f4ca96355) Importer(2089858483,b0f066a214c2f5e87bad3c948f4d605d) (ScriptedImporter) -> (artifact id: '536dc82ba39556dad45beb4827f999bf') in 0.0228003 seconds
Number of updated asset objects reloaded before import = 0Number of asset objects unloaded after import = 9

========================================================================
Received Import Request.
  Time since last request: 0.000024 seconds.
  path: Assets/Assets/KayKit_Forest_Nature_Pack_1.0_FREE/Assets/obj/Tree_1_C_Color1.mtl
  artifactKey: Guid(1317294c066934846a93cd111a59a992) Importer(2089858483,b0f066a214c2f5e87bad3c948f4d605d)
Start importing Assets/Assets/KayKit_Forest_Nature_Pack_1.0_FREE/Assets/obj/Tree_1_C_Color1.mtl using Guid(1317294c066934846a93cd111a59a992) Importer(2089858483,b0f066a214c2f5e87bad3c948f4d605d) (ScriptedImporter) -> (artifact id: '484f16fc33a1712eacaeb9db350980ea') in 0.0122223 seconds
Number of updated asset objects reloaded before import = 0Number of asset objects unloaded after import = 1

========================================================================
Received Import Request.
  Time since last request: 0.000023 seconds.
  path: Assets/Assets/KayKit_Forest_Nature_Pack_1.0_FREE/Assets/fbx(unity)/Bush_4_B_Color1.fbx
  artifactKey: Guid(0467e9826d125b142b1c363983738013) Importer(2089858483,b0f066a214c2f5e87bad3c948f4d605d)
Start importing Assets/Assets/KayKit_Forest_Nature_Pack_1.0_FREE/Assets/fbx(unity)/Bush_4_B_Color1.fbx using Guid(0467e9826d125b142b1c363983738013) Importer(2089858483,b0f066a214c2f5e87bad3c948f4d605d) (ScriptedImporter) -> (artifact id: 'f5f7c9d95468e7aa81a680a4193a3641') in 0.0226114 seconds
Number of updated asset objects reloaded before import = 0Number of asset objects unloaded after import = 9

========================================================================
Received Import Request.
  Time since last request: 0.000035 seconds.
  path: Assets/Assets/KayKit_Forest_Nature_Pack_1.0_FREE/Assets/fbx(unity)/Bush_2_F_Color1.fbx
  artifactKey: Guid(49703abc29875dd4b920149a9234eaae) Importer(2089858483,b0f066a214c2f5e87bad3c948f4d605d)
Start importing Assets/Assets/KayKit_Forest_Nature_Pack_1.0_FREE/Assets/fbx(unity)/Bush_2_F_Color1.fbx using Guid(49703abc29875dd4b920149a9234eaae) Importer(2089858483,b0f066a214c2f5e87bad3c948f4d605d) (ScriptedImporter) -> (artifact id: 'fec9491d0d0a1b95e96dca6f588d0f2d') in 0.0231898 seconds
Number of updated asset objects reloaded before import = 0Number of asset objects unloaded after import = 9

========================================================================
Received Import Request.
  Time since last request: 0.000030 seconds.
  path: Assets/Assets/KayKit_Forest_Nature_Pack_1.0_FREE/Assets/obj/Rock_1_P_Color1.mtl
  artifactKey: Guid(9c11ccfc22a0ab3438d0bf45bf5722e1) Importer(2089858483,b0f066a214c2f5e87bad3c948f4d605d)
Start importing Assets/Assets/KayKit_Forest_Nature_Pack_1.0_FREE/Assets/obj/Rock_1_P_Color1.mtl using Guid(9c11ccfc22a0ab3438d0bf45bf5722e1) Importer(2089858483,b0f066a214c2f5e87bad3c948f4d605d) (ScriptedImporter) -> (artifact id: 'fce5e2100f0336ddb22181e64933b25f') in 0.0113446 seconds
Number of updated asset objects reloaded before import = 0Number of asset objects unloaded after import = 1

========================================================================
Received Import Request.
  Time since last request: 0.000027 seconds.
  path: Assets/Assets/KayKit_Forest_Nature_Pack_1.0_FREE/Assets/obj/Rock_3_J_Color1.obj
  artifactKey: Guid(5374904fe02224340a9c179164e87ddf) Importer(2089858483,b0f066a214c2f5e87bad3c948f4d605d)
Start importing Assets/Assets/KayKit_Forest_Nature_Pack_1.0_FREE/Assets/obj/Rock_3_J_Color1.obj using Guid(5374904fe02224340a9c179164e87ddf) Importer(2089858483,b0f066a214c2f5e87bad3c948f4d605d) (ScriptedImporter) -> (artifact id: '1ed5af581ed37cc14c35d40a573ef802') in 0.0209073 seconds
Number of updated asset objects reloaded before import = 0Number of asset objects unloaded after import = 11

========================================================================
Received Import Request.
  Time since last request: 0.000023 seconds.
  path: Assets/Assets/KayKit_Forest_Nature_Pack_1.0_FREE/Assets/fbx
  artifactKey: Guid(3050404a03afa274f97addbed1e62f94) Importer(2089858483,b0f066a214c2f5e87bad3c948f4d605d)
Start importing Assets/Assets/KayKit_Forest_Nature_Pack_1.0_FREE/Assets/fbx using Guid(3050404a03afa274f97addbed1e62f94) Importer(2089858483,b0f066a214c2f5e87bad3c948f4d605d) (ScriptedImporter) -> (artifact id: '792f793e33f894b1a61fe8457da0be31') in 0.011073 seconds
Number of updated asset objects reloaded before import = 0Number of asset objects unloaded after import = 1

========================================================================
Received Import Request.
  Time since last request: 2.946566 seconds.
  path: Assets/Assets/KayKit_Forest_Nature_Pack_1.0_FREE/Assets/fbx/forest_texture.png
  artifactKey: Guid(fb133fc59eed5194ab8bd9dfe810b1b0) Importer(815301076,1909f56bfc062723c751e8b465ee728b)
Start importing Assets/Assets/KayKit_Forest_Nature_Pack_1.0_FREE/Assets/fbx/forest_texture.png using Guid(fb133fc59eed5194ab8bd9dfe810b1b0) Importer(815301076,1909f56bfc062723c751e8b465ee728b) (PreviewImporter) -> (artifact id: '959cdb0fbf0d20088526357ac6da6dc8') in 0.0221365 seconds
Number of updated asset objects reloaded before import = 0Number of asset objects unloaded after import = 2

========================================================================
Received Import Request.
  Time since last request: 0.000024 seconds.
  path: Assets/Assets/KayKit_Forest_Nature_Pack_1.0_FREE/Assets/fbx/Grass_1_A_Singlesided_Color1.fbx
  artifactKey: Guid(94abe650d4723a34bb81050ab1f8eca8) Importer(815301076,1909f56bfc062723c751e8b465ee728b)
Start importing Assets/Assets/KayKit_Forest_Nature_Pack_1.0_FREE/Assets/fbx/Grass_1_A_Singlesided_Color1.fbx using Guid(94abe650d4723a34bb81050ab1f8eca8) Importer(815301076,1909f56bfc062723c751e8b465ee728b) (PreviewImporter) -> (artifact id: '36a26f61c2c2671e36ca86d531aa634d') in 0.0267467 seconds
Number of updated asset objects reloaded before import = 0Number of asset objects unloaded after import = 9

========================================================================
Received Import Request.
  Time since last request: 0.000031 seconds.
  path: Assets/Assets/KayKit_Forest_Nature_Pack_1.0_FREE/Assets/fbx/Grass_1_C_Color1.fbx
  artifactKey: Guid(9a913928a8efe8e4784c40b7c6f04358) Importer(815301076,1909f56bfc062723c751e8b465ee728b)
Start importing Assets/Assets/KayKit_Forest_Nature_Pack_1.0_FREE/Assets/fbx/Grass_1_C_Color1.fbx using Guid(9a913928a8efe8e4784c40b7c6f04358) Importer(815301076,1909f56bfc062723c751e8b465ee728b) (PreviewImporter) -> (artifact id: 'fc63456fb0dc2c456600ff287199f63e') in 0.0290486 seconds
Number of updated asset objects reloaded before import = 0Number of asset objects unloaded after import = 9

========================================================================
Received Import Request.
  Time since last request: 0.489396 seconds.
  path: Assets/Assets/KayKit_Forest_Nature_Pack_1.0_FREE/Assets/fbx/Grass_1_D_Singlesided_Color1.fbx
  artifactKey: Guid(b1c7d27064f48d340b90b9305962df7d) Importer(815301076,1909f56bfc062723c751e8b465ee728b)
Start importing Assets/Assets/KayKit_Forest_Nature_Pack_1.0_FREE/Assets/fbx/Grass_1_D_Singlesided_Color1.fbx using Guid(b1c7d27064f48d340b90b9305962df7d) Importer(815301076,1909f56bfc062723c751e8b465ee728b) (PreviewImporter) -> (artifact id: 'b6ae92aa5fd8d88b1152ad4e8b7b64d2') in 0.023439 seconds
Number of updated asset objects reloaded before import = 0Number of asset objects unloaded after import = 9

========================================================================
Received Import Request.
  Time since last request: 0.000022 seconds.
  path: Assets/Assets/KayKit_Forest_Nature_Pack_1.0_FREE/Assets/fbx/Grass_1_SingleSided_Mesh.fbx
  artifactKey: Guid(a65604512c00fe14b8f9d2cbcc2d3978) Importer(815301076,1909f56bfc062723c751e8b465ee728b)
Start importing Assets/Assets/KayKit_Forest_Nature_Pack_1.0_FREE/Assets/fbx/Grass_1_SingleSided_Mesh.fbx using Guid(a65604512c00fe14b8f9d2cbcc2d3978) Importer(815301076,1909f56bfc062723c751e8b465ee728b) (PreviewImporter) -> (artifact id: 'b32814a1ef839890efd18a9eee9d6234') in 0.017694 seconds
Number of updated asset objects reloaded before import = 0Number of asset objects unloaded after import = 7

========================================================================
Received Import Request.
  Time since last request: 0.551084 seconds.
  path: Assets/Assets/KayKit_Forest_Nature_Pack_1.0_FREE/Assets/fbx/Grass_2_A_Singlesided_Color1.fbx
  artifactKey: Guid(6c0fc37854eaf6c49834d5dd09548e04) Importer(815301076,1909f56bfc062723c751e8b465ee728b)
Start importing Assets/Assets/KayKit_Forest_Nature_Pack_1.0_FREE/Assets/fbx/Grass_2_A_Singlesided_Color1.fbx using Guid(6c0fc37854eaf6c49834d5dd09548e04) Importer(815301076,1909f56bfc062723c751e8b465ee728b) (PreviewImporter) -> (artifact id: 'e52716a3ff08669994db26bc50e79599') in 0.0268973 seconds
Number of updated asset objects reloaded before import = 0Number of asset objects unloaded after import = 9

========================================================================
Received Import Request.
  Time since last request: 1.091334 seconds.
  path: Assets/Assets/KayKit_Forest_Nature_Pack_1.0_FREE/Assets/fbx/Grass_2_B_Singlesided_Color1.fbx
  artifactKey: Guid(e5133c7d65d203c41820debb457c7289) Importer(815301076,1909f56bfc062723c751e8b465ee728b)
Start importing Assets/Assets/KayKit_Forest_Nature_Pack_1.0_FREE/Assets/fbx/Grass_2_B_Singlesided_Color1.fbx using Guid(e5133c7d65d203c41820debb457c7289) Importer(815301076,1909f56bfc062723c751e8b465ee728b) (PreviewImporter) -> (artifact id: 'ac0a5a8bab96dea423156b16c8bc5260') in 0.0312502 seconds
Number of updated asset objects reloaded before import = 0Number of asset objects unloaded after import = 9

========================================================================
Received Import Request.
  Time since last request: 0.665667 seconds.
  path: Assets/Assets/KayKit_Forest_Nature_Pack_1.0_FREE/Assets/fbx/Grass_2_D_Singlesided_Color1.fbx
  artifactKey: Guid(2f4a1bace79e0124c93a5dad0d31defe) Importer(815301076,1909f56bfc062723c751e8b465ee728b)
Start importing Assets/Assets/KayKit_Forest_Nature_Pack_1.0_FREE/Assets/fbx/Grass_2_D_Singlesided_Color1.fbx using Guid(2f4a1bace79e0124c93a5dad0d31defe) Importer(815301076,1909f56bfc062723c751e8b465ee728b) (PreviewImporter) -> (artifact id: '8323bfa49cd91ace3d8a5531beaa31b0') in 0.024088 seconds
Number of updated asset objects reloaded before import = 0Number of asset objects unloaded after import = 9

========================================================================
Received Import Request.
  Time since last request: 6.640939 seconds.
  path: Assets/Assets/KayKit_Forest_Nature_Pack_1.0_FREE/Assets/fbx/Grass_2_SingleSided_Mesh.fbx
  artifactKey: Guid(65e1aad480bedc842b3218a0e4a1137f) Importer(815301076,1909f56bfc062723c751e8b465ee728b)
Start importing Assets/Assets/KayKit_Forest_Nature_Pack_1.0_FREE/Assets/fbx/Grass_2_SingleSided_Mesh.fbx using Guid(65e1aad480bedc842b3218a0e4a1137f) Importer(815301076,1909f56bfc062723c751e8b465ee728b) (PreviewImporter) -> (artifact id: '31e5190a219a98de2558bb18cbd0229c') in 0.0196778 seconds
Number of updated asset objects reloaded before import = 0Number of asset objects unloaded after import = 7

========================================================================
Received Import Request.
  Time since last request: 0.000025 seconds.
  path: Assets/Assets/KayKit_Forest_Nature_Pack_1.0_FREE/Assets/fbx/Rock_1_C_Color1.fbx
  artifactKey: Guid(74848ca00e7158241ba0f56b66567847) Importer(815301076,1909f56bfc062723c751e8b465ee728b)
Start importing Assets/Assets/KayKit_Forest_Nature_Pack_1.0_FREE/Assets/fbx/Rock_1_C_Color1.fbx using Guid(74848ca00e7158241ba0f56b66567847) Importer(815301076,1909f56bfc062723c751e8b465ee728b) (PreviewImporter) -> (artifact id: 'c04339dc758f8d14de2fbf2416b0ca5f') in 0.0268276 seconds
Number of updated asset objects reloaded before import = 0Number of asset objects unloaded after import = 9

========================================================================
Received Import Request.
  Time since last request: 0.000040 seconds.
  path: Assets/Assets/KayKit_Forest_Nature_Pack_1.0_FREE/Assets/fbx/Rock_1_G_Color1.fbx
  artifactKey: Guid(b4b453e5d9c0f124cab2ad246f0c2191) Importer(815301076,1909f56bfc062723c751e8b465ee728b)
Start importing Assets/Assets/KayKit_Forest_Nature_Pack_1.0_FREE/Assets/fbx/Rock_1_G_Color1.fbx using Guid(b4b453e5d9c0f124cab2ad246f0c2191) Importer(815301076,1909f56bfc062723c751e8b465ee728b) (PreviewImporter) -> (artifact id: '2754da9ae418612a9392dfbbcc600b37') in 0.0254381 seconds
Number of updated asset objects reloaded before import = 0Number of asset objects unloaded after import = 9

========================================================================
Received Import Request.
  Time since last request: 0.248131 seconds.
  path: Assets/Assets/KayKit_Forest_Nature_Pack_1.0_FREE/Assets/fbx/Rock_1_J_Color1.fbx
  artifactKey: Guid(4baf0b83f9f06cb41a845a422bcfc187) Importer(815301076,1909f56bfc062723c751e8b465ee728b)
Start importing Assets/Assets/KayKit_Forest_Nature_Pack_1.0_FREE/Assets/fbx/Rock_1_J_Color1.fbx using Guid(4baf0b83f9f06cb41a845a422bcfc187) Importer(815301076,1909f56bfc062723c751e8b465ee728b) (PreviewImporter) -> (artifact id: '5562ce20be55e65f001c31ed4fbb4a84') in 0.0268691 seconds
Number of updated asset objects reloaded before import = 0Number of asset objects unloaded after import = 9

========================================================================
Received Import Request.
  Time since last request: 0.000030 seconds.
  path: Assets/Assets/KayKit_Forest_Nature_Pack_1.0_FREE/Assets/fbx/Rock_1_M_Color1.fbx
  artifactKey: Guid(2bd15ceaa74b50f4f8aaef6a80774a35) Importer(815301076,1909f56bfc062723c751e8b465ee728b)
Start importing Assets/Assets/KayKit_Forest_Nature_Pack_1.0_FREE/Assets/fbx/Rock_1_M_Color1.fbx using Guid(2bd15ceaa74b50f4f8aaef6a80774a35) Importer(815301076,1909f56bfc062723c751e8b465ee728b) (PreviewImporter) -> (artifact id: 'f7a42d580c90346be0f59dbda1afddfa') in 0.0296926 seconds
Number of updated asset objects reloaded before import = 0Number of asset objects unloaded after import = 9

========================================================================
Received Import Request.
  Time since last request: 0.000029 seconds.
  path: Assets/Assets/KayKit_Forest_Nature_Pack_1.0_FREE/Assets/fbx/Rock_1_P_Color1.fbx
  artifactKey: Guid(7b50b394b3821024eab24572b3cf6fe3) Importer(815301076,1909f56bfc062723c751e8b465ee728b)
Start importing Assets/Assets/KayKit_Forest_Nature_Pack_1.0_FREE/Assets/fbx/Rock_1_P_Color1.fbx using Guid(7b50b394b3821024eab24572b3cf6fe3) Importer(815301076,1909f56bfc062723c751e8b465ee728b) (PreviewImporter) -> (artifact id: '73c96aa40c1620dca40de3ad6524a7ca') in 0.027367 seconds
Number of updated asset objects reloaded before import = 0Number of asset objects unloaded after import = 9

========================================================================
Received Import Request.
  Time since last request: 117.082772 seconds.
  path: Assets/Scenes/MainScene.unity
  artifactKey: Guid(99c9720ab356a0642a771bea13969a05) Importer(2089858483,b0f066a214c2f5e87bad3c948f4d605d)
Start importing Assets/Scenes/MainScene.unity using Guid(99c9720ab356a0642a771bea13969a05) Importer(2089858483,b0f066a214c2f5e87bad3c948f4d605d) (ScriptedImporter) -> (artifact id: 'd6fdfcbc85db4129c2e7e66a58894f36') in 0.0123532 seconds
Number of updated asset objects reloaded before import = 0Number of asset objects unloaded after import = 1

========================================================================
Received Prepare
Begin MonoManager ReloadAssembly
[Licensing::Client] Successfully resolved entitlement details
- Loaded All Assemblies, in  0.901 seconds
Refreshing native plugins compatible for Editor in 0.75 ms, found 3 plugins.
Native extension for iOS target not found
Native extension for Android target not found
Native extension for WindowsStandalone target not found
Native extension for OSXStandalone target not found
[Package Manager] Failed to launch server process. Reason: Unity was launched with the -noUpm command-line argument
[Package Manager] Unable to send message (not connected to server process).
[Package Manager] Cannot connect to Unity Package Manager local server
[Package Manager] Failed to launch server process. Reason: Unity was launched with the -noUpm command-line argument
[Package Manager] Unable to send message (not connected to server process).
[Package Manager] Cannot connect to Unity Package Manager local server
ScheduleIndexationOnStartup MainProcess:False IndexOnStartup:True
Mono: successfully reloaded assembly
- Finished resetting the current domain, in  0.820 seconds
Domain Reload Profiling: 1725ms
	BeginReloadAssembly (296ms)
		ExecutionOrderSort (0ms)
		DisableScriptedObjects (31ms)
		BackupInstance (0ms)
		ReleaseScriptingObjects (0ms)
		CreateAndSetChildDomain (73ms)
	RebuildCommonClasses (54ms)
	RebuildNativeTypeToScriptingClass (17ms)
	initialDomainReloadingComplete (30ms)
	LoadAllAssembliesAndSetupDomain (508ms)
		LoadAssemblies (387ms)
		RebuildTransferFunctionScriptingTraits (0ms)
		AnalyzeDomain (244ms)
			TypeCache.Refresh (9ms)
				TypeCache.ScanAssembly (0ms)
			BuildScriptInfoCaches (210ms)
			ResolveRequiredComponents (19ms)
	FinalizeReload (821ms)
		ReleaseScriptCaches (0ms)
		RebuildScriptCaches (0ms)
		SetupLoadedEditorAssemblies (630ms)
			LogAssemblyErrors (0ms)
			InitializePlatformSupportModulesInManaged (12ms)
			SetLoadedEditorAssemblies (5ms)
			BeforeProcessingInitializeOnLoad (165ms)
			ProcessInitializeOnLoadAttributes (362ms)
			ProcessInitializeOnLoadMethodAttributes (81ms)
			AfterProcessingInitializeOnLoad (4ms)
			EditorAssembliesLoaded (0ms)
		ExecutionOrderSort2 (0ms)
		AwakeInstancesAfterBackupRestoration (19ms)
Refreshing native plugins compatible for Editor in 0.80 ms, found 3 plugins.
Preloading 0 native plugins for Editor in 0.00 ms.
Unloading 16 Unused Serialized files (Serialized files now loaded: 0)
Unloading 6183 unused Assets / (4.0 MB). Loaded Objects now: 7159.
Memory consumption went from 159.3 MB to 155.3 MB.
Total: 9.037700 ms (FindLiveObjects: 0.788600 ms CreateObjectMapping: 1.092800 ms MarkObjects: 4.896900 ms  DeleteObjects: 2.258500 ms)

Prepare: number of updated asset objects reloaded= 0
========================================================================
Received Prepare
Refreshing native plugins compatible for Editor in 0.97 ms, found 3 plugins.
Preloading 0 native plugins for Editor in 0.00 ms.
Unloading 16 Unused Serialized files (Serialized files now loaded: 0)
Unloading 6176 unused Assets / (4.1 MB). Loaded Objects now: 7159.
Memory consumption went from 159.3 MB to 155.2 MB.
Total: 10.418600 ms (FindLiveObjects: 0.937000 ms CreateObjectMapping: 1.571400 ms MarkObjects: 5.502400 ms  DeleteObjects: 2.406700 ms)

Prepare: number of updated asset objects reloaded= 0
========================================================================
Received Prepare
Begin MonoManager ReloadAssembly
- Loaded All Assemblies, in  0.942 seconds
Refreshing native plugins compatible for Editor in 0.89 ms, found 3 plugins.
Native extension for iOS target not found
Native extension for Android target not found
Native extension for WindowsStandalone target not found
Native extension for OSXStandalone target not found
[Package Manager] Failed to launch server process. Reason: Unity was launched with the -noUpm command-line argument
[Package Manager] Unable to send message (not connected to server process).
[Package Manager] Cannot connect to Unity Package Manager local server
[Package Manager] Failed to launch server process. Reason: Unity was launched with the -noUpm command-line argument
[Package Manager] Unable to send message (not connected to server process).
[Package Manager] Cannot connect to Unity Package Manager local server
ScheduleIndexationOnStartup MainProcess:False IndexOnStartup:True
Mono: successfully reloaded assembly
- Finished resetting the current domain, in  0.860 seconds
Domain Reload Profiling: 1806ms
	BeginReloadAssembly (270ms)
		ExecutionOrderSort (0ms)
		DisableScriptedObjects (7ms)
		BackupInstance (0ms)
		ReleaseScriptingObjects (0ms)
		CreateAndSetChildDomain (53ms)
	RebuildCommonClasses (46ms)
	RebuildNativeTypeToScriptingClass (19ms)
	initialDomainReloadingComplete (33ms)
	LoadAllAssembliesAndSetupDomain (579ms)
		LoadAssemblies (447ms)
		RebuildTransferFunctionScriptingTraits (0ms)
		AnalyzeDomain (268ms)
			TypeCache.Refresh (13ms)
				TypeCache.ScanAssembly (0ms)
			BuildScriptInfoCaches (233ms)
			ResolveRequiredComponents (15ms)
	FinalizeReload (861ms)
		ReleaseScriptCaches (0ms)
		RebuildScriptCaches (0ms)
		SetupLoadedEditorAssemblies (634ms)
			LogAssemblyErrors (0ms)
			InitializePlatformSupportModulesInManaged (13ms)
			SetLoadedEditorAssemblies (6ms)
			BeforeProcessingInitializeOnLoad (160ms)
			ProcessInitializeOnLoadAttributes (363ms)
			ProcessInitializeOnLoadMethodAttributes (88ms)
			AfterProcessingInitializeOnLoad (3ms)
			EditorAssembliesLoaded (0ms)
		ExecutionOrderSort2 (0ms)
		AwakeInstancesAfterBackupRestoration (26ms)
Refreshing native plugins compatible for Editor in 0.93 ms, found 3 plugins.
Preloading 0 native plugins for Editor in 0.00 ms.
Unloading 16 Unused Serialized files (Serialized files now loaded: 0)
Unloading 6182 unused Assets / (4.3 MB). Loaded Objects now: 7162.
Memory consumption went from 159.2 MB to 154.9 MB.
Total: 10.759000 ms (FindLiveObjects: 0.839900 ms CreateObjectMapping: 1.320600 ms MarkObjects: 5.415500 ms  DeleteObjects: 3.181600 ms)

Prepare: number of updated asset objects reloaded= 0
========================================================================
Received Prepare
Refreshing native plugins compatible for Editor in 0.99 ms, found 3 plugins.
Preloading 0 native plugins for Editor in 0.00 ms.
Unloading 16 Unused Serialized files (Serialized files now loaded: 0)
Unloading 6176 unused Assets / (4.1 MB). Loaded Objects now: 7162.
Memory consumption went from 159.4 MB to 155.3 MB.
Total: 10.931900 ms (FindLiveObjects: 0.930700 ms CreateObjectMapping: 1.481100 ms MarkObjects: 5.671700 ms  DeleteObjects: 2.847300 ms)

Prepare: number of updated asset objects reloaded= 0
========================================================================
Received Prepare
Begin MonoManager ReloadAssembly
[Licensing::Client] Successfully resolved entitlement details
- Loaded All Assemblies, in  0.840 seconds
Refreshing native plugins compatible for Editor in 0.86 ms, found 3 plugins.
Native extension for iOS target not found
Native extension for Android target not found
Native extension for WindowsStandalone target not found
Native extension for OSXStandalone target not found
[Package Manager] Failed to launch server process. Reason: Unity was launched with the -noUpm command-line argument
[Package Manager] Unable to send message (not connected to server process).
[Package Manager] Cannot connect to Unity Package Manager local server
[Package Manager] Failed to launch server process. Reason: Unity was launched with the -noUpm command-line argument
[Package Manager] Unable to send message (not connected to server process).
[Package Manager] Cannot connect to Unity Package Manager local server
ScheduleIndexationOnStartup MainProcess:False IndexOnStartup:True
Mono: successfully reloaded assembly
- Finished resetting the current domain, in  0.825 seconds
Domain Reload Profiling: 1669ms
	BeginReloadAssembly (251ms)
		ExecutionOrderSort (0ms)
		DisableScriptedObjects (10ms)
		BackupInstance (0ms)
		ReleaseScriptingObjects (0ms)
		CreateAndSetChildDomain (53ms)
	RebuildCommonClasses (51ms)
	RebuildNativeTypeToScriptingClass (17ms)
	initialDomainReloadingComplete (29ms)
	LoadAllAssembliesAndSetupDomain (496ms)
		LoadAssemblies (371ms)
		RebuildTransferFunctionScriptingTraits (0ms)
		AnalyzeDomain (239ms)
			TypeCache.Refresh (14ms)
				TypeCache.ScanAssembly (0ms)
			BuildScriptInfoCaches (204ms)
			ResolveRequiredComponents (15ms)
	FinalizeReload (826ms)
		ReleaseScriptCaches (0ms)
		RebuildScriptCaches (0ms)
		SetupLoadedEditorAssemblies (627ms)
			LogAssemblyErrors (0ms)
			InitializePlatformSupportModulesInManaged (12ms)
			SetLoadedEditorAssemblies (5ms)
			BeforeProcessingInitializeOnLoad (175ms)
			ProcessInitializeOnLoadAttributes (350ms)
			ProcessInitializeOnLoadMethodAttributes (82ms)
			AfterProcessingInitializeOnLoad (3ms)
			EditorAssembliesLoaded (0ms)
		ExecutionOrderSort2 (0ms)
		AwakeInstancesAfterBackupRestoration (23ms)
Refreshing native plugins compatible for Editor in 0.93 ms, found 3 plugins.
Preloading 0 native plugins for Editor in 0.00 ms.
Unloading 16 Unused Serialized files (Serialized files now loaded: 0)
Unloading 6182 unused Assets / (4.1 MB). Loaded Objects now: 7165.
Memory consumption went from 159.2 MB to 155.1 MB.
Total: 9.877700 ms (FindLiveObjects: 0.791400 ms CreateObjectMapping: 1.183400 ms MarkObjects: 5.409500 ms  DeleteObjects: 2.492400 ms)

Prepare: number of updated asset objects reloaded= 0
========================================================================
Received Prepare
Begin MonoManager ReloadAssembly
- Loaded All Assemblies, in  0.839 seconds
Refreshing native plugins compatible for Editor in 1.13 ms, found 3 plugins.
Native extension for iOS target not found
Native extension for Android target not found
Native extension for WindowsStandalone target not found
Native extension for OSXStandalone target not found
[Package Manager] Failed to launch server process. Reason: Unity was launched with the -noUpm command-line argument
[Package Manager] Unable to send message (not connected to server process).
[Package Manager] Cannot connect to Unity Package Manager local server
[Package Manager] Failed to launch server process. Reason: Unity was launched with the -noUpm command-line argument
[Package Manager] Unable to send message (not connected to server process).
[Package Manager] Cannot connect to Unity Package Manager local server
ScheduleIndexationOnStartup MainProcess:False IndexOnStartup:True
Mono: successfully reloaded assembly
- Finished resetting the current domain, in  0.839 seconds
Domain Reload Profiling: 1682ms
	BeginReloadAssembly (232ms)
		ExecutionOrderSort (0ms)
		DisableScriptedObjects (7ms)
		BackupInstance (0ms)
		ReleaseScriptingObjects (0ms)
		CreateAndSetChildDomain (49ms)
	RebuildCommonClasses (46ms)
	RebuildNativeTypeToScriptingClass (18ms)
	initialDomainReloadingComplete (32ms)
	LoadAllAssembliesAndSetupDomain (515ms)
		LoadAssemblies (371ms)
		RebuildTransferFunctionScriptingTraits (0ms)
		AnalyzeDomain (258ms)
			TypeCache.Refresh (9ms)
				TypeCache.ScanAssembly (0ms)
			BuildScriptInfoCaches (230ms)
			ResolveRequiredComponents (13ms)
	FinalizeReload (840ms)
		ReleaseScriptCaches (0ms)
		RebuildScriptCaches (0ms)
		SetupLoadedEditorAssemblies (637ms)
			LogAssemblyErrors (0ms)
			InitializePlatformSupportModulesInManaged (16ms)
			SetLoadedEditorAssemblies (5ms)
			BeforeProcessingInitializeOnLoad (147ms)
			ProcessInitializeOnLoadAttributes (382ms)
			ProcessInitializeOnLoadMethodAttributes (84ms)
			AfterProcessingInitializeOnLoad (3ms)
			EditorAssembliesLoaded (0ms)
		ExecutionOrderSort2 (0ms)
		AwakeInstancesAfterBackupRestoration (19ms)
Refreshing native plugins compatible for Editor in 0.87 ms, found 3 plugins.
Preloading 0 native plugins for Editor in 0.00 ms.
Unloading 16 Unused Serialized files (Serialized files now loaded: 0)
Unloading 6182 unused Assets / (3.9 MB). Loaded Objects now: 7168.
Memory consumption went from 159.3 MB to 155.3 MB.
Total: 12.848100 ms (FindLiveObjects: 1.010000 ms CreateObjectMapping: 1.947500 ms MarkObjects: 7.388700 ms  DeleteObjects: 2.500900 ms)

Prepare: number of updated asset objects reloaded= 0
========================================================================
Received Prepare
Refreshing native plugins compatible for Editor in 0.86 ms, found 3 plugins.
Preloading 0 native plugins for Editor in 0.00 ms.
Unloading 16 Unused Serialized files (Serialized files now loaded: 0)
Unloading 6176 unused Assets / (4.1 MB). Loaded Objects now: 7168.
Memory consumption went from 159.5 MB to 155.3 MB.
Total: 11.223300 ms (FindLiveObjects: 0.773500 ms CreateObjectMapping: 1.128600 ms MarkObjects: 6.788300 ms  DeleteObjects: 2.531700 ms)

Prepare: number of updated asset objects reloaded= 0
========================================================================
Received Prepare
Begin MonoManager ReloadAssembly
[Licensing::Client] Successfully resolved entitlement details
- Loaded All Assemblies, in  0.897 seconds
Refreshing native plugins compatible for Editor in 0.77 ms, found 3 plugins.
Native extension for iOS target not found
Native extension for Android target not found
Native extension for WindowsStandalone target not found
Native extension for OSXStandalone target not found
[Package Manager] Failed to launch server process. Reason: Unity was launched with the -noUpm command-line argument
[Package Manager] Unable to send message (not connected to server process).
[Package Manager] Cannot connect to Unity Package Manager local server
[Package Manager] Failed to launch server process. Reason: Unity was launched with the -noUpm command-line argument
[Package Manager] Unable to send message (not connected to server process).
[Package Manager] Cannot connect to Unity Package Manager local server
ScheduleIndexationOnStartup MainProcess:False IndexOnStartup:True
Mono: successfully reloaded assembly
- Finished resetting the current domain, in  0.985 seconds
Domain Reload Profiling: 1887ms
	BeginReloadAssembly (241ms)
		ExecutionOrderSort (0ms)
		DisableScriptedObjects (11ms)
		BackupInstance (0ms)
		ReleaseScriptingObjects (0ms)
		CreateAndSetChildDomain (46ms)
	RebuildCommonClasses (46ms)
	RebuildNativeTypeToScriptingClass (17ms)
	initialDomainReloadingComplete (29ms)
	LoadAllAssembliesAndSetupDomain (567ms)
		LoadAssemblies (397ms)
		RebuildTransferFunctionScriptingTraits (0ms)
		AnalyzeDomain (287ms)
			TypeCache.Refresh (18ms)
				TypeCache.ScanAssembly (0ms)
			BuildScriptInfoCaches (250ms)
			ResolveRequiredComponents (13ms)
	FinalizeReload (985ms)
		ReleaseScriptCaches (0ms)
		RebuildScriptCaches (0ms)
		SetupLoadedEditorAssemblies (779ms)
			LogAssemblyErrors (0ms)
			InitializePlatformSupportModulesInManaged (13ms)
			SetLoadedEditorAssemblies (6ms)
			BeforeProcessingInitializeOnLoad (192ms)
			ProcessInitializeOnLoadAttributes (467ms)
			ProcessInitializeOnLoadMethodAttributes (98ms)
			AfterProcessingInitializeOnLoad (4ms)
			EditorAssembliesLoaded (0ms)
		ExecutionOrderSort2 (0ms)
		AwakeInstancesAfterBackupRestoration (29ms)
Refreshing native plugins compatible for Editor in 1.11 ms, found 3 plugins.
Preloading 0 native plugins for Editor in 0.00 ms.
Unloading 16 Unused Serialized files (Serialized files now loaded: 0)
Unloading 6182 unused Assets / (4.4 MB). Loaded Objects now: 7171.
Memory consumption went from 159.3 MB to 155.0 MB.
Total: 14.895100 ms (FindLiveObjects: 1.000600 ms CreateObjectMapping: 1.917300 ms MarkObjects: 7.935700 ms  DeleteObjects: 4.039900 ms)

Prepare: number of updated asset objects reloaded= 0
========================================================================
Received Prepare
Refreshing native plugins compatible for Editor in 0.98 ms, found 3 plugins.
Preloading 0 native plugins for Editor in 0.00 ms.
Unloading 16 Unused Serialized files (Serialized files now loaded: 0)
Unloading 6176 unused Assets / (4.0 MB). Loaded Objects now: 7171.
Memory consumption went from 159.5 MB to 155.5 MB.
Total: 10.604900 ms (FindLiveObjects: 0.914000 ms CreateObjectMapping: 1.601500 ms MarkObjects: 5.470000 ms  DeleteObjects: 2.618200 ms)

Prepare: number of updated asset objects reloaded= 0
========================================================================
Received Prepare
Refreshing native plugins compatible for Editor in 1.10 ms, found 3 plugins.
Preloading 0 native plugins for Editor in 0.00 ms.
Unloading 16 Unused Serialized files (Serialized files now loaded: 0)
Unloading 6176 unused Assets / (3.9 MB). Loaded Objects now: 7171.
Memory consumption went from 159.5 MB to 155.6 MB.
Total: 12.748600 ms (FindLiveObjects: 0.896900 ms CreateObjectMapping: 1.402600 ms MarkObjects: 7.628000 ms  DeleteObjects: 2.819900 ms)

Prepare: number of updated asset objects reloaded= 0
========================================================================
Received Prepare
Begin MonoManager ReloadAssembly
[Licensing::Client] Successfully resolved entitlement details
- Loaded All Assemblies, in  0.867 seconds
Refreshing native plugins compatible for Editor in 0.78 ms, found 3 plugins.
Native extension for iOS target not found
Native extension for Android target not found
Native extension for WindowsStandalone target not found
Native extension for OSXStandalone target not found
[Package Manager] Failed to launch server process. Reason: Unity was launched with the -noUpm command-line argument
[Package Manager] Unable to send message (not connected to server process).
[Package Manager] Cannot connect to Unity Package Manager local server
[Package Manager] Failed to launch server process. Reason: Unity was launched with the -noUpm command-line argument
[Package Manager] Unable to send message (not connected to server process).
[Package Manager] Cannot connect to Unity Package Manager local server
ScheduleIndexationOnStartup MainProcess:False IndexOnStartup:True
Mono: successfully reloaded assembly
- Finished resetting the current domain, in  0.813 seconds
Domain Reload Profiling: 1684ms
	BeginReloadAssembly (269ms)
		ExecutionOrderSort (0ms)
		DisableScriptedObjects (12ms)
		BackupInstance (0ms)
		ReleaseScriptingObjects (0ms)
		CreateAndSetChildDomain (52ms)
	RebuildCommonClasses (51ms)
	RebuildNativeTypeToScriptingClass (19ms)
	initialDomainReloadingComplete (32ms)
	LoadAllAssembliesAndSetupDomain (500ms)
		LoadAssemblies (378ms)
		RebuildTransferFunctionScriptingTraits (0ms)
		AnalyzeDomain (253ms)
			TypeCache.Refresh (13ms)
				TypeCache.ScanAssembly (0ms)
			BuildScriptInfoCaches (222ms)
			ResolveRequiredComponents (12ms)
	FinalizeReload (814ms)
		ReleaseScriptCaches (0ms)
		RebuildScriptCaches (0ms)
		SetupLoadedEditorAssemblies (611ms)
			LogAssemblyErrors (0ms)
			InitializePlatformSupportModulesInManaged (12ms)
			SetLoadedEditorAssemblies (5ms)
			BeforeProcessingInitializeOnLoad (163ms)
			ProcessInitializeOnLoadAttributes (352ms)
			ProcessInitializeOnLoadMethodAttributes (74ms)
			AfterProcessingInitializeOnLoad (5ms)
			EditorAssembliesLoaded (0ms)
		ExecutionOrderSort2 (0ms)
		AwakeInstancesAfterBackupRestoration (19ms)
Refreshing native plugins compatible for Editor in 1.09 ms, found 3 plugins.
Preloading 0 native plugins for Editor in 0.00 ms.
Unloading 16 Unused Serialized files (Serialized files now loaded: 0)
Unloading 6182 unused Assets / (4.2 MB). Loaded Objects now: 7174.
Memory consumption went from 159.4 MB to 155.2 MB.
Total: 11.382500 ms (FindLiveObjects: 1.066800 ms CreateObjectMapping: 1.646100 ms MarkObjects: 5.989100 ms  DeleteObjects: 2.679200 ms)

Prepare: number of updated asset objects reloaded= 0
========================================================================
Received Prepare
Begin MonoManager ReloadAssembly
- Loaded All Assemblies, in  0.826 seconds
Refreshing native plugins compatible for Editor in 0.81 ms, found 3 plugins.
Native extension for iOS target not found
Native extension for Android target not found
Native extension for WindowsStandalone target not found
Native extension for OSXStandalone target not found
[Package Manager] Failed to launch server process. Reason: Unity was launched with the -noUpm command-line argument
[Package Manager] Unable to send message (not connected to server process).
[Package Manager] Cannot connect to Unity Package Manager local server
[Package Manager] Failed to launch server process. Reason: Unity was launched with the -noUpm command-line argument
[Package Manager] Unable to send message (not connected to server process).
[Package Manager] Cannot connect to Unity Package Manager local server
ScheduleIndexationOnStartup MainProcess:False IndexOnStartup:True
Mono: successfully reloaded assembly
- Finished resetting the current domain, in  0.821 seconds
Domain Reload Profiling: 1651ms
	BeginReloadAssembly (232ms)
		ExecutionOrderSort (0ms)
		DisableScriptedObjects (7ms)
		BackupInstance (0ms)
		ReleaseScriptingObjects (0ms)
		CreateAndSetChildDomain (49ms)
	RebuildCommonClasses (51ms)
	RebuildNativeTypeToScriptingClass (18ms)
	initialDomainReloadingComplete (28ms)
	LoadAllAssembliesAndSetupDomain (501ms)
		LoadAssemblies (368ms)
		RebuildTransferFunctionScriptingTraits (0ms)
		AnalyzeDomain (240ms)
			TypeCache.Refresh (10ms)
				TypeCache.ScanAssembly (0ms)
			BuildScriptInfoCaches (213ms)
			ResolveRequiredComponents (12ms)
	FinalizeReload (821ms)
		ReleaseScriptCaches (0ms)
		RebuildScriptCaches (0ms)
		SetupLoadedEditorAssemblies (616ms)
			LogAssemblyErrors (0ms)
			InitializePlatformSupportModulesInManaged (13ms)
			SetLoadedEditorAssemblies (5ms)
			BeforeProcessingInitializeOnLoad (157ms)
			ProcessInitializeOnLoadAttributes (355ms)
			ProcessInitializeOnLoadMethodAttributes (79ms)
			AfterProcessingInitializeOnLoad (5ms)
			EditorAssembliesLoaded (0ms)
		ExecutionOrderSort2 (0ms)
		AwakeInstancesAfterBackupRestoration (22ms)
Refreshing native plugins compatible for Editor in 0.78 ms, found 3 plugins.
Preloading 0 native plugins for Editor in 0.00 ms.
Unloading 16 Unused Serialized files (Serialized files now loaded: 0)
Unloading 6182 unused Assets / (4.1 MB). Loaded Objects now: 7177.
Memory consumption went from 159.4 MB to 155.3 MB.
Total: 8.958300 ms (FindLiveObjects: 0.783800 ms CreateObjectMapping: 1.076100 ms MarkObjects: 4.811400 ms  DeleteObjects: 2.286300 ms)

Prepare: number of updated asset objects reloaded= 0
========================================================================
Received Prepare
Begin MonoManager ReloadAssembly
[Licensing::Client] Successfully resolved entitlement details
- Loaded All Assemblies, in  0.833 seconds
Refreshing native plugins compatible for Editor in 0.80 ms, found 3 plugins.
Native extension for iOS target not found
Native extension for Android target not found
Native extension for WindowsStandalone target not found
Native extension for OSXStandalone target not found
[Package Manager] Failed to launch server process. Reason: Unity was launched with the -noUpm command-line argument
[Package Manager] Unable to send message (not connected to server process).
[Package Manager] Cannot connect to Unity Package Manager local server
[Package Manager] Failed to launch server process. Reason: Unity was launched with the -noUpm command-line argument
[Package Manager] Unable to send message (not connected to server process).
[Package Manager] Cannot connect to Unity Package Manager local server
ScheduleIndexationOnStartup MainProcess:False IndexOnStartup:True
Mono: successfully reloaded assembly
- Finished resetting the current domain, in  0.816 seconds
Domain Reload Profiling: 1654ms
	BeginReloadAssembly (248ms)
		ExecutionOrderSort (0ms)
		DisableScriptedObjects (8ms)
		BackupInstance (0ms)
		ReleaseScriptingObjects (0ms)
		CreateAndSetChildDomain (52ms)
	RebuildCommonClasses (43ms)
	RebuildNativeTypeToScriptingClass (17ms)
	initialDomainReloadingComplete (30ms)
	LoadAllAssembliesAndSetupDomain (500ms)
		LoadAssemblies (368ms)
		RebuildTransferFunctionScriptingTraits (0ms)
		AnalyzeDomain (246ms)
			TypeCache.Refresh (10ms)
				TypeCache.ScanAssembly (0ms)
			BuildScriptInfoCaches (218ms)
			ResolveRequiredComponents (12ms)
	FinalizeReload (816ms)
		ReleaseScriptCaches (0ms)
		RebuildScriptCaches (0ms)
		SetupLoadedEditorAssemblies (606ms)
			LogAssemblyErrors (0ms)
			InitializePlatformSupportModulesInManaged (11ms)
			SetLoadedEditorAssemblies (5ms)
			BeforeProcessingInitializeOnLoad (160ms)
			ProcessInitializeOnLoadAttributes (347ms)
			ProcessInitializeOnLoadMethodAttributes (78ms)
			AfterProcessingInitializeOnLoad (4ms)
			EditorAssembliesLoaded (0ms)
		ExecutionOrderSort2 (0ms)
		AwakeInstancesAfterBackupRestoration (21ms)
Refreshing native plugins compatible for Editor in 1.04 ms, found 3 plugins.
Preloading 0 native plugins for Editor in 0.00 ms.
Unloading 16 Unused Serialized files (Serialized files now loaded: 0)
Unloading 6182 unused Assets / (3.9 MB). Loaded Objects now: 7180.
Memory consumption went from 159.4 MB to 155.5 MB.
Total: 11.366200 ms (FindLiveObjects: 1.001600 ms CreateObjectMapping: 1.519800 ms MarkObjects: 6.344300 ms  DeleteObjects: 2.499700 ms)

Prepare: number of updated asset objects reloaded= 0
========================================================================
Received Prepare
Refreshing native plugins compatible for Editor in 0.84 ms, found 3 plugins.
Preloading 0 native plugins for Editor in 0.00 ms.
Unloading 16 Unused Serialized files (Serialized files now loaded: 0)
Unloading 6176 unused Assets / (4.1 MB). Loaded Objects now: 7180.
Memory consumption went from 159.6 MB to 155.5 MB.
Total: 11.332800 ms (FindLiveObjects: 1.267400 ms CreateObjectMapping: 1.558000 ms MarkObjects: 6.029400 ms  DeleteObjects: 2.476900 ms)

Prepare: number of updated asset objects reloaded= 0
========================================================================
Received Prepare
Begin MonoManager ReloadAssembly
[Licensing::Client] Successfully resolved entitlement details
- Loaded All Assemblies, in  0.833 seconds
Refreshing native plugins compatible for Editor in 1.34 ms, found 3 plugins.
Native extension for iOS target not found
Native extension for Android target not found
Native extension for WindowsStandalone target not found
Native extension for OSXStandalone target not found
[Package Manager] Failed to launch server process. Reason: Unity was launched with the -noUpm command-line argument
[Package Manager] Unable to send message (not connected to server process).
[Package Manager] Cannot connect to Unity Package Manager local server
[Package Manager] Failed to launch server process. Reason: Unity was launched with the -noUpm command-line argument
[Package Manager] Unable to send message (not connected to server process).
[Package Manager] Cannot connect to Unity Package Manager local server
ScheduleIndexationOnStartup MainProcess:False IndexOnStartup:True
Mono: successfully reloaded assembly
- Finished resetting the current domain, in  0.820 seconds
Domain Reload Profiling: 1657ms
	BeginReloadAssembly (237ms)
		ExecutionOrderSort (0ms)
		DisableScriptedObjects (8ms)
		BackupInstance (0ms)
		ReleaseScriptingObjects (0ms)
		CreateAndSetChildDomain (50ms)
	RebuildCommonClasses (44ms)
	RebuildNativeTypeToScriptingClass (19ms)
	initialDomainReloadingComplete (29ms)
	LoadAllAssembliesAndSetupDomain (507ms)
		LoadAssemblies (375ms)
		RebuildTransferFunctionScriptingTraits (0ms)
		AnalyzeDomain (247ms)
			TypeCache.Refresh (14ms)
				TypeCache.ScanAssembly (0ms)
			BuildScriptInfoCaches (210ms)
			ResolveRequiredComponents (17ms)
	FinalizeReload (821ms)
		ReleaseScriptCaches (0ms)
		RebuildScriptCaches (0ms)
		SetupLoadedEditorAssemblies (622ms)
			LogAssemblyErrors (0ms)
			InitializePlatformSupportModulesInManaged (14ms)
			SetLoadedEditorAssemblies (5ms)
			BeforeProcessingInitializeOnLoad (162ms)
			ProcessInitializeOnLoadAttributes (358ms)
			ProcessInitializeOnLoadMethodAttributes (78ms)
			AfterProcessingInitializeOnLoad (3ms)
			EditorAssembliesLoaded (0ms)
		ExecutionOrderSort2 (0ms)
		AwakeInstancesAfterBackupRestoration (21ms)
Refreshing native plugins compatible for Editor in 0.99 ms, found 3 plugins.
Preloading 0 native plugins for Editor in 0.00 ms.
Unloading 16 Unused Serialized files (Serialized files now loaded: 0)
Unloading 6182 unused Assets / (3.8 MB). Loaded Objects now: 7183.
Memory consumption went from 159.5 MB to 155.7 MB.
Total: 13.040600 ms (FindLiveObjects: 0.991700 ms CreateObjectMapping: 1.475000 ms MarkObjects: 6.881300 ms  DeleteObjects: 3.691600 ms)

Prepare: number of updated asset objects reloaded= 0
========================================================================
Received Prepare
Begin MonoManager ReloadAssembly
- Loaded All Assemblies, in  0.897 seconds
Refreshing native plugins compatible for Editor in 0.83 ms, found 3 plugins.
Native extension for iOS target not found
Native extension for Android target not found
Native extension for WindowsStandalone target not found
Native extension for OSXStandalone target not found
[Package Manager] Failed to launch server process. Reason: Unity was launched with the -noUpm command-line argument
[Package Manager] Unable to send message (not connected to server process).
[Package Manager] Cannot connect to Unity Package Manager local server
[Package Manager] Failed to launch server process. Reason: Unity was launched with the -noUpm command-line argument
[Package Manager] Unable to send message (not connected to server process).
[Package Manager] Cannot connect to Unity Package Manager local server
ScheduleIndexationOnStartup MainProcess:False IndexOnStartup:True
Mono: successfully reloaded assembly
- Finished resetting the current domain, in  0.818 seconds
Domain Reload Profiling: 1719ms
	BeginReloadAssembly (241ms)
		ExecutionOrderSort (0ms)
		DisableScriptedObjects (7ms)
		BackupInstance (0ms)
		ReleaseScriptingObjects (0ms)
		CreateAndSetChildDomain (51ms)
	RebuildCommonClasses (54ms)
	RebuildNativeTypeToScriptingClass (20ms)
	initialDomainReloadingComplete (31ms)
	LoadAllAssembliesAndSetupDomain (553ms)
		LoadAssemblies (422ms)
		RebuildTransferFunctionScriptingTraits (0ms)
		AnalyzeDomain (246ms)
			TypeCache.Refresh (10ms)
				TypeCache.ScanAssembly (0ms)
			BuildScriptInfoCaches (219ms)
			ResolveRequiredComponents (12ms)
	FinalizeReload (819ms)
		ReleaseScriptCaches (0ms)
		RebuildScriptCaches (0ms)
		SetupLoadedEditorAssemblies (621ms)
			LogAssemblyErrors (0ms)
			InitializePlatformSupportModulesInManaged (13ms)
			SetLoadedEditorAssemblies (6ms)
			BeforeProcessingInitializeOnLoad (156ms)
			ProcessInitializeOnLoadAttributes (363ms)
			ProcessInitializeOnLoadMethodAttributes (80ms)
			AfterProcessingInitializeOnLoad (3ms)
			EditorAssembliesLoaded (0ms)
		ExecutionOrderSort2 (0ms)
		AwakeInstancesAfterBackupRestoration (21ms)
Refreshing native plugins compatible for Editor in 0.80 ms, found 3 plugins.
Preloading 0 native plugins for Editor in 0.00 ms.
Unloading 16 Unused Serialized files (Serialized files now loaded: 0)
Unloading 6182 unused Assets / (4.0 MB). Loaded Objects now: 7186.
Memory consumption went from 159.5 MB to 155.5 MB.
Total: 11.092100 ms (FindLiveObjects: 0.812100 ms CreateObjectMapping: 1.210300 ms MarkObjects: 5.785200 ms  DeleteObjects: 3.283100 ms)

Prepare: number of updated asset objects reloaded= 0
========================================================================
Received Prepare
Begin MonoManager ReloadAssembly
[Licensing::Client] Successfully resolved entitlement details
- Loaded All Assemblies, in  0.837 seconds
Refreshing native plugins compatible for Editor in 1.07 ms, found 3 plugins.
Native extension for iOS target not found
Native extension for Android target not found
Native extension for WindowsStandalone target not found
Native extension for OSXStandalone target not found
[Package Manager] Failed to launch server process. Reason: Unity was launched with the -noUpm command-line argument
[Package Manager] Unable to send message (not connected to server process).
[Package Manager] Cannot connect to Unity Package Manager local server
[Package Manager] Failed to launch server process. Reason: Unity was launched with the -noUpm command-line argument
[Package Manager] Unable to send message (not connected to server process).
[Package Manager] Cannot connect to Unity Package Manager local server
ScheduleIndexationOnStartup MainProcess:False IndexOnStartup:True
Mono: successfully reloaded assembly
- Finished resetting the current domain, in  0.805 seconds
Domain Reload Profiling: 1645ms
	BeginReloadAssembly (237ms)
		ExecutionOrderSort (0ms)
		DisableScriptedObjects (8ms)
		BackupInstance (0ms)
		ReleaseScriptingObjects (0ms)
		CreateAndSetChildDomain (47ms)
	RebuildCommonClasses (49ms)
	RebuildNativeTypeToScriptingClass (17ms)
	initialDomainReloadingComplete (31ms)
	LoadAllAssembliesAndSetupDomain (505ms)
		LoadAssemblies (376ms)
		RebuildTransferFunctionScriptingTraits (0ms)
		AnalyzeDomain (248ms)
			TypeCache.Refresh (9ms)
				TypeCache.ScanAssembly (0ms)
			BuildScriptInfoCaches (217ms)
			ResolveRequiredComponents (16ms)
	FinalizeReload (805ms)
		ReleaseScriptCaches (0ms)
		RebuildScriptCaches (0ms)
		SetupLoadedEditorAssemblies (615ms)
			LogAssemblyErrors (0ms)
			InitializePlatformSupportModulesInManaged (13ms)
			SetLoadedEditorAssemblies (5ms)
			BeforeProcessingInitializeOnLoad (163ms)
			ProcessInitializeOnLoadAttributes (351ms)
			ProcessInitializeOnLoadMethodAttributes (80ms)
			AfterProcessingInitializeOnLoad (3ms)
			EditorAssembliesLoaded (0ms)
		ExecutionOrderSort2 (0ms)
		AwakeInstancesAfterBackupRestoration (22ms)
Refreshing native plugins compatible for Editor in 0.83 ms, found 3 plugins.
Preloading 0 native plugins for Editor in 0.00 ms.
Unloading 16 Unused Serialized files (Serialized files now loaded: 0)
Unloading 6182 unused Assets / (4.2 MB). Loaded Objects now: 7189.
Memory consumption went from 159.6 MB to 155.4 MB.
Total: 12.796400 ms (FindLiveObjects: 1.270700 ms CreateObjectMapping: 1.986200 ms MarkObjects: 6.452200 ms  DeleteObjects: 3.086200 ms)

Prepare: number of updated asset objects reloaded= 0
========================================================================
Received Import Request.
  Time since last request: 915.680865 seconds.
  path: Assets/Assets/KayKit_Forest_Nature_Pack_1.0_FREE/Assets/fbx/Rock_2_A_Color1.fbx
  artifactKey: Guid(73dbe72850cc22c47bae3fa8717a7948) Importer(815301076,1909f56bfc062723c751e8b465ee728b)
Start importing Assets/Assets/KayKit_Forest_Nature_Pack_1.0_FREE/Assets/fbx/Rock_2_A_Color1.fbx using Guid(73dbe72850cc22c47bae3fa8717a7948) Importer(815301076,1909f56bfc062723c751e8b465ee728b) (PreviewImporter) -> (artifact id: 'e23a96494800fa61e8823a8a020a405c') in 0.7822257 seconds
Number of updated asset objects reloaded before import = 0Number of asset objects unloaded after import = 9

========================================================================
Received Import Request.
  Time since last request: 0.000027 seconds.
  path: Assets/Assets/KayKit_Forest_Nature_Pack_1.0_FREE/Assets/fbx/Rock_2_C_Color1.fbx
  artifactKey: Guid(ab44707cfbc3ffa4cb1941495774ed26) Importer(815301076,1909f56bfc062723c751e8b465ee728b)
Start importing Assets/Assets/KayKit_Forest_Nature_Pack_1.0_FREE/Assets/fbx/Rock_2_C_Color1.fbx using Guid(ab44707cfbc3ffa4cb1941495774ed26) Importer(815301076,1909f56bfc062723c751e8b465ee728b) (PreviewImporter) -> (artifact id: '220a30c9bac202a9bbc956da2b835d2b') in 0.025374 seconds
Number of updated asset objects reloaded before import = 0Number of asset objects unloaded after import = 9

========================================================================
Received Prepare
Begin MonoManager ReloadAssembly
[Licensing::Client] Successfully resolved entitlement details
- Loaded All Assemblies, in  0.904 seconds
Refreshing native plugins compatible for Editor in 1.28 ms, found 3 plugins.
Native extension for iOS target not found
Native extension for Android target not found
Native extension for WindowsStandalone target not found
Native extension for OSXStandalone target not found
[Package Manager] Failed to launch server process. Reason: Unity was launched with the -noUpm command-line argument
[Package Manager] Unable to send message (not connected to server process).
[Package Manager] Cannot connect to Unity Package Manager local server
[Package Manager] Failed to launch server process. Reason: Unity was launched with the -noUpm command-line argument
[Package Manager] Unable to send message (not connected to server process).
[Package Manager] Cannot connect to Unity Package Manager local server
ScheduleIndexationOnStartup MainProcess:False IndexOnStartup:True
Mono: successfully reloaded assembly
- Finished resetting the current domain, in  0.840 seconds
Domain Reload Profiling: 1746ms
	BeginReloadAssembly (286ms)
		ExecutionOrderSort (0ms)
		DisableScriptedObjects (29ms)
		BackupInstance (0ms)
		ReleaseScriptingObjects (0ms)
		CreateAndSetChildDomain (68ms)
	RebuildCommonClasses (44ms)
	RebuildNativeTypeToScriptingClass (17ms)
	initialDomainReloadingComplete (28ms)
	LoadAllAssembliesAndSetupDomain (532ms)
		LoadAssemblies (405ms)
		RebuildTransferFunctionScriptingTraits (0ms)
		AnalyzeDomain (242ms)
			TypeCache.Refresh (9ms)
				TypeCache.ScanAssembly (0ms)
			BuildScriptInfoCaches (214ms)
			ResolveRequiredComponents (12ms)
	FinalizeReload (840ms)
		ReleaseScriptCaches (0ms)
		RebuildScriptCaches (0ms)
		SetupLoadedEditorAssemblies (641ms)
			LogAssemblyErrors (0ms)
			InitializePlatformSupportModulesInManaged (12ms)
			SetLoadedEditorAssemblies (6ms)
			BeforeProcessingInitializeOnLoad (163ms)
			ProcessInitializeOnLoadAttributes (383ms)
			ProcessInitializeOnLoadMethodAttributes (76ms)
			AfterProcessingInitializeOnLoad (3ms)
			EditorAssembliesLoaded (0ms)
		ExecutionOrderSort2 (0ms)
		AwakeInstancesAfterBackupRestoration (25ms)
Refreshing native plugins compatible for Editor in 0.90 ms, found 3 plugins.
Preloading 0 native plugins for Editor in 0.00 ms.
Unloading 16 Unused Serialized files (Serialized files now loaded: 0)
Unloading 6183 unused Assets / (3.9 MB). Loaded Objects now: 7212.
Memory consumption went from 159.8 MB to 155.9 MB.
Total: 10.090100 ms (FindLiveObjects: 0.767500 ms CreateObjectMapping: 1.140800 ms MarkObjects: 5.311100 ms  DeleteObjects: 2.869800 ms)

Prepare: number of updated asset objects reloaded= 0
========================================================================
Received Prepare
Refreshing native plugins compatible for Editor in 0.93 ms, found 3 plugins.
Preloading 0 native plugins for Editor in 0.00 ms.
Unloading 16 Unused Serialized files (Serialized files now loaded: 0)
Unloading 6176 unused Assets / (4.0 MB). Loaded Objects now: 7212.
Memory consumption went from 159.8 MB to 155.8 MB.
Total: 10.728200 ms (FindLiveObjects: 0.805600 ms CreateObjectMapping: 1.298600 ms MarkObjects: 5.324100 ms  DeleteObjects: 3.298500 ms)

Prepare: number of updated asset objects reloaded= 0
========================================================================
Received Prepare
Begin MonoManager ReloadAssembly
- Loaded All Assemblies, in  0.925 seconds
Refreshing native plugins compatible for Editor in 0.70 ms, found 3 plugins.
Native extension for iOS target not found
Native extension for Android target not found
Native extension for WindowsStandalone target not found
Native extension for OSXStandalone target not found
[Package Manager] Failed to launch server process. Reason: Unity was launched with the -noUpm command-line argument
[Package Manager] Unable to send message (not connected to server process).
[Package Manager] Cannot connect to Unity Package Manager local server
[Package Manager] Failed to launch server process. Reason: Unity was launched with the -noUpm command-line argument
[Package Manager] Unable to send message (not connected to server process).
[Package Manager] Cannot connect to Unity Package Manager local server
ScheduleIndexationOnStartup MainProcess:False IndexOnStartup:True
Mono: successfully reloaded assembly
- Finished resetting the current domain, in  0.833 seconds
Domain Reload Profiling: 1761ms
	BeginReloadAssembly (305ms)
		ExecutionOrderSort (0ms)
		DisableScriptedObjects (7ms)
		BackupInstance (0ms)
		ReleaseScriptingObjects (0ms)
		CreateAndSetChildDomain (55ms)
	RebuildCommonClasses (53ms)
	RebuildNativeTypeToScriptingClass (23ms)
	initialDomainReloadingComplete (35ms)
	LoadAllAssembliesAndSetupDomain (512ms)
		LoadAssemblies (421ms)
		RebuildTransferFunctionScriptingTraits (0ms)
		AnalyzeDomain (266ms)
			TypeCache.Refresh (13ms)
				TypeCache.ScanAssembly (0ms)
			BuildScriptInfoCaches (235ms)
			ResolveRequiredComponents (13ms)
	FinalizeReload (833ms)
		ReleaseScriptCaches (0ms)
		RebuildScriptCaches (0ms)
		SetupLoadedEditorAssemblies (641ms)
			LogAssemblyErrors (0ms)
			InitializePlatformSupportModulesInManaged (12ms)
			SetLoadedEditorAssemblies (6ms)
			BeforeProcessingInitializeOnLoad (168ms)
			ProcessInitializeOnLoadAttributes (374ms)
			ProcessInitializeOnLoadMethodAttributes (78ms)
			AfterProcessingInitializeOnLoad (3ms)
			EditorAssembliesLoaded (1ms)
		ExecutionOrderSort2 (0ms)
		AwakeInstancesAfterBackupRestoration (21ms)
Refreshing native plugins compatible for Editor in 0.81 ms, found 3 plugins.
Preloading 0 native plugins for Editor in 0.00 ms.
Unloading 16 Unused Serialized files (Serialized files now loaded: 0)
Unloading 6182 unused Assets / (4.3 MB). Loaded Objects now: 7215.
Memory consumption went from 159.7 MB to 155.4 MB.
Total: 11.619200 ms (FindLiveObjects: 0.835200 ms CreateObjectMapping: 1.528000 ms MarkObjects: 5.862600 ms  DeleteObjects: 3.392100 ms)

Prepare: number of updated asset objects reloaded= 0
========================================================================
Received Prepare
Refreshing native plugins compatible for Editor in 0.79 ms, found 3 plugins.
Preloading 0 native plugins for Editor in 0.00 ms.
Unloading 16 Unused Serialized files (Serialized files now loaded: 0)
Unloading 6176 unused Assets / (4.1 MB). Loaded Objects now: 7215.
Memory consumption went from 159.9 MB to 155.8 MB.
Total: 9.647800 ms (FindLiveObjects: 0.906100 ms CreateObjectMapping: 1.316800 ms MarkObjects: 5.110800 ms  DeleteObjects: 2.312700 ms)

Prepare: number of updated asset objects reloaded= 0
========================================================================
Received Prepare
Begin MonoManager ReloadAssembly
[Licensing::Client] Successfully resolved entitlement details
- Loaded All Assemblies, in  0.971 seconds
Refreshing native plugins compatible for Editor in 1.11 ms, found 3 plugins.
Native extension for iOS target not found
Native extension for Android target not found
Native extension for WindowsStandalone target not found
Native extension for OSXStandalone target not found
[Package Manager] Failed to launch server process. Reason: Unity was launched with the -noUpm command-line argument
[Package Manager] Unable to send message (not connected to server process).
[Package Manager] Cannot connect to Unity Package Manager local server
[Package Manager] Failed to launch server process. Reason: Unity was launched with the -noUpm command-line argument
[Package Manager] Unable to send message (not connected to server process).
[Package Manager] Cannot connect to Unity Package Manager local server
ScheduleIndexationOnStartup MainProcess:False IndexOnStartup:True
Mono: successfully reloaded assembly
- Finished resetting the current domain, in  0.872 seconds
Domain Reload Profiling: 1847ms
	BeginReloadAssembly (315ms)
		ExecutionOrderSort (0ms)
		DisableScriptedObjects (12ms)
		BackupInstance (0ms)
		ReleaseScriptingObjects (0ms)
		CreateAndSetChildDomain (57ms)
	RebuildCommonClasses (66ms)
	RebuildNativeTypeToScriptingClass (18ms)
	initialDomainReloadingComplete (35ms)
	LoadAllAssembliesAndSetupDomain (540ms)
		LoadAssemblies (428ms)
		RebuildTransferFunctionScriptingTraits (0ms)
		AnalyzeDomain (252ms)
			TypeCache.Refresh (15ms)
				TypeCache.ScanAssembly (0ms)
			BuildScriptInfoCaches (219ms)
			ResolveRequiredComponents (12ms)
	FinalizeReload (873ms)
		ReleaseScriptCaches (0ms)
		RebuildScriptCaches (0ms)
		SetupLoadedEditorAssemblies (647ms)
			LogAssemblyErrors (0ms)
			InitializePlatformSupportModulesInManaged (15ms)
			SetLoadedEditorAssemblies (7ms)
			BeforeProcessingInitializeOnLoad (187ms)
			ProcessInitializeOnLoadAttributes (350ms)
			ProcessInitializeOnLoadMethodAttributes (84ms)
			AfterProcessingInitializeOnLoad (3ms)
			EditorAssembliesLoaded (0ms)
		ExecutionOrderSort2 (0ms)
		AwakeInstancesAfterBackupRestoration (26ms)
Refreshing native plugins compatible for Editor in 0.96 ms, found 3 plugins.
Preloading 0 native plugins for Editor in 0.00 ms.
Unloading 16 Unused Serialized files (Serialized files now loaded: 0)
Unloading 6182 unused Assets / (4.2 MB). Loaded Objects now: 7218.
Memory consumption went from 159.7 MB to 155.5 MB.
Total: 9.831000 ms (FindLiveObjects: 0.885200 ms CreateObjectMapping: 1.199400 ms MarkObjects: 5.005700 ms  DeleteObjects: 2.739600 ms)

Prepare: number of updated asset objects reloaded= 0
========================================================================
Received Prepare
Refreshing native plugins compatible for Editor in 0.82 ms, found 3 plugins.
Preloading 0 native plugins for Editor in 0.00 ms.
Unloading 16 Unused Serialized files (Serialized files now loaded: 0)
Unloading 6176 unused Assets / (4.3 MB). Loaded Objects now: 7218.
Memory consumption went from 159.9 MB to 155.6 MB.
Total: 11.516800 ms (FindLiveObjects: 0.904600 ms CreateObjectMapping: 1.268600 ms MarkObjects: 5.750800 ms  DeleteObjects: 3.591900 ms)

Prepare: number of updated asset objects reloaded= 0
========================================================================
Received Prepare
Begin MonoManager ReloadAssembly
- Loaded All Assemblies, in  0.909 seconds
Refreshing native plugins compatible for Editor in 0.94 ms, found 3 plugins.
Native extension for iOS target not found
Native extension for Android target not found
Native extension for WindowsStandalone target not found
Native extension for OSXStandalone target not found
[Package Manager] Failed to launch server process. Reason: Unity was launched with the -noUpm command-line argument
[Package Manager] Unable to send message (not connected to server process).
[Package Manager] Cannot connect to Unity Package Manager local server
[Package Manager] Failed to launch server process. Reason: Unity was launched with the -noUpm command-line argument
[Package Manager] Unable to send message (not connected to server process).
[Package Manager] Cannot connect to Unity Package Manager local server
ScheduleIndexationOnStartup MainProcess:False IndexOnStartup:True
Mono: successfully reloaded assembly
- Finished resetting the current domain, in  0.827 seconds
Domain Reload Profiling: 1740ms
	BeginReloadAssembly (324ms)
		ExecutionOrderSort (0ms)
		DisableScriptedObjects (15ms)
		BackupInstance (0ms)
		ReleaseScriptingObjects (0ms)
		CreateAndSetChildDomain (62ms)
	RebuildCommonClasses (51ms)
	RebuildNativeTypeToScriptingClass (17ms)
	initialDomainReloadingComplete (28ms)
	LoadAllAssembliesAndSetupDomain (493ms)
		LoadAssemblies (399ms)
		RebuildTransferFunctionScriptingTraits (0ms)
		AnalyzeDomain (242ms)
			TypeCache.Refresh (13ms)
				TypeCache.ScanAssembly (0ms)
			BuildScriptInfoCaches (212ms)
			ResolveRequiredComponents (12ms)
	FinalizeReload (827ms)
		ReleaseScriptCaches (0ms)
		RebuildScriptCaches (0ms)
		SetupLoadedEditorAssemblies (624ms)
			LogAssemblyErrors (0ms)
			InitializePlatformSupportModulesInManaged (14ms)
			SetLoadedEditorAssemblies (6ms)
			BeforeProcessingInitializeOnLoad (157ms)
			ProcessInitializeOnLoadAttributes (361ms)
			ProcessInitializeOnLoadMethodAttributes (81ms)
			AfterProcessingInitializeOnLoad (5ms)
			EditorAssembliesLoaded (0ms)
		ExecutionOrderSort2 (0ms)
		AwakeInstancesAfterBackupRestoration (23ms)
Refreshing native plugins compatible for Editor in 0.79 ms, found 3 plugins.
Preloading 0 native plugins for Editor in 0.00 ms.
Unloading 16 Unused Serialized files (Serialized files now loaded: 0)
Unloading 6182 unused Assets / (4.3 MB). Loaded Objects now: 7221.
Memory consumption went from 159.8 MB to 155.5 MB.
Total: 10.944100 ms (FindLiveObjects: 0.861000 ms CreateObjectMapping: 1.136600 ms MarkObjects: 5.976000 ms  DeleteObjects: 2.969700 ms)

Prepare: number of updated asset objects reloaded= 0
========================================================================
Received Prepare
Refreshing native plugins compatible for Editor in 0.94 ms, found 3 plugins.
Preloading 0 native plugins for Editor in 0.00 ms.
Unloading 16 Unused Serialized files (Serialized files now loaded: 0)
Unloading 6176 unused Assets / (3.9 MB). Loaded Objects now: 7221.
Memory consumption went from 160.0 MB to 156.1 MB.
Total: 11.289300 ms (FindLiveObjects: 0.919900 ms CreateObjectMapping: 1.302500 ms MarkObjects: 6.401100 ms  DeleteObjects: 2.664300 ms)

Prepare: number of updated asset objects reloaded= 0
========================================================================
Received Prepare
Begin MonoManager ReloadAssembly
- Loaded All Assemblies, in  0.869 seconds
Refreshing native plugins compatible for Editor in 0.77 ms, found 3 plugins.
Native extension for iOS target not found
Native extension for Android target not found
Native extension for WindowsStandalone target not found
Native extension for OSXStandalone target not found
[Package Manager] Failed to launch server process. Reason: Unity was launched with the -noUpm command-line argument
[Package Manager] Unable to send message (not connected to server process).
[Package Manager] Cannot connect to Unity Package Manager local server
[Package Manager] Failed to launch server process. Reason: Unity was launched with the -noUpm command-line argument
[Package Manager] Unable to send message (not connected to server process).
[Package Manager] Cannot connect to Unity Package Manager local server
ScheduleIndexationOnStartup MainProcess:False IndexOnStartup:True
Mono: successfully reloaded assembly
- Finished resetting the current domain, in  0.846 seconds
Domain Reload Profiling: 1719ms
	BeginReloadAssembly (259ms)
		ExecutionOrderSort (0ms)
		DisableScriptedObjects (7ms)
		BackupInstance (0ms)
		ReleaseScriptingObjects (0ms)
		CreateAndSetChildDomain (56ms)
	RebuildCommonClasses (52ms)
	RebuildNativeTypeToScriptingClass (17ms)
	initialDomainReloadingComplete (29ms)
	LoadAllAssembliesAndSetupDomain (515ms)
		LoadAssemblies (385ms)
		RebuildTransferFunctionScriptingTraits (0ms)
		AnalyzeDomain (256ms)
			TypeCache.Refresh (15ms)
				TypeCache.ScanAssembly (0ms)
			BuildScriptInfoCaches (223ms)
			ResolveRequiredComponents (13ms)
	FinalizeReload (847ms)
		ReleaseScriptCaches (0ms)
		RebuildScriptCaches (0ms)
		SetupLoadedEditorAssemblies (645ms)
			LogAssemblyErrors (0ms)
			InitializePlatformSupportModulesInManaged (16ms)
			SetLoadedEditorAssemblies (7ms)
			BeforeProcessingInitializeOnLoad (167ms)
			ProcessInitializeOnLoadAttributes (374ms)
			ProcessInitializeOnLoadMethodAttributes (78ms)
			AfterProcessingInitializeOnLoad (3ms)
			EditorAssembliesLoaded (0ms)
		ExecutionOrderSort2 (0ms)
		AwakeInstancesAfterBackupRestoration (22ms)
Refreshing native plugins compatible for Editor in 1.07 ms, found 3 plugins.
Preloading 0 native plugins for Editor in 0.00 ms.
Unloading 16 Unused Serialized files (Serialized files now loaded: 0)
Unloading 6182 unused Assets / (4.2 MB). Loaded Objects now: 7224.
Memory consumption went from 159.8 MB to 155.6 MB.
Total: 10.579500 ms (FindLiveObjects: 0.856100 ms CreateObjectMapping: 1.197200 ms MarkObjects: 5.351400 ms  DeleteObjects: 3.173700 ms)

Prepare: number of updated asset objects reloaded= 0
========================================================================
Received Prepare
Begin MonoManager ReloadAssembly
- Loaded All Assemblies, in  0.815 seconds
Refreshing native plugins compatible for Editor in 0.74 ms, found 3 plugins.
Native extension for iOS target not found
Native extension for Android target not found
Native extension for WindowsStandalone target not found
Native extension for OSXStandalone target not found
[Package Manager] Failed to launch server process. Reason: Unity was launched with the -noUpm command-line argument
[Package Manager] Unable to send message (not connected to server process).
[Package Manager] Cannot connect to Unity Package Manager local server
[Package Manager] Failed to launch server process. Reason: Unity was launched with the -noUpm command-line argument
[Package Manager] Unable to send message (not connected to server process).
[Package Manager] Cannot connect to Unity Package Manager local server
ScheduleIndexationOnStartup MainProcess:False IndexOnStartup:True
Mono: successfully reloaded assembly
- Finished resetting the current domain, in  0.862 seconds
Domain Reload Profiling: 1681ms
	BeginReloadAssembly (239ms)
		ExecutionOrderSort (0ms)
		DisableScriptedObjects (7ms)
		BackupInstance (0ms)
		ReleaseScriptingObjects (0ms)
		CreateAndSetChildDomain (50ms)
	RebuildCommonClasses (45ms)
	RebuildNativeTypeToScriptingClass (17ms)
	initialDomainReloadingComplete (30ms)
	LoadAllAssembliesAndSetupDomain (487ms)
		LoadAssemblies (365ms)
		RebuildTransferFunctionScriptingTraits (0ms)
		AnalyzeDomain (237ms)
			TypeCache.Refresh (9ms)
				TypeCache.ScanAssembly (0ms)
			BuildScriptInfoCaches (210ms)
			ResolveRequiredComponents (13ms)
	FinalizeReload (863ms)
		ReleaseScriptCaches (0ms)
		RebuildScriptCaches (0ms)
		SetupLoadedEditorAssemblies (653ms)
			LogAssemblyErrors (0ms)
			InitializePlatformSupportModulesInManaged (12ms)
			SetLoadedEditorAssemblies (5ms)
			BeforeProcessingInitializeOnLoad (165ms)
			ProcessInitializeOnLoadAttributes (390ms)
			ProcessInitializeOnLoadMethodAttributes (77ms)
			AfterProcessingInitializeOnLoad (3ms)
			EditorAssembliesLoaded (0ms)
		ExecutionOrderSort2 (0ms)
		AwakeInstancesAfterBackupRestoration (23ms)
Refreshing native plugins compatible for Editor in 0.86 ms, found 3 plugins.
Preloading 0 native plugins for Editor in 0.00 ms.
Unloading 16 Unused Serialized files (Serialized files now loaded: 0)
Unloading 6182 unused Assets / (4.1 MB). Loaded Objects now: 7227.
Memory consumption went from 159.9 MB to 155.7 MB.
Total: 9.856500 ms (FindLiveObjects: 0.819400 ms CreateObjectMapping: 1.058700 ms MarkObjects: 5.525400 ms  DeleteObjects: 2.452100 ms)

Prepare: number of updated asset objects reloaded= 0
========================================================================
Received Prepare
Begin MonoManager ReloadAssembly
- Loaded All Assemblies, in  0.805 seconds
Refreshing native plugins compatible for Editor in 0.86 ms, found 3 plugins.
Native extension for iOS target not found
Native extension for Android target not found
Native extension for WindowsStandalone target not found
Native extension for OSXStandalone target not found
[Package Manager] Failed to launch server process. Reason: Unity was launched with the -noUpm command-line argument
[Package Manager] Unable to send message (not connected to server process).
[Package Manager] Cannot connect to Unity Package Manager local server
[Package Manager] Failed to launch server process. Reason: Unity was launched with the -noUpm command-line argument
[Package Manager] Unable to send message (not connected to server process).
[Package Manager] Cannot connect to Unity Package Manager local server
ScheduleIndexationOnStartup MainProcess:False IndexOnStartup:True
Mono: successfully reloaded assembly
- Finished resetting the current domain, in  0.814 seconds
Domain Reload Profiling: 1623ms
	BeginReloadAssembly (226ms)
		ExecutionOrderSort (0ms)
		DisableScriptedObjects (7ms)
		BackupInstance (0ms)
		ReleaseScriptingObjects (0ms)
		CreateAndSetChildDomain (46ms)
	RebuildCommonClasses (52ms)
	RebuildNativeTypeToScriptingClass (19ms)
	initialDomainReloadingComplete (29ms)
	LoadAllAssembliesAndSetupDomain (482ms)
		LoadAssemblies (359ms)
		RebuildTransferFunctionScriptingTraits (0ms)
		AnalyzeDomain (232ms)
			TypeCache.Refresh (10ms)
				TypeCache.ScanAssembly (0ms)
			BuildScriptInfoCaches (205ms)
			ResolveRequiredComponents (12ms)
	FinalizeReload (815ms)
		ReleaseScriptCaches (0ms)
		RebuildScriptCaches (0ms)
		SetupLoadedEditorAssemblies (621ms)
			LogAssemblyErrors (0ms)
			InitializePlatformSupportModulesInManaged (12ms)
			SetLoadedEditorAssemblies (6ms)
			BeforeProcessingInitializeOnLoad (152ms)
			ProcessInitializeOnLoadAttributes (367ms)
			ProcessInitializeOnLoadMethodAttributes (80ms)
			AfterProcessingInitializeOnLoad (3ms)
			EditorAssembliesLoaded (0ms)
		ExecutionOrderSort2 (0ms)
		AwakeInstancesAfterBackupRestoration (22ms)
Refreshing native plugins compatible for Editor in 0.79 ms, found 3 plugins.
Preloading 0 native plugins for Editor in 0.00 ms.
Unloading 16 Unused Serialized files (Serialized files now loaded: 0)
Unloading 6182 unused Assets / (4.1 MB). Loaded Objects now: 7230.
Memory consumption went from 159.9 MB to 155.8 MB.
Total: 9.563400 ms (FindLiveObjects: 0.811300 ms CreateObjectMapping: 1.246300 ms MarkObjects: 4.960400 ms  DeleteObjects: 2.544500 ms)

Prepare: number of updated asset objects reloaded= 0
========================================================================
Received Prepare
Refreshing native plugins compatible for Editor in 1.31 ms, found 3 plugins.
Preloading 0 native plugins for Editor in 0.00 ms.
Unloading 16 Unused Serialized files (Serialized files now loaded: 0)
Unloading 6176 unused Assets / (4.6 MB). Loaded Objects now: 7230.
Memory consumption went from 160.1 MB to 155.5 MB.
Total: 14.893400 ms (FindLiveObjects: 1.039600 ms CreateObjectMapping: 2.315200 ms MarkObjects: 8.304300 ms  DeleteObjects: 3.232900 ms)

Prepare: number of updated asset objects reloaded= 0
========================================================================
Received Prepare
Begin MonoManager ReloadAssembly
[Licensing::Client] Successfully resolved entitlement details
- Loaded All Assemblies, in  0.905 seconds
Refreshing native plugins compatible for Editor in 1.01 ms, found 3 plugins.
Native extension for iOS target not found
Native extension for Android target not found
Native extension for WindowsStandalone target not found
Native extension for OSXStandalone target not found
[Package Manager] Failed to launch server process. Reason: Unity was launched with the -noUpm command-line argument
[Package Manager] Unable to send message (not connected to server process).
[Package Manager] Cannot connect to Unity Package Manager local server
[Package Manager] Failed to launch server process. Reason: Unity was launched with the -noUpm command-line argument
[Package Manager] Unable to send message (not connected to server process).
[Package Manager] Cannot connect to Unity Package Manager local server
ScheduleIndexationOnStartup MainProcess:False IndexOnStartup:True
Mono: successfully reloaded assembly
- Finished resetting the current domain, in  1.647 seconds
Domain Reload Profiling: 2555ms
	BeginReloadAssembly (259ms)
		ExecutionOrderSort (0ms)
		DisableScriptedObjects (8ms)
		BackupInstance (0ms)
		ReleaseScriptingObjects (0ms)
		CreateAndSetChildDomain (56ms)
	RebuildCommonClasses (45ms)
	RebuildNativeTypeToScriptingClass (18ms)
	initialDomainReloadingComplete (35ms)
	LoadAllAssembliesAndSetupDomain (550ms)
		LoadAssemblies (401ms)
		RebuildTransferFunctionScriptingTraits (0ms)
		AnalyzeDomain (275ms)
			TypeCache.Refresh (13ms)
				TypeCache.ScanAssembly (0ms)
			BuildScriptInfoCaches (239ms)
			ResolveRequiredComponents (15ms)
	FinalizeReload (1648ms)
		ReleaseScriptCaches (0ms)
		RebuildScriptCaches (0ms)
		SetupLoadedEditorAssemblies (1412ms)
			LogAssemblyErrors (0ms)
			InitializePlatformSupportModulesInManaged (13ms)
			SetLoadedEditorAssemblies (6ms)
			BeforeProcessingInitializeOnLoad (282ms)
			ProcessInitializeOnLoadAttributes (878ms)
			ProcessInitializeOnLoadMethodAttributes (228ms)
			AfterProcessingInitializeOnLoad (4ms)
			EditorAssembliesLoaded (0ms)
		ExecutionOrderSort2 (0ms)
		AwakeInstancesAfterBackupRestoration (24ms)
Refreshing native plugins compatible for Editor in 0.85 ms, found 3 plugins.
Preloading 0 native plugins for Editor in 0.00 ms.
Unloading 16 Unused Serialized files (Serialized files now loaded: 0)
Unloading 6182 unused Assets / (4.2 MB). Loaded Objects now: 7233.
Memory consumption went from 160.3 MB to 156.1 MB.
Total: 10.485600 ms (FindLiveObjects: 0.851200 ms CreateObjectMapping: 1.266400 ms MarkObjects: 5.363100 ms  DeleteObjects: 3.004000 ms)

Prepare: number of updated asset objects reloaded= 0
========================================================================
Received Prepare
Begin MonoManager ReloadAssembly
- Loaded All Assemblies, in  0.841 seconds
Refreshing native plugins compatible for Editor in 0.82 ms, found 3 plugins.
Native extension for iOS target not found
Native extension for Android target not found
Native extension for WindowsStandalone target not found
Native extension for OSXStandalone target not found
[Package Manager] Failed to launch server process. Reason: Unity was launched with the -noUpm command-line argument
[Package Manager] Unable to send message (not connected to server process).
[Package Manager] Cannot connect to Unity Package Manager local server
[Package Manager] Failed to launch server process. Reason: Unity was launched with the -noUpm command-line argument
[Package Manager] Unable to send message (not connected to server process).
[Package Manager] Cannot connect to Unity Package Manager local server
ScheduleIndexationOnStartup MainProcess:False IndexOnStartup:True
Mono: successfully reloaded assembly
- Finished resetting the current domain, in  0.840 seconds
Domain Reload Profiling: 1685ms
	BeginReloadAssembly (245ms)
		ExecutionOrderSort (0ms)
		DisableScriptedObjects (7ms)
		BackupInstance (0ms)
		ReleaseScriptingObjects (0ms)
		CreateAndSetChildDomain (48ms)
	RebuildCommonClasses (45ms)
	RebuildNativeTypeToScriptingClass (17ms)
	initialDomainReloadingComplete (29ms)
	LoadAllAssembliesAndSetupDomain (509ms)
		LoadAssemblies (379ms)
		RebuildTransferFunctionScriptingTraits (0ms)
		AnalyzeDomain (246ms)
			TypeCache.Refresh (10ms)
				TypeCache.ScanAssembly (0ms)
			BuildScriptInfoCaches (217ms)
			ResolveRequiredComponents (13ms)
	FinalizeReload (840ms)
		ReleaseScriptCaches (0ms)
		RebuildScriptCaches (0ms)
		SetupLoadedEditorAssemblies (616ms)
			LogAssemblyErrors (0ms)
			InitializePlatformSupportModulesInManaged (15ms)
			SetLoadedEditorAssemblies (7ms)
			BeforeProcessingInitializeOnLoad (160ms)
			ProcessInitializeOnLoadAttributes (358ms)
			ProcessInitializeOnLoadMethodAttributes (74ms)
			AfterProcessingInitializeOnLoad (3ms)
			EditorAssembliesLoaded (0ms)
		ExecutionOrderSort2 (0ms)
		AwakeInstancesAfterBackupRestoration (21ms)
Refreshing native plugins compatible for Editor in 0.90 ms, found 3 plugins.
Preloading 0 native plugins for Editor in 0.00 ms.
Unloading 16 Unused Serialized files (Serialized files now loaded: 0)
Unloading 6182 unused Assets / (4.0 MB). Loaded Objects now: 7236.
Memory consumption went from 160.3 MB to 156.3 MB.
Total: 13.787400 ms (FindLiveObjects: 0.922000 ms CreateObjectMapping: 1.582700 ms MarkObjects: 7.819400 ms  DeleteObjects: 3.462000 ms)

Prepare: number of updated asset objects reloaded= 0
========================================================================
Received Prepare
Begin MonoManager ReloadAssembly
[Licensing::Client] Successfully resolved entitlement details
- Loaded All Assemblies, in  0.860 seconds
Refreshing native plugins compatible for Editor in 0.77 ms, found 3 plugins.
Native extension for iOS target not found
Native extension for Android target not found
Native extension for WindowsStandalone target not found
Native extension for OSXStandalone target not found
[Package Manager] Failed to launch server process. Reason: Unity was launched with the -noUpm command-line argument
[Package Manager] Unable to send message (not connected to server process).
[Package Manager] Cannot connect to Unity Package Manager local server
[Package Manager] Failed to launch server process. Reason: Unity was launched with the -noUpm command-line argument
[Package Manager] Unable to send message (not connected to server process).
[Package Manager] Cannot connect to Unity Package Manager local server
ScheduleIndexationOnStartup MainProcess:False IndexOnStartup:True
Mono: successfully reloaded assembly
- Finished resetting the current domain, in  0.824 seconds
Domain Reload Profiling: 1688ms
	BeginReloadAssembly (250ms)
		ExecutionOrderSort (0ms)
		DisableScriptedObjects (8ms)
		BackupInstance (0ms)
		ReleaseScriptingObjects (0ms)
		CreateAndSetChildDomain (53ms)
	RebuildCommonClasses (47ms)
	RebuildNativeTypeToScriptingClass (18ms)
	initialDomainReloadingComplete (34ms)
	LoadAllAssembliesAndSetupDomain (515ms)
		LoadAssemblies (388ms)
		RebuildTransferFunctionScriptingTraits (0ms)
		AnalyzeDomain (245ms)
			TypeCache.Refresh (10ms)
				TypeCache.ScanAssembly (0ms)
			BuildScriptInfoCaches (216ms)
			ResolveRequiredComponents (12ms)
	FinalizeReload (825ms)
		ReleaseScriptCaches (0ms)
		RebuildScriptCaches (0ms)
		SetupLoadedEditorAssemblies (624ms)
			LogAssemblyErrors (0ms)
			InitializePlatformSupportModulesInManaged (12ms)
			SetLoadedEditorAssemblies (6ms)
			BeforeProcessingInitializeOnLoad (156ms)
			ProcessInitializeOnLoadAttributes (356ms)
			ProcessInitializeOnLoadMethodAttributes (89ms)
			AfterProcessingInitializeOnLoad (5ms)
			EditorAssembliesLoaded (0ms)
		ExecutionOrderSort2 (0ms)
		AwakeInstancesAfterBackupRestoration (25ms)
Refreshing native plugins compatible for Editor in 0.98 ms, found 3 plugins.
Preloading 0 native plugins for Editor in 0.00 ms.
Unloading 16 Unused Serialized files (Serialized files now loaded: 0)
Unloading 6182 unused Assets / (4.2 MB). Loaded Objects now: 7239.
Memory consumption went from 160.4 MB to 156.1 MB.
Total: 11.040500 ms (FindLiveObjects: 0.818800 ms CreateObjectMapping: 1.419600 ms MarkObjects: 5.962300 ms  DeleteObjects: 2.838500 ms)

Prepare: number of updated asset objects reloaded= 0
========================================================================
Received Prepare
Refreshing native plugins compatible for Editor in 1.18 ms, found 3 plugins.
Preloading 0 native plugins for Editor in 0.00 ms.
Unloading 16 Unused Serialized files (Serialized files now loaded: 0)
Unloading 6176 unused Assets / (3.9 MB). Loaded Objects now: 7239.
Memory consumption went from 160.6 MB to 156.7 MB.
Total: 10.081100 ms (FindLiveObjects: 0.869200 ms CreateObjectMapping: 1.301500 ms MarkObjects: 5.368700 ms  DeleteObjects: 2.540800 ms)

Prepare: number of updated asset objects reloaded= 0
========================================================================
Received Prepare
Begin MonoManager ReloadAssembly
[Licensing::Client] Successfully resolved entitlement details
- Loaded All Assemblies, in  0.871 seconds
Refreshing native plugins compatible for Editor in 0.80 ms, found 3 plugins.
Native extension for iOS target not found
Native extension for Android target not found
Native extension for WindowsStandalone target not found
Native extension for OSXStandalone target not found
[Package Manager] Failed to launch server process. Reason: Unity was launched with the -noUpm command-line argument
[Package Manager] Unable to send message (not connected to server process).
[Package Manager] Cannot connect to Unity Package Manager local server
[Package Manager] Failed to launch server process. Reason: Unity was launched with the -noUpm command-line argument
[Package Manager] Unable to send message (not connected to server process).
[Package Manager] Cannot connect to Unity Package Manager local server
ScheduleIndexationOnStartup MainProcess:False IndexOnStartup:True
Mono: successfully reloaded assembly
- Finished resetting the current domain, in  0.864 seconds
Domain Reload Profiling: 1739ms
	BeginReloadAssembly (255ms)
		ExecutionOrderSort (0ms)
		DisableScriptedObjects (11ms)
		BackupInstance (0ms)
		ReleaseScriptingObjects (0ms)
		CreateAndSetChildDomain (50ms)
	RebuildCommonClasses (52ms)
	RebuildNativeTypeToScriptingClass (19ms)
	initialDomainReloadingComplete (37ms)
	LoadAllAssembliesAndSetupDomain (511ms)
		LoadAssemblies (368ms)
		RebuildTransferFunctionScriptingTraits (0ms)
		AnalyzeDomain (262ms)
			TypeCache.Refresh (15ms)
				TypeCache.ScanAssembly (0ms)
			BuildScriptInfoCaches (228ms)
			ResolveRequiredComponents (13ms)
	FinalizeReload (865ms)
		ReleaseScriptCaches (0ms)
		RebuildScriptCaches (0ms)
		SetupLoadedEditorAssemblies (669ms)
			LogAssemblyErrors (0ms)
			InitializePlatformSupportModulesInManaged (12ms)
			SetLoadedEditorAssemblies (6ms)
			BeforeProcessingInitializeOnLoad (171ms)
			ProcessInitializeOnLoadAttributes (389ms)
			ProcessInitializeOnLoadMethodAttributes (89ms)
			AfterProcessingInitializeOnLoad (3ms)
			EditorAssembliesLoaded (0ms)
		ExecutionOrderSort2 (0ms)
		AwakeInstancesAfterBackupRestoration (24ms)
Refreshing native plugins compatible for Editor in 0.98 ms, found 3 plugins.
Preloading 0 native plugins for Editor in 0.00 ms.
Unloading 16 Unused Serialized files (Serialized files now loaded: 0)
Unloading 6182 unused Assets / (4.2 MB). Loaded Objects now: 7242.
Memory consumption went from 160.4 MB to 156.2 MB.
Total: 10.771900 ms (FindLiveObjects: 0.965300 ms CreateObjectMapping: 1.171200 ms MarkObjects: 5.544200 ms  DeleteObjects: 3.090300 ms)

Prepare: number of updated asset objects reloaded= 0
========================================================================
Received Prepare
Begin MonoManager ReloadAssembly
- Loaded All Assemblies, in  0.817 seconds
Refreshing native plugins compatible for Editor in 0.81 ms, found 3 plugins.
Native extension for iOS target not found
Native extension for Android target not found
Native extension for WindowsStandalone target not found
Native extension for OSXStandalone target not found
[Package Manager] Failed to launch server process. Reason: Unity was launched with the -noUpm command-line argument
[Package Manager] Unable to send message (not connected to server process).
[Package Manager] Cannot connect to Unity Package Manager local server
[Package Manager] Failed to launch server process. Reason: Unity was launched with the -noUpm command-line argument
[Package Manager] Unable to send message (not connected to server process).
[Package Manager] Cannot connect to Unity Package Manager local server
ScheduleIndexationOnStartup MainProcess:False IndexOnStartup:True
Mono: successfully reloaded assembly
- Finished resetting the current domain, in  0.823 seconds
Domain Reload Profiling: 1644ms
	BeginReloadAssembly (234ms)
		ExecutionOrderSort (0ms)
		DisableScriptedObjects (9ms)
		BackupInstance (0ms)
		ReleaseScriptingObjects (0ms)
		CreateAndSetChildDomain (52ms)
	RebuildCommonClasses (44ms)
	RebuildNativeTypeToScriptingClass (17ms)
	initialDomainReloadingComplete (28ms)
	LoadAllAssembliesAndSetupDomain (497ms)
		LoadAssemblies (356ms)
		RebuildTransferFunctionScriptingTraits (0ms)
		AnalyzeDomain (249ms)
			TypeCache.Refresh (9ms)
				TypeCache.ScanAssembly (0ms)
			BuildScriptInfoCaches (221ms)
			ResolveRequiredComponents (13ms)
	FinalizeReload (824ms)
		ReleaseScriptCaches (0ms)
		RebuildScriptCaches (0ms)
		SetupLoadedEditorAssemblies (622ms)
			LogAssemblyErrors (0ms)
			InitializePlatformSupportModulesInManaged (12ms)
			SetLoadedEditorAssemblies (5ms)
			BeforeProcessingInitializeOnLoad (155ms)
			ProcessInitializeOnLoadAttributes (372ms)
			ProcessInitializeOnLoadMethodAttributes (74ms)
			AfterProcessingInitializeOnLoad (3ms)
			EditorAssembliesLoaded (0ms)
		ExecutionOrderSort2 (0ms)
		AwakeInstancesAfterBackupRestoration (23ms)
Refreshing native plugins compatible for Editor in 0.77 ms, found 3 plugins.
Preloading 0 native plugins for Editor in 0.00 ms.
Unloading 16 Unused Serialized files (Serialized files now loaded: 0)
Unloading 6182 unused Assets / (4.1 MB). Loaded Objects now: 7245.
Memory consumption went from 160.5 MB to 156.3 MB.
Total: 9.295100 ms (FindLiveObjects: 0.770200 ms CreateObjectMapping: 1.100700 ms MarkObjects: 4.736100 ms  DeleteObjects: 2.687500 ms)

Prepare: number of updated asset objects reloaded= 0
========================================================================
Received Prepare
Refreshing native plugins compatible for Editor in 0.78 ms, found 3 plugins.
Preloading 0 native plugins for Editor in 0.00 ms.
Unloading 16 Unused Serialized files (Serialized files now loaded: 0)
Unloading 6176 unused Assets / (4.1 MB). Loaded Objects now: 7245.
Memory consumption went from 160.6 MB to 156.5 MB.
Total: 9.799700 ms (FindLiveObjects: 0.905500 ms CreateObjectMapping: 1.628100 ms MarkObjects: 4.932700 ms  DeleteObjects: 2.332600 ms)

Prepare: number of updated asset objects reloaded= 0
========================================================================
Received Prepare
Refreshing native plugins compatible for Editor in 0.96 ms, found 3 plugins.
Preloading 0 native plugins for Editor in 0.00 ms.
Unloading 16 Unused Serialized files (Serialized files now loaded: 0)
Unloading 6176 unused Assets / (4.1 MB). Loaded Objects now: 7245.
Memory consumption went from 160.6 MB to 156.6 MB.
Total: 10.441400 ms (FindLiveObjects: 0.863900 ms CreateObjectMapping: 1.325800 ms MarkObjects: 5.321200 ms  DeleteObjects: 2.929400 ms)

Prepare: number of updated asset objects reloaded= 0
========================================================================
Received Prepare
Refreshing native plugins compatible for Editor in 0.87 ms, found 3 plugins.
Preloading 0 native plugins for Editor in 0.00 ms.
Unloading 16 Unused Serialized files (Serialized files now loaded: 0)
Unloading 6176 unused Assets / (4.7 MB). Loaded Objects now: 7245.
Memory consumption went from 160.6 MB to 155.9 MB.
Total: 13.360800 ms (FindLiveObjects: 0.840300 ms CreateObjectMapping: 1.516600 ms MarkObjects: 7.755100 ms  DeleteObjects: 3.247600 ms)

Prepare: number of updated asset objects reloaded= 0
========================================================================
Received Prepare
Refreshing native plugins compatible for Editor in 0.81 ms, found 3 plugins.
Preloading 0 native plugins for Editor in 0.00 ms.
Unloading 16 Unused Serialized files (Serialized files now loaded: 0)
Unloading 6176 unused Assets / (4.0 MB). Loaded Objects now: 7245.
Memory consumption went from 160.6 MB to 156.6 MB.
Total: 10.296800 ms (FindLiveObjects: 0.848100 ms CreateObjectMapping: 1.350600 ms MarkObjects: 5.863200 ms  DeleteObjects: 2.234000 ms)

Prepare: number of updated asset objects reloaded= 0
========================================================================
Received Prepare
Refreshing native plugins compatible for Editor in 1.00 ms, found 3 plugins.
Preloading 0 native plugins for Editor in 0.00 ms.
Unloading 16 Unused Serialized files (Serialized files now loaded: 0)
Unloading 6176 unused Assets / (4.1 MB). Loaded Objects now: 7245.
Memory consumption went from 160.6 MB to 156.5 MB.
Total: 13.789400 ms (FindLiveObjects: 1.409600 ms CreateObjectMapping: 1.936700 ms MarkObjects: 6.549400 ms  DeleteObjects: 3.892700 ms)

Prepare: number of updated asset objects reloaded= 0
========================================================================
Received Prepare
Begin MonoManager ReloadAssembly
[Licensing::Client] Successfully resolved entitlement details
- Loaded All Assemblies, in  0.887 seconds
Refreshing native plugins compatible for Editor in 1.08 ms, found 3 plugins.
Native extension for iOS target not found
Native extension for Android target not found
Native extension for WindowsStandalone target not found
Native extension for OSXStandalone target not found
[Package Manager] Failed to launch server process. Reason: Unity was launched with the -noUpm command-line argument
[Package Manager] Unable to send message (not connected to server process).
[Package Manager] Cannot connect to Unity Package Manager local server
[Package Manager] Failed to launch server process. Reason: Unity was launched with the -noUpm command-line argument
[Package Manager] Unable to send message (not connected to server process).
[Package Manager] Cannot connect to Unity Package Manager local server
ScheduleIndexationOnStartup MainProcess:False IndexOnStartup:True
Mono: successfully reloaded assembly
- Finished resetting the current domain, in  0.862 seconds
Domain Reload Profiling: 1753ms
	BeginReloadAssembly (260ms)
		ExecutionOrderSort (0ms)
		DisableScriptedObjects (9ms)
		BackupInstance (0ms)
		ReleaseScriptingObjects (0ms)
		CreateAndSetChildDomain (50ms)
	RebuildCommonClasses (48ms)
	RebuildNativeTypeToScriptingClass (17ms)
	initialDomainReloadingComplete (31ms)
	LoadAllAssembliesAndSetupDomain (533ms)
		LoadAssemblies (392ms)
		RebuildTransferFunctionScriptingTraits (0ms)
		AnalyzeDomain (268ms)
			TypeCache.Refresh (16ms)
				TypeCache.ScanAssembly (0ms)
			BuildScriptInfoCaches (234ms)
			ResolveRequiredComponents (12ms)
	FinalizeReload (862ms)
		ReleaseScriptCaches (0ms)
		RebuildScriptCaches (0ms)
		SetupLoadedEditorAssemblies (655ms)
			LogAssemblyErrors (0ms)
			InitializePlatformSupportModulesInManaged (12ms)
			SetLoadedEditorAssemblies (6ms)
			BeforeProcessingInitializeOnLoad (165ms)
			ProcessInitializeOnLoadAttributes (381ms)
			ProcessInitializeOnLoadMethodAttributes (89ms)
			AfterProcessingInitializeOnLoad (4ms)
			EditorAssembliesLoaded (0ms)
		ExecutionOrderSort2 (0ms)
		AwakeInstancesAfterBackupRestoration (25ms)
Refreshing native plugins compatible for Editor in 0.84 ms, found 3 plugins.
Preloading 0 native plugins for Editor in 0.00 ms.
Unloading 16 Unused Serialized files (Serialized files now loaded: 0)
Unloading 6182 unused Assets / (4.1 MB). Loaded Objects now: 7248.
Memory consumption went from 160.5 MB to 156.4 MB.
Total: 10.117300 ms (FindLiveObjects: 0.917700 ms CreateObjectMapping: 1.471800 ms MarkObjects: 5.144900 ms  DeleteObjects: 2.581800 ms)

Prepare: number of updated asset objects reloaded= 0
========================================================================
Received Prepare
Begin MonoManager ReloadAssembly
- Loaded All Assemblies, in  0.849 seconds
Refreshing native plugins compatible for Editor in 1.10 ms, found 3 plugins.
Native extension for iOS target not found
Native extension for Android target not found
Native extension for WindowsStandalone target not found
Native extension for OSXStandalone target not found
[Package Manager] Failed to launch server process. Reason: Unity was launched with the -noUpm command-line argument
[Package Manager] Unable to send message (not connected to server process).
[Package Manager] Cannot connect to Unity Package Manager local server
[Package Manager] Failed to launch server process. Reason: Unity was launched with the -noUpm command-line argument
[Package Manager] Unable to send message (not connected to server process).
[Package Manager] Cannot connect to Unity Package Manager local server
ScheduleIndexationOnStartup MainProcess:False IndexOnStartup:True
Mono: successfully reloaded assembly
- Finished resetting the current domain, in  0.855 seconds
Domain Reload Profiling: 1708ms
	BeginReloadAssembly (237ms)
		ExecutionOrderSort (0ms)
		DisableScriptedObjects (7ms)
		BackupInstance (0ms)
		ReleaseScriptingObjects (0ms)
		CreateAndSetChildDomain (50ms)
	RebuildCommonClasses (44ms)
	RebuildNativeTypeToScriptingClass (17ms)
	initialDomainReloadingComplete (30ms)
	LoadAllAssembliesAndSetupDomain (524ms)
		LoadAssemblies (370ms)
		RebuildTransferFunctionScriptingTraits (0ms)
		AnalyzeDomain (264ms)
			TypeCache.Refresh (12ms)
				TypeCache.ScanAssembly (0ms)
			BuildScriptInfoCaches (235ms)
			ResolveRequiredComponents (12ms)
	FinalizeReload (855ms)
		ReleaseScriptCaches (0ms)
		RebuildScriptCaches (0ms)
		SetupLoadedEditorAssemblies (639ms)
			LogAssemblyErrors (0ms)
			InitializePlatformSupportModulesInManaged (12ms)
			SetLoadedEditorAssemblies (6ms)
			BeforeProcessingInitializeOnLoad (160ms)
			ProcessInitializeOnLoadAttributes (379ms)
			ProcessInitializeOnLoadMethodAttributes (80ms)
			AfterProcessingInitializeOnLoad (3ms)
			EditorAssembliesLoaded (0ms)
		ExecutionOrderSort2 (0ms)
		AwakeInstancesAfterBackupRestoration (23ms)
Refreshing native plugins compatible for Editor in 0.84 ms, found 3 plugins.
Preloading 0 native plugins for Editor in 0.00 ms.
Unloading 16 Unused Serialized files (Serialized files now loaded: 0)
Unloading 6182 unused Assets / (4.1 MB). Loaded Objects now: 7251.
Memory consumption went from 160.5 MB to 156.4 MB.
Total: 12.994800 ms (FindLiveObjects: 1.183300 ms CreateObjectMapping: 1.489100 ms MarkObjects: 7.410200 ms  DeleteObjects: 2.911100 ms)

Prepare: number of updated asset objects reloaded= 0
========================================================================
Received Prepare
Refreshing native plugins compatible for Editor in 0.97 ms, found 3 plugins.
Preloading 0 native plugins for Editor in 0.00 ms.
Unloading 16 Unused Serialized files (Serialized files now loaded: 0)
Unloading 6176 unused Assets / (4.1 MB). Loaded Objects now: 7251.
Memory consumption went from 160.7 MB to 156.6 MB.
Total: 11.650900 ms (FindLiveObjects: 0.813200 ms CreateObjectMapping: 1.259500 ms MarkObjects: 6.183100 ms  DeleteObjects: 3.394100 ms)

Prepare: number of updated asset objects reloaded= 0
========================================================================
Received Prepare
Begin MonoManager ReloadAssembly
[Licensing::Client] Successfully resolved entitlement details
- Loaded All Assemblies, in  0.925 seconds
Refreshing native plugins compatible for Editor in 0.88 ms, found 3 plugins.
Native extension for iOS target not found
Native extension for Android target not found
Native extension for WindowsStandalone target not found
Native extension for OSXStandalone target not found
[Package Manager] Failed to launch server process. Reason: Unity was launched with the -noUpm command-line argument
[Package Manager] Unable to send message (not connected to server process).
[Package Manager] Cannot connect to Unity Package Manager local server
[Package Manager] Failed to launch server process. Reason: Unity was launched with the -noUpm command-line argument
[Package Manager] Unable to send message (not connected to server process).
[Package Manager] Cannot connect to Unity Package Manager local server
ScheduleIndexationOnStartup MainProcess:False IndexOnStartup:True
Mono: successfully reloaded assembly
- Finished resetting the current domain, in  0.872 seconds
Domain Reload Profiling: 1801ms
	BeginReloadAssembly (252ms)
		ExecutionOrderSort (0ms)
		DisableScriptedObjects (9ms)
		BackupInstance (0ms)
		ReleaseScriptingObjects (0ms)
		CreateAndSetChildDomain (53ms)
	RebuildCommonClasses (55ms)
	RebuildNativeTypeToScriptingClass (19ms)
	initialDomainReloadingComplete (31ms)
	LoadAllAssembliesAndSetupDomain (571ms)
		LoadAssemblies (421ms)
		RebuildTransferFunctionScriptingTraits (0ms)
		AnalyzeDomain (270ms)
			TypeCache.Refresh (15ms)
				TypeCache.ScanAssembly (0ms)
			BuildScriptInfoCaches (236ms)
			ResolveRequiredComponents (12ms)
	FinalizeReload (873ms)
		ReleaseScriptCaches (0ms)
		RebuildScriptCaches (0ms)
		SetupLoadedEditorAssemblies (668ms)
			LogAssemblyErrors (0ms)
			InitializePlatformSupportModulesInManaged (14ms)
			SetLoadedEditorAssemblies (7ms)
			BeforeProcessingInitializeOnLoad (180ms)
			ProcessInitializeOnLoadAttributes (375ms)
			ProcessInitializeOnLoadMethodAttributes (88ms)
			AfterProcessingInitializeOnLoad (4ms)
			EditorAssembliesLoaded (0ms)
		ExecutionOrderSort2 (0ms)
		AwakeInstancesAfterBackupRestoration (22ms)
Refreshing native plugins compatible for Editor in 0.87 ms, found 3 plugins.
Preloading 0 native plugins for Editor in 0.00 ms.
Unloading 16 Unused Serialized files (Serialized files now loaded: 0)
Unloading 6182 unused Assets / (4.0 MB). Loaded Objects now: 7254.
Memory consumption went from 160.6 MB to 156.6 MB.
Total: 10.695800 ms (FindLiveObjects: 0.803000 ms CreateObjectMapping: 1.438400 ms MarkObjects: 5.758500 ms  DeleteObjects: 2.694900 ms)

Prepare: number of updated asset objects reloaded= 0
========================================================================
Received Import Request.
  Time since last request: 1088.814463 seconds.
  path: Assets/Assets/KayKit_Forest_Nature_Pack_1.0_FREE/Assets/fbx/Rock_2_E_Color1.fbx
  artifactKey: Guid(e63451581c4cd0b4eab5f686cc6184f2) Importer(815301076,1909f56bfc062723c751e8b465ee728b)
Start importing Assets/Assets/KayKit_Forest_Nature_Pack_1.0_FREE/Assets/fbx/Rock_2_E_Color1.fbx using Guid(e63451581c4cd0b4eab5f686cc6184f2) Importer(815301076,1909f56bfc062723c751e8b465ee728b) (PreviewImporter) -> (artifact id: '1133bd4f914994adecc10aaa7adb92c6') in 1.1097371 seconds
Number of updated asset objects reloaded before import = 0Number of asset objects unloaded after import = 9

========================================================================
Received Prepare
Refreshing native plugins compatible for Editor in 1.03 ms, found 3 plugins.
Preloading 0 native plugins for Editor in 0.00 ms.
Unloading 16 Unused Serialized files (Serialized files now loaded: 0)
Unloading 6177 unused Assets / (4.3 MB). Loaded Objects now: 7366.
Memory consumption went from 165.7 MB to 161.4 MB.
Total: 13.833100 ms (FindLiveObjects: 0.893800 ms CreateObjectMapping: 2.110700 ms MarkObjects: 7.953200 ms  DeleteObjects: 2.873800 ms)

Prepare: number of updated asset objects reloaded= 0
========================================================================
Received Prepare
Begin MonoManager ReloadAssembly
[Licensing::Client] Successfully resolved entitlement details
- Loaded All Assemblies, in  0.974 seconds
Refreshing native plugins compatible for Editor in 0.76 ms, found 3 plugins.
Native extension for iOS target not found
Native extension for Android target not found
Native extension for WindowsStandalone target not found
Native extension for OSXStandalone target not found
[Package Manager] Failed to launch server process. Reason: Unity was launched with the -noUpm command-line argument
[Package Manager] Unable to send message (not connected to server process).
[Package Manager] Cannot connect to Unity Package Manager local server
[Package Manager] Failed to launch server process. Reason: Unity was launched with the -noUpm command-line argument
[Package Manager] Unable to send message (not connected to server process).
[Package Manager] Cannot connect to Unity Package Manager local server
ScheduleIndexationOnStartup MainProcess:False IndexOnStartup:True
Mono: successfully reloaded assembly
- Finished resetting the current domain, in  0.833 seconds
Domain Reload Profiling: 1811ms
	BeginReloadAssembly (315ms)
		ExecutionOrderSort (0ms)
		DisableScriptedObjects (30ms)
		BackupInstance (0ms)
		ReleaseScriptingObjects (0ms)
		CreateAndSetChildDomain (74ms)
	RebuildCommonClasses (52ms)
	RebuildNativeTypeToScriptingClass (21ms)
	initialDomainReloadingComplete (34ms)
	LoadAllAssembliesAndSetupDomain (554ms)
		LoadAssemblies (433ms)
		RebuildTransferFunctionScriptingTraits (0ms)
		AnalyzeDomain (264ms)
			TypeCache.Refresh (17ms)
				TypeCache.ScanAssembly (0ms)
			BuildScriptInfoCaches (227ms)
			ResolveRequiredComponents (13ms)
	FinalizeReload (834ms)
		ReleaseScriptCaches (0ms)
		RebuildScriptCaches (0ms)
		SetupLoadedEditorAssemblies (632ms)
			LogAssemblyErrors (0ms)
			InitializePlatformSupportModulesInManaged (12ms)
			SetLoadedEditorAssemblies (7ms)
			BeforeProcessingInitializeOnLoad (165ms)
			ProcessInitializeOnLoadAttributes (365ms)
			ProcessInitializeOnLoadMethodAttributes (79ms)
			AfterProcessingInitializeOnLoad (4ms)
			EditorAssembliesLoaded (0ms)
		ExecutionOrderSort2 (0ms)
		AwakeInstancesAfterBackupRestoration (22ms)
Refreshing native plugins compatible for Editor in 0.87 ms, found 3 plugins.
Preloading 0 native plugins for Editor in 0.00 ms.
Unloading 16 Unused Serialized files (Serialized files now loaded: 0)
Unloading 6182 unused Assets / (4.1 MB). Loaded Objects now: 7277.
Memory consumption went from 160.8 MB to 156.7 MB.
Total: 10.328000 ms (FindLiveObjects: 0.901500 ms CreateObjectMapping: 1.266000 ms MarkObjects: 5.546400 ms  DeleteObjects: 2.613000 ms)

Prepare: number of updated asset objects reloaded= 0
========================================================================
Received Prepare
Refreshing native plugins compatible for Editor in 0.83 ms, found 3 plugins.
Preloading 0 native plugins for Editor in 0.00 ms.
Unloading 16 Unused Serialized files (Serialized files now loaded: 0)
Unloading 6176 unused Assets / (4.1 MB). Loaded Objects now: 7277.
Memory consumption went from 160.8 MB to 156.7 MB.
Total: 10.642100 ms (FindLiveObjects: 0.890500 ms CreateObjectMapping: 1.419200 ms MarkObjects: 5.785800 ms  DeleteObjects: 2.545600 ms)

Prepare: number of updated asset objects reloaded= 0
========================================================================
Received Prepare
Begin MonoManager ReloadAssembly
- Loaded All Assemblies, in  0.846 seconds
Refreshing native plugins compatible for Editor in 0.86 ms, found 3 plugins.
Native extension for iOS target not found
Native extension for Android target not found
Native extension for WindowsStandalone target not found
Native extension for OSXStandalone target not found
[Package Manager] Failed to launch server process. Reason: Unity was launched with the -noUpm command-line argument
[Package Manager] Unable to send message (not connected to server process).
[Package Manager] Cannot connect to Unity Package Manager local server
[Package Manager] Failed to launch server process. Reason: Unity was launched with the -noUpm command-line argument
[Package Manager] Unable to send message (not connected to server process).
[Package Manager] Cannot connect to Unity Package Manager local server
ScheduleIndexationOnStartup MainProcess:False IndexOnStartup:True
Mono: successfully reloaded assembly
- Finished resetting the current domain, in  0.830 seconds
Domain Reload Profiling: 1681ms
	BeginReloadAssembly (246ms)
		ExecutionOrderSort (0ms)
		DisableScriptedObjects (7ms)
		BackupInstance (0ms)
		ReleaseScriptingObjects (0ms)
		CreateAndSetChildDomain (52ms)
	RebuildCommonClasses (54ms)
	RebuildNativeTypeToScriptingClass (19ms)
	initialDomainReloadingComplete (30ms)
	LoadAllAssembliesAndSetupDomain (500ms)
		LoadAssemblies (371ms)
		RebuildTransferFunctionScriptingTraits (0ms)
		AnalyzeDomain (247ms)
			TypeCache.Refresh (13ms)
				TypeCache.ScanAssembly (0ms)
			BuildScriptInfoCaches (216ms)
			ResolveRequiredComponents (12ms)
	FinalizeReload (830ms)
		ReleaseScriptCaches (0ms)
		RebuildScriptCaches (0ms)
		SetupLoadedEditorAssemblies (635ms)
			LogAssemblyErrors (0ms)
			InitializePlatformSupportModulesInManaged (14ms)
			SetLoadedEditorAssemblies (5ms)
			BeforeProcessingInitializeOnLoad (164ms)
			ProcessInitializeOnLoadAttributes (369ms)
			ProcessInitializeOnLoadMethodAttributes (80ms)
			AfterProcessingInitializeOnLoad (3ms)
			EditorAssembliesLoaded (0ms)
		ExecutionOrderSort2 (0ms)
		AwakeInstancesAfterBackupRestoration (24ms)
Refreshing native plugins compatible for Editor in 1.61 ms, found 3 plugins.
Preloading 0 native plugins for Editor in 0.00 ms.
Unloading 16 Unused Serialized files (Serialized files now loaded: 0)
Unloading 6182 unused Assets / (4.1 MB). Loaded Objects now: 7280.
Memory consumption went from 160.7 MB to 156.6 MB.
Total: 10.410800 ms (FindLiveObjects: 1.129000 ms CreateObjectMapping: 1.601100 ms MarkObjects: 5.226000 ms  DeleteObjects: 2.453600 ms)

Prepare: number of updated asset objects reloaded= 0
========================================================================
Received Prepare
Begin MonoManager ReloadAssembly
- Loaded All Assemblies, in  0.859 seconds
Refreshing native plugins compatible for Editor in 0.81 ms, found 3 plugins.
Native extension for iOS target not found
Native extension for Android target not found
Native extension for WindowsStandalone target not found
Native extension for OSXStandalone target not found
[Package Manager] Failed to launch server process. Reason: Unity was launched with the -noUpm command-line argument
[Package Manager] Unable to send message (not connected to server process).
[Package Manager] Cannot connect to Unity Package Manager local server
[Package Manager] Failed to launch server process. Reason: Unity was launched with the -noUpm command-line argument
[Package Manager] Unable to send message (not connected to server process).
[Package Manager] Cannot connect to Unity Package Manager local server
ScheduleIndexationOnStartup MainProcess:False IndexOnStartup:True
Mono: successfully reloaded assembly
- Finished resetting the current domain, in  0.853 seconds
Domain Reload Profiling: 1716ms
	BeginReloadAssembly (232ms)
		ExecutionOrderSort (0ms)
		DisableScriptedObjects (7ms)
		BackupInstance (0ms)
		ReleaseScriptingObjects (0ms)
		CreateAndSetChildDomain (47ms)
	RebuildCommonClasses (51ms)
	RebuildNativeTypeToScriptingClass (18ms)
	initialDomainReloadingComplete (36ms)
	LoadAllAssembliesAndSetupDomain (524ms)
		LoadAssemblies (369ms)
		RebuildTransferFunctionScriptingTraits (0ms)
		AnalyzeDomain (270ms)
			TypeCache.Refresh (11ms)
				TypeCache.ScanAssembly (0ms)
			BuildScriptInfoCaches (239ms)
			ResolveRequiredComponents (13ms)
	FinalizeReload (854ms)
		ReleaseScriptCaches (0ms)
		RebuildScriptCaches (0ms)
		SetupLoadedEditorAssemblies (653ms)
			LogAssemblyErrors (0ms)
			InitializePlatformSupportModulesInManaged (12ms)
			SetLoadedEditorAssemblies (5ms)
			BeforeProcessingInitializeOnLoad (151ms)
			ProcessInitializeOnLoadAttributes (392ms)
			ProcessInitializeOnLoadMethodAttributes (88ms)
			AfterProcessingInitializeOnLoad (5ms)
			EditorAssembliesLoaded (0ms)
		ExecutionOrderSort2 (0ms)
		AwakeInstancesAfterBackupRestoration (21ms)
Refreshing native plugins compatible for Editor in 0.94 ms, found 3 plugins.
Preloading 0 native plugins for Editor in 0.00 ms.
Unloading 16 Unused Serialized files (Serialized files now loaded: 0)
Unloading 6182 unused Assets / (4.1 MB). Loaded Objects now: 7283.
Memory consumption went from 160.7 MB to 156.6 MB.
Total: 11.049700 ms (FindLiveObjects: 1.292700 ms CreateObjectMapping: 1.550200 ms MarkObjects: 5.669300 ms  DeleteObjects: 2.536500 ms)

Prepare: number of updated asset objects reloaded= 0
========================================================================
Received Import Request.
  Time since last request: 218.605674 seconds.
  path: Assets/Scenes/MainScene.unity
  artifactKey: Guid(99c9720ab356a0642a771bea13969a05) Importer(2089858483,b0f066a214c2f5e87bad3c948f4d605d)
Start importing Assets/Scenes/MainScene.unity using Guid(99c9720ab356a0642a771bea13969a05) Importer(2089858483,b0f066a214c2f5e87bad3c948f4d605d) (ScriptedImporter) -> (artifact id: '30b8d455e44410738d8c80e8496640d1') in 0.1103964 seconds
Number of updated asset objects reloaded before import = 0Number of asset objects unloaded after import = 1

========================================================================
Received Import Request.
  Time since last request: 0.000032 seconds.
  path: Assets/Assets/KayKit_Forest_Nature_Pack_1.0_FREE/Assets/fbx/New Material.mat
  artifactKey: Guid(01dd3caa59d2d0c45bd1873e89ffd020) Importer(2089858483,b0f066a214c2f5e87bad3c948f4d605d)
Start importing Assets/Assets/KayKit_Forest_Nature_Pack_1.0_FREE/Assets/fbx/New Material.mat using Guid(01dd3caa59d2d0c45bd1873e89ffd020) Importer(2089858483,b0f066a214c2f5e87bad3c948f4d605d) (ScriptedImporter) -> (artifact id: 'e3c92f1bcf72345989e7d297e912e6d0') in 0.0536723 seconds
Number of updated asset objects reloaded before import = 0Number of asset objects unloaded after import = 1

========================================================================
Received Import Request.
  Time since last request: 10.512180 seconds.
  path: Assets/Assets/KayKit_Forest_Nature_Pack_1.0_FREE/Assets/fbx(unity)/Bush_1_B_Color1.fbx
  artifactKey: Guid(087c9003f8a6c4b49beb1598eed4cdaa) Importer(815301076,1909f56bfc062723c751e8b465ee728b)
Start importing Assets/Assets/KayKit_Forest_Nature_Pack_1.0_FREE/Assets/fbx(unity)/Bush_1_B_Color1.fbx using Guid(087c9003f8a6c4b49beb1598eed4cdaa) Importer(815301076,1909f56bfc062723c751e8b465ee728b) (PreviewImporter) -> (artifact id: '469f1918e3511884bff256869c193b42') in 0.7529325 seconds
Number of updated asset objects reloaded before import = 0Number of asset objects unloaded after import = 9

========================================================================
Received Import Request.
  Time since last request: 0.000034 seconds.
  path: Assets/Assets/KayKit_Forest_Nature_Pack_1.0_FREE/Assets/fbx(unity)/Bush_2_E_Color1.fbx
  artifactKey: Guid(7dd7044f38076484d94583c01cfcda80) Importer(815301076,1909f56bfc062723c751e8b465ee728b)
Start importing Assets/Assets/KayKit_Forest_Nature_Pack_1.0_FREE/Assets/fbx(unity)/Bush_2_E_Color1.fbx using Guid(7dd7044f38076484d94583c01cfcda80) Importer(815301076,1909f56bfc062723c751e8b465ee728b) (PreviewImporter) -> (artifact id: '132d211170a2f3f7b8d1d7b7d1e27f3d') in 0.0298863 seconds
Number of updated asset objects reloaded before import = 0Number of asset objects unloaded after import = 9

========================================================================
Received Import Request.
  Time since last request: 0.000032 seconds.
  path: Assets/Assets/KayKit_Forest_Nature_Pack_1.0_FREE/Assets/fbx(unity)/Bush_1_E_Color1.fbx
  artifactKey: Guid(960a3f35f7f01924a8d624fa92725f38) Importer(815301076,1909f56bfc062723c751e8b465ee728b)
Start importing Assets/Assets/KayKit_Forest_Nature_Pack_1.0_FREE/Assets/fbx(unity)/Bush_1_E_Color1.fbx using Guid(960a3f35f7f01924a8d624fa92725f38) Importer(815301076,1909f56bfc062723c751e8b465ee728b) (PreviewImporter) -> (artifact id: 'c34a964956d62c9e31cf0639280a63c5') in 0.0322503 seconds
Number of updated asset objects reloaded before import = 0Number of asset objects unloaded after import = 9

========================================================================
Received Import Request.
  Time since last request: 4.112047 seconds.
  path: Assets/Assets/KayKit_Forest_Nature_Pack_1.0_FREE/Assets/fbx(unity)/Grass_2_A_Color1.fbx
  artifactKey: Guid(78e64055a6439104b8d2c86b3afdb5fb) Importer(815301076,1909f56bfc062723c751e8b465ee728b)
Start importing Assets/Assets/KayKit_Forest_Nature_Pack_1.0_FREE/Assets/fbx(unity)/Grass_2_A_Color1.fbx using Guid(78e64055a6439104b8d2c86b3afdb5fb) Importer(815301076,1909f56bfc062723c751e8b465ee728b) (PreviewImporter) -> (artifact id: 'd29c4cc6477b125f66f86d3f9e9fdff0') in 0.0305525 seconds
Number of updated asset objects reloaded before import = 0Number of asset objects unloaded after import = 9

========================================================================
Received Import Request.
  Time since last request: 0.000022 seconds.
  path: Assets/Assets/KayKit_Forest_Nature_Pack_1.0_FREE/Assets/fbx(unity)/Grass_2_Mesh.fbx
  artifactKey: Guid(2d1636583c78a9d43aa13705c8fe1f18) Importer(815301076,1909f56bfc062723c751e8b465ee728b)
Start importing Assets/Assets/KayKit_Forest_Nature_Pack_1.0_FREE/Assets/fbx(unity)/Grass_2_Mesh.fbx using Guid(2d1636583c78a9d43aa13705c8fe1f18) Importer(815301076,1909f56bfc062723c751e8b465ee728b) (PreviewImporter) -> (artifact id: 'd29b5fda99b686d1005b0920b0af37e6') in 0.0235415 seconds
Number of updated asset objects reloaded before import = 0Number of asset objects unloaded after import = 7

========================================================================
Received Import Request.
  Time since last request: 0.000030 seconds.
  path: Assets/Assets/KayKit_Forest_Nature_Pack_1.0_FREE/Assets/fbx(unity)/Rock_1_D_Color1.fbx
  artifactKey: Guid(cc99f7a48be8d0f4f8242fc00be30b94) Importer(815301076,1909f56bfc062723c751e8b465ee728b)
Start importing Assets/Assets/KayKit_Forest_Nature_Pack_1.0_FREE/Assets/fbx(unity)/Rock_1_D_Color1.fbx using Guid(cc99f7a48be8d0f4f8242fc00be30b94) Importer(815301076,1909f56bfc062723c751e8b465ee728b) (PreviewImporter) -> (artifact id: '99f1650d90e386bfb286ec206cad5d13') in 0.0283124 seconds
Number of updated asset objects reloaded before import = 0Number of asset objects unloaded after import = 9

========================================================================
Received Import Request.
  Time since last request: 0.000050 seconds.
  path: Assets/Assets/KayKit_Forest_Nature_Pack_1.0_FREE/Assets/fbx(unity)/Grass_2_SingleSided_Mesh.fbx
  artifactKey: Guid(921353052eee1764fb365ce4181aabbb) Importer(815301076,1909f56bfc062723c751e8b465ee728b)
Start importing Assets/Assets/KayKit_Forest_Nature_Pack_1.0_FREE/Assets/fbx(unity)/Grass_2_SingleSided_Mesh.fbx using Guid(921353052eee1764fb365ce4181aabbb) Importer(815301076,1909f56bfc062723c751e8b465ee728b) (PreviewImporter) -> (artifact id: '98b818c2d1583c08afbc0c2120a49b87') in 0.0214771 seconds
Number of updated asset objects reloaded before import = 0Number of asset objects unloaded after import = 7

========================================================================
Received Import Request.
  Time since last request: 0.000026 seconds.
  path: Assets/Assets/KayKit_Forest_Nature_Pack_1.0_FREE/Assets/fbx(unity)/Grass_2_D_Color1.fbx
  artifactKey: Guid(733f1875bc323de4b947c755d8b8682a) Importer(815301076,1909f56bfc062723c751e8b465ee728b)
Start importing Assets/Assets/KayKit_Forest_Nature_Pack_1.0_FREE/Assets/fbx(unity)/Grass_2_D_Color1.fbx using Guid(733f1875bc323de4b947c755d8b8682a) Importer(815301076,1909f56bfc062723c751e8b465ee728b) (PreviewImporter) -> (artifact id: 'c6f915430bc3953835b098e0d07efe85') in 0.0289961 seconds
Number of updated asset objects reloaded before import = 0Number of asset objects unloaded after import = 9

========================================================================
Received Import Request.
  Time since last request: 0.000039 seconds.
  path: Assets/Assets/KayKit_Forest_Nature_Pack_1.0_FREE/Assets/fbx(unity)/Rock_1_F_Color1.fbx
  artifactKey: Guid(af8dbe6d4c6f76546a326df7376c3b5b) Importer(815301076,1909f56bfc062723c751e8b465ee728b)
Start importing Assets/Assets/KayKit_Forest_Nature_Pack_1.0_FREE/Assets/fbx(unity)/Rock_1_F_Color1.fbx using Guid(af8dbe6d4c6f76546a326df7376c3b5b) Importer(815301076,1909f56bfc062723c751e8b465ee728b) (PreviewImporter) -> (artifact id: '0db69c7fc669454892defdfe20f3261d') in 0.0293913 seconds
Number of updated asset objects reloaded before import = 0Number of asset objects unloaded after import = 9

========================================================================
Received Import Request.
  Time since last request: 0.000032 seconds.
  path: Assets/Assets/KayKit_Forest_Nature_Pack_1.0_FREE/Assets/fbx(unity)/Rock_1_E_Color1.fbx
  artifactKey: Guid(9280cff44ffd55e4e8c0d211f6c139b4) Importer(815301076,1909f56bfc062723c751e8b465ee728b)
Start importing Assets/Assets/KayKit_Forest_Nature_Pack_1.0_FREE/Assets/fbx(unity)/Rock_1_E_Color1.fbx using Guid(9280cff44ffd55e4e8c0d211f6c139b4) Importer(815301076,1909f56bfc062723c751e8b465ee728b) (PreviewImporter) -> (artifact id: 'c8bf6e055e57f83fc6c6209d7c706591') in 0.0291087 seconds
Number of updated asset objects reloaded before import = 0Number of asset objects unloaded after import = 9

========================================================================
Received Import Request.
  Time since last request: 0.000043 seconds.
  path: Assets/Assets/KayKit_Forest_Nature_Pack_1.0_FREE/Assets/fbx(unity)/Grass_2_B_Color1.fbx
  artifactKey: Guid(e0e9d32fffe9f8148ab2affa0481420b) Importer(815301076,1909f56bfc062723c751e8b465ee728b)
Start importing Assets/Assets/KayKit_Forest_Nature_Pack_1.0_FREE/Assets/fbx(unity)/Grass_2_B_Color1.fbx using Guid(e0e9d32fffe9f8148ab2affa0481420b) Importer(815301076,1909f56bfc062723c751e8b465ee728b) (PreviewImporter) -> (artifact id: '331c74cbe53b4bfa733cdf06159f7f2d') in 0.0281451 seconds
Number of updated asset objects reloaded before import = 0Number of asset objects unloaded after import = 9

========================================================================
Received Import Request.
  Time since last request: 0.000431 seconds.
  path: Assets/Assets/KayKit_Forest_Nature_Pack_1.0_FREE/Assets/fbx(unity)/Rock_1_H_Color1.fbx
  artifactKey: Guid(f3dc59dcba2b5a24797985375f4b62f7) Importer(815301076,1909f56bfc062723c751e8b465ee728b)
Start importing Assets/Assets/KayKit_Forest_Nature_Pack_1.0_FREE/Assets/fbx(unity)/Rock_1_H_Color1.fbx using Guid(f3dc59dcba2b5a24797985375f4b62f7) Importer(815301076,1909f56bfc062723c751e8b465ee728b) (PreviewImporter) -> (artifact id: '22a6a90f894157f34ba710a22452b04b') in 0.0260075 seconds
Number of updated asset objects reloaded before import = 0Number of asset objects unloaded after import = 9

========================================================================
Received Import Request.
  Time since last request: 0.000039 seconds.
  path: Assets/Assets/KayKit_Forest_Nature_Pack_1.0_FREE/Assets/fbx(unity)/Rock_1_B_Color1.fbx
  artifactKey: Guid(eeac967a538ed254dac82900e7b1371a) Importer(815301076,1909f56bfc062723c751e8b465ee728b)
Start importing Assets/Assets/KayKit_Forest_Nature_Pack_1.0_FREE/Assets/fbx(unity)/Rock_1_B_Color1.fbx using Guid(eeac967a538ed254dac82900e7b1371a) Importer(815301076,1909f56bfc062723c751e8b465ee728b) (PreviewImporter) -> (artifact id: 'ceb27cd64c74025d42853038e1ef3a8d') in 0.0293052 seconds
Number of updated asset objects reloaded before import = 0Number of asset objects unloaded after import = 9

========================================================================
Received Import Request.
  Time since last request: 0.000044 seconds.
  path: Assets/Assets/KayKit_Forest_Nature_Pack_1.0_FREE/Assets/fbx(unity)/Rock_1_J_Color1.fbx
  artifactKey: Guid(19b452639c1e4c84e96b965e98c5e209) Importer(815301076,1909f56bfc062723c751e8b465ee728b)
Start importing Assets/Assets/KayKit_Forest_Nature_Pack_1.0_FREE/Assets/fbx(unity)/Rock_1_J_Color1.fbx using Guid(19b452639c1e4c84e96b965e98c5e209) Importer(815301076,1909f56bfc062723c751e8b465ee728b) (PreviewImporter) -> (artifact id: 'fed841b8f47346f5e30cf63be7065894') in 0.0315799 seconds
Number of updated asset objects reloaded before import = 0Number of asset objects unloaded after import = 9

========================================================================
Received Import Request.
  Time since last request: 0.000037 seconds.
  path: Assets/Assets/KayKit_Forest_Nature_Pack_1.0_FREE/Assets/fbx(unity)/Rock_1_N_Color1.fbx
  artifactKey: Guid(ad0272c76ad4e4049adac5bb19901b92) Importer(815301076,1909f56bfc062723c751e8b465ee728b)
Start importing Assets/Assets/KayKit_Forest_Nature_Pack_1.0_FREE/Assets/fbx(unity)/Rock_1_N_Color1.fbx using Guid(ad0272c76ad4e4049adac5bb19901b92) Importer(815301076,1909f56bfc062723c751e8b465ee728b) (PreviewImporter) -> (artifact id: '657cb4b1b1ade767ae18e21b1525ce1b') in 0.0291954 seconds
Number of updated asset objects reloaded before import = 0Number of asset objects unloaded after import = 9

========================================================================
Received Import Request.
  Time since last request: 0.000031 seconds.
  path: Assets/Assets/KayKit_Forest_Nature_Pack_1.0_FREE/Assets/fbx(unity)/Rock_1_L_Color1.fbx
  artifactKey: Guid(742a97906bab91d4486cf421a1365208) Importer(815301076,1909f56bfc062723c751e8b465ee728b)
Start importing Assets/Assets/KayKit_Forest_Nature_Pack_1.0_FREE/Assets/fbx(unity)/Rock_1_L_Color1.fbx using Guid(742a97906bab91d4486cf421a1365208) Importer(815301076,1909f56bfc062723c751e8b465ee728b) (PreviewImporter) -> (artifact id: '1bf2c1a50a5be95da104b308c8f1f1ed') in 0.033861 seconds
Number of updated asset objects reloaded before import = 0Number of asset objects unloaded after import = 9

========================================================================
Received Import Request.
  Time since last request: 0.175474 seconds.
  path: Assets/Assets/KayKit_Forest_Nature_Pack_1.0_FREE/Assets/fbx(unity)/Rock_1_P_Color1.fbx
  artifactKey: Guid(704d92ca678189c409a4876f9b394cc3) Importer(815301076,1909f56bfc062723c751e8b465ee728b)
Start importing Assets/Assets/KayKit_Forest_Nature_Pack_1.0_FREE/Assets/fbx(unity)/Rock_1_P_Color1.fbx using Guid(704d92ca678189c409a4876f9b394cc3) Importer(815301076,1909f56bfc062723c751e8b465ee728b) (PreviewImporter) -> (artifact id: '09e006b6ae62f583071e7a2ef612ed40') in 0.0302649 seconds
Number of updated asset objects reloaded before import = 0Number of asset objects unloaded after import = 9

========================================================================
Received Import Request.
  Time since last request: 0.000030 seconds.
  path: Assets/Assets/KayKit_Forest_Nature_Pack_1.0_FREE/Assets/fbx(unity)/Rock_1_Q_Color1.fbx
  artifactKey: Guid(9b32d5b228c4e9e46ae9bddc9e2210d7) Importer(815301076,1909f56bfc062723c751e8b465ee728b)
Start importing Assets/Assets/KayKit_Forest_Nature_Pack_1.0_FREE/Assets/fbx(unity)/Rock_1_Q_Color1.fbx using Guid(9b32d5b228c4e9e46ae9bddc9e2210d7) Importer(815301076,1909f56bfc062723c751e8b465ee728b) (PreviewImporter) -> (artifact id: '395f7fed6c7d06705979e4974f7bf4b4') in 0.0306433 seconds
Number of updated asset objects reloaded before import = 0Number of asset objects unloaded after import = 9

========================================================================
Received Import Request.
  Time since last request: 0.219649 seconds.
  path: Assets/Assets/KayKit_Forest_Nature_Pack_1.0_FREE/Assets/fbx(unity)/Rock_2_C_Color1.fbx
  artifactKey: Guid(e95e353f2600ea548a017fbebfcbc6eb) Importer(815301076,1909f56bfc062723c751e8b465ee728b)
Start importing Assets/Assets/KayKit_Forest_Nature_Pack_1.0_FREE/Assets/fbx(unity)/Rock_2_C_Color1.fbx using Guid(e95e353f2600ea548a017fbebfcbc6eb) Importer(815301076,1909f56bfc062723c751e8b465ee728b) (PreviewImporter) -> (artifact id: '9d3a7a963df39493e89f106a79e4bb26') in 0.0273354 seconds
Number of updated asset objects reloaded before import = 0Number of asset objects unloaded after import = 9

========================================================================
Received Import Request.
  Time since last request: 0.000020 seconds.
  path: Assets/Assets/KayKit_Forest_Nature_Pack_1.0_FREE/Assets/fbx(unity)/Rock_2_D_Color1.fbx
  artifactKey: Guid(319866bbc98310943a44ec6c0619a9ff) Importer(815301076,1909f56bfc062723c751e8b465ee728b)
Start importing Assets/Assets/KayKit_Forest_Nature_Pack_1.0_FREE/Assets/fbx(unity)/Rock_2_D_Color1.fbx using Guid(319866bbc98310943a44ec6c0619a9ff) Importer(815301076,1909f56bfc062723c751e8b465ee728b) (PreviewImporter) -> (artifact id: '9e625234d684fd59757389fa70a52eea') in 0.0246281 seconds
Number of updated asset objects reloaded before import = 0Number of asset objects unloaded after import = 9

========================================================================
Received Import Request.
  Time since last request: 0.238274 seconds.
  path: Assets/Assets/KayKit_Forest_Nature_Pack_1.0_FREE/Assets/fbx(unity)/Rock_2_G_Color1.fbx
  artifactKey: Guid(67623dd9fc6cb0b47afed4d28ea9c3cd) Importer(815301076,1909f56bfc062723c751e8b465ee728b)
Start importing Assets/Assets/KayKit_Forest_Nature_Pack_1.0_FREE/Assets/fbx(unity)/Rock_2_G_Color1.fbx using Guid(67623dd9fc6cb0b47afed4d28ea9c3cd) Importer(815301076,1909f56bfc062723c751e8b465ee728b) (PreviewImporter) -> (artifact id: '967049054beb93bc2c1f6f702db17838') in 0.0246601 seconds
Number of updated asset objects reloaded before import = 0Number of asset objects unloaded after import = 9

========================================================================
Received Import Request.
  Time since last request: 0.181372 seconds.
  path: Assets/Assets/KayKit_Forest_Nature_Pack_1.0_FREE/Assets/fbx(unity)/Rock_3_A_Color1.fbx
  artifactKey: Guid(d574e24b1c77b9d4f9ee8e34b0d7c6bb) Importer(815301076,1909f56bfc062723c751e8b465ee728b)
Start importing Assets/Assets/KayKit_Forest_Nature_Pack_1.0_FREE/Assets/fbx(unity)/Rock_3_A_Color1.fbx using Guid(d574e24b1c77b9d4f9ee8e34b0d7c6bb) Importer(815301076,1909f56bfc062723c751e8b465ee728b) (PreviewImporter) -> (artifact id: 'f57d7d20aa2a7717e34de06939e9228f') in 0.0272016 seconds
Number of updated asset objects reloaded before import = 0Number of asset objects unloaded after import = 9

========================================================================
Received Import Request.
  Time since last request: 0.000025 seconds.
  path: Assets/Assets/KayKit_Forest_Nature_Pack_1.0_FREE/Assets/fbx(unity)/Rock_3_C_Color1.fbx
  artifactKey: Guid(d0f8dc884c29747468843342a9f5c1a9) Importer(815301076,1909f56bfc062723c751e8b465ee728b)
Start importing Assets/Assets/KayKit_Forest_Nature_Pack_1.0_FREE/Assets/fbx(unity)/Rock_3_C_Color1.fbx using Guid(d0f8dc884c29747468843342a9f5c1a9) Importer(815301076,1909f56bfc062723c751e8b465ee728b) (PreviewImporter) -> (artifact id: '6b25c04bd6bb8ff322dade5037a73214') in 0.0270561 seconds
Number of updated asset objects reloaded before import = 0Number of asset objects unloaded after import = 9

========================================================================
Received Import Request.
  Time since last request: 0.221427 seconds.
  path: Assets/Assets/KayKit_Forest_Nature_Pack_1.0_FREE/Assets/fbx(unity)/Rock_3_G_Color1.fbx
  artifactKey: Guid(f6a1bdf9705a49f4da50e90df1de43c8) Importer(815301076,1909f56bfc062723c751e8b465ee728b)
Start importing Assets/Assets/KayKit_Forest_Nature_Pack_1.0_FREE/Assets/fbx(unity)/Rock_3_G_Color1.fbx using Guid(f6a1bdf9705a49f4da50e90df1de43c8) Importer(815301076,1909f56bfc062723c751e8b465ee728b) (PreviewImporter) -> (artifact id: '9b177d37ee927c428ff44a0c579e7e90') in 0.0290166 seconds
Number of updated asset objects reloaded before import = 0Number of asset objects unloaded after import = 9

========================================================================
Received Import Request.
  Time since last request: 0.000025 seconds.
  path: Assets/Assets/KayKit_Forest_Nature_Pack_1.0_FREE/Assets/fbx(unity)/Rock_3_I_Color1.fbx
  artifactKey: Guid(52b159508d7c85a4bbed36eda7f735a0) Importer(815301076,1909f56bfc062723c751e8b465ee728b)
Start importing Assets/Assets/KayKit_Forest_Nature_Pack_1.0_FREE/Assets/fbx(unity)/Rock_3_I_Color1.fbx using Guid(52b159508d7c85a4bbed36eda7f735a0) Importer(815301076,1909f56bfc062723c751e8b465ee728b) (PreviewImporter) -> (artifact id: 'd4970049730e885ec2025439dabde4e5') in 0.0258505 seconds
Number of updated asset objects reloaded before import = 0Number of asset objects unloaded after import = 9

========================================================================
Received Import Request.
  Time since last request: 0.000028 seconds.
  path: Assets/Assets/KayKit_Forest_Nature_Pack_1.0_FREE/Assets/fbx(unity)/Rock_3_K_Color1.fbx
  artifactKey: Guid(14ddc8fb5c72ede4ea8d460e7faddc42) Importer(815301076,1909f56bfc062723c751e8b465ee728b)
Start importing Assets/Assets/KayKit_Forest_Nature_Pack_1.0_FREE/Assets/fbx(unity)/Rock_3_K_Color1.fbx using Guid(14ddc8fb5c72ede4ea8d460e7faddc42) Importer(815301076,1909f56bfc062723c751e8b465ee728b) (PreviewImporter) -> (artifact id: 'f67779d49c3230dc5897df181e9abd83') in 0.0269425 seconds
Number of updated asset objects reloaded before import = 0Number of asset objects unloaded after import = 9

========================================================================
Received Import Request.
  Time since last request: 0.449148 seconds.
  path: Assets/Assets/KayKit_Forest_Nature_Pack_1.0_FREE/Assets/fbx(unity)/Rock_3_M_Color1.fbx
  artifactKey: Guid(c6da245bdfd41834b92f1b786e2b3c38) Importer(815301076,1909f56bfc062723c751e8b465ee728b)
Start importing Assets/Assets/KayKit_Forest_Nature_Pack_1.0_FREE/Assets/fbx(unity)/Rock_3_M_Color1.fbx using Guid(c6da245bdfd41834b92f1b786e2b3c38) Importer(815301076,1909f56bfc062723c751e8b465ee728b) (PreviewImporter) -> (artifact id: '331c70651053747e2837aa530b35b590') in 0.029669 seconds
Number of updated asset objects reloaded before import = 0Number of asset objects unloaded after import = 9

========================================================================
Received Import Request.
  Time since last request: 0.000033 seconds.
  path: Assets/Assets/KayKit_Forest_Nature_Pack_1.0_FREE/Assets/fbx(unity)/Rock_3_O_Color1.fbx
  artifactKey: Guid(32ae581d70201fa449fa756f6a4cbd42) Importer(815301076,1909f56bfc062723c751e8b465ee728b)
Start importing Assets/Assets/KayKit_Forest_Nature_Pack_1.0_FREE/Assets/fbx(unity)/Rock_3_O_Color1.fbx using Guid(32ae581d70201fa449fa756f6a4cbd42) Importer(815301076,1909f56bfc062723c751e8b465ee728b) (PreviewImporter) -> (artifact id: 'c1a10f65ba25386d747571c98da885e7') in 0.0305855 seconds
Number of updated asset objects reloaded before import = 0Number of asset objects unloaded after import = 9

========================================================================
Received Import Request.
  Time since last request: 0.000033 seconds.
  path: Assets/Assets/KayKit_Forest_Nature_Pack_1.0_FREE/Assets/fbx(unity)/Rock_3_R_Color1.fbx
  artifactKey: Guid(ec35e578937b4a84ca71a544228e2bfd) Importer(815301076,1909f56bfc062723c751e8b465ee728b)
Start importing Assets/Assets/KayKit_Forest_Nature_Pack_1.0_FREE/Assets/fbx(unity)/Rock_3_R_Color1.fbx using Guid(ec35e578937b4a84ca71a544228e2bfd) Importer(815301076,1909f56bfc062723c751e8b465ee728b) (PreviewImporter) -> (artifact id: '675021a5708d1728c39afd2ced95935e') in 0.0275327 seconds
Number of updated asset objects reloaded before import = 0Number of asset objects unloaded after import = 9

========================================================================
Received Import Request.
  Time since last request: 0.146208 seconds.
  path: Assets/Assets/KayKit_Forest_Nature_Pack_1.0_FREE/Assets/fbx(unity)/Tree_1_C_Color1.fbx
  artifactKey: Guid(e3258967118267147936353a8cedb4c2) Importer(815301076,1909f56bfc062723c751e8b465ee728b)
Start importing Assets/Assets/KayKit_Forest_Nature_Pack_1.0_FREE/Assets/fbx(unity)/Tree_1_C_Color1.fbx using Guid(e3258967118267147936353a8cedb4c2) Importer(815301076,1909f56bfc062723c751e8b465ee728b) (PreviewImporter) -> (artifact id: 'd4624ede526a6f2c1eb3e27b215db195') in 0.0264569 seconds
Number of updated asset objects reloaded before import = 0Number of asset objects unloaded after import = 9

========================================================================
Received Import Request.
  Time since last request: 0.000040 seconds.
  path: Assets/Assets/KayKit_Forest_Nature_Pack_1.0_FREE/Assets/fbx(unity)/Tree_2_B_Color1.fbx
  artifactKey: Guid(25dbd532b12a62a499cd1c49f961788e) Importer(815301076,1909f56bfc062723c751e8b465ee728b)
Start importing Assets/Assets/KayKit_Forest_Nature_Pack_1.0_FREE/Assets/fbx(unity)/Tree_2_B_Color1.fbx using Guid(25dbd532b12a62a499cd1c49f961788e) Importer(815301076,1909f56bfc062723c751e8b465ee728b) (PreviewImporter) -> (artifact id: '87b574dd9da32a2e73bce1efb75197f1') in 0.0277068 seconds
Number of updated asset objects reloaded before import = 0Number of asset objects unloaded after import = 9

========================================================================
Received Import Request.
  Time since last request: 0.000425 seconds.
  path: Assets/Assets/KayKit_Forest_Nature_Pack_1.0_FREE/Assets/fbx(unity)/Tree_3_A_Color1.fbx
  artifactKey: Guid(57b54032377cc7440bf0ac4d99283e56) Importer(815301076,1909f56bfc062723c751e8b465ee728b)
Start importing Assets/Assets/KayKit_Forest_Nature_Pack_1.0_FREE/Assets/fbx(unity)/Tree_3_A_Color1.fbx using Guid(57b54032377cc7440bf0ac4d99283e56) Importer(815301076,1909f56bfc062723c751e8b465ee728b) (PreviewImporter) -> (artifact id: 'f758c06793ac289c49a46ddc2b33f17b') in 0.0287319 seconds
Number of updated asset objects reloaded before import = 0Number of asset objects unloaded after import = 9

========================================================================
Received Import Request.
  Time since last request: 0.092026 seconds.
  path: Assets/Assets/KayKit_Forest_Nature_Pack_1.0_FREE/Assets/fbx(unity)/Tree_3_C_Color1.fbx
  artifactKey: Guid(6f231db830504e044992a89194dd5a76) Importer(815301076,1909f56bfc062723c751e8b465ee728b)
Start importing Assets/Assets/KayKit_Forest_Nature_Pack_1.0_FREE/Assets/fbx(unity)/Tree_3_C_Color1.fbx using Guid(6f231db830504e044992a89194dd5a76) Importer(815301076,1909f56bfc062723c751e8b465ee728b) (PreviewImporter) -> (artifact id: '03eb7fd427b070931a196db84fd0531e') in 0.0258714 seconds
Number of updated asset objects reloaded before import = 0Number of asset objects unloaded after import = 9

========================================================================
Received Import Request.
  Time since last request: 0.000032 seconds.
  path: Assets/Assets/KayKit_Forest_Nature_Pack_1.0_FREE/Assets/fbx(unity)/Tree_4_C_Color1.fbx
  artifactKey: Guid(c8fbc9a67f2b4cd44a3de07cf8803b34) Importer(815301076,1909f56bfc062723c751e8b465ee728b)
Start importing Assets/Assets/KayKit_Forest_Nature_Pack_1.0_FREE/Assets/fbx(unity)/Tree_4_C_Color1.fbx using Guid(c8fbc9a67f2b4cd44a3de07cf8803b34) Importer(815301076,1909f56bfc062723c751e8b465ee728b) (PreviewImporter) -> (artifact id: 'c1987872ce2a994f280472d283a5b49d') in 0.0265874 seconds
Number of updated asset objects reloaded before import = 0Number of asset objects unloaded after import = 9

========================================================================
Received Import Request.
  Time since last request: 0.131257 seconds.
  path: Assets/Assets/KayKit_Forest_Nature_Pack_1.0_FREE/Assets/fbx(unity)/Tree_Bare_1_C_Color1.fbx
  artifactKey: Guid(fa92958cab507bf4186379ce04d6f1aa) Importer(815301076,1909f56bfc062723c751e8b465ee728b)
Start importing Assets/Assets/KayKit_Forest_Nature_Pack_1.0_FREE/Assets/fbx(unity)/Tree_Bare_1_C_Color1.fbx using Guid(fa92958cab507bf4186379ce04d6f1aa) Importer(815301076,1909f56bfc062723c751e8b465ee728b) (PreviewImporter) -> (artifact id: 'dbdacd0b303a55546dcfbfc5ce45fb58') in 0.0261629 seconds
Number of updated asset objects reloaded before import = 0Number of asset objects unloaded after import = 9

========================================================================
Received Import Request.
  Time since last request: 0.000021 seconds.
  path: Assets/Assets/KayKit_Forest_Nature_Pack_1.0_FREE/Assets/fbx(unity)/Tree_Bare_2_B_Color1.fbx
  artifactKey: Guid(b87191aab6a5de5438be549e38a101a6) Importer(815301076,1909f56bfc062723c751e8b465ee728b)
Start importing Assets/Assets/KayKit_Forest_Nature_Pack_1.0_FREE/Assets/fbx(unity)/Tree_Bare_2_B_Color1.fbx using Guid(b87191aab6a5de5438be549e38a101a6) Importer(815301076,1909f56bfc062723c751e8b465ee728b) (PreviewImporter) -> (artifact id: 'b2a0c7b143ed008bbcf0efc665ac6634') in 0.0266919 seconds
Number of updated asset objects reloaded before import = 0Number of asset objects unloaded after import = 9

========================================================================
Received Import Request.
  Time since last request: 3.718209 seconds.
  path: Assets/Assets/KayKit_Forest_Nature_Pack_1.0_FREE/Assets/fbx(unity)/Grass_1_Mesh.fbx
  artifactKey: Guid(84f8e8c85a9ec4d4fb9f964dc6861112) Importer(815301076,1909f56bfc062723c751e8b465ee728b)
Start importing Assets/Assets/KayKit_Forest_Nature_Pack_1.0_FREE/Assets/fbx(unity)/Grass_1_Mesh.fbx using Guid(84f8e8c85a9ec4d4fb9f964dc6861112) Importer(815301076,1909f56bfc062723c751e8b465ee728b) (PreviewImporter) -> (artifact id: '19a44f5442d5e5fd122d8c0f8edd896c') in 0.0195405 seconds
Number of updated asset objects reloaded before import = 0Number of asset objects unloaded after import = 7

========================================================================
Received Import Request.
  Time since last request: 0.011078 seconds.
  path: Assets/Assets/KayKit_Forest_Nature_Pack_1.0_FREE/Assets/fbx(unity)/Grass_1_D_Color1.fbx
  artifactKey: Guid(d886fabfb4520324f8c3e6f8a84a0fa6) Importer(815301076,1909f56bfc062723c751e8b465ee728b)
Start importing Assets/Assets/KayKit_Forest_Nature_Pack_1.0_FREE/Assets/fbx(unity)/Grass_1_D_Color1.fbx using Guid(d886fabfb4520324f8c3e6f8a84a0fa6) Importer(815301076,1909f56bfc062723c751e8b465ee728b) (PreviewImporter) -> (artifact id: '9f077bc1be489326376e15444180bc2d') in 0.0271148 seconds
Number of updated asset objects reloaded before import = 0Number of asset objects unloaded after import = 9

========================================================================
Received Import Request.
  Time since last request: 0.210814 seconds.
  path: Assets/Assets/KayKit_Forest_Nature_Pack_1.0_FREE/Assets/fbx(unity)/Grass_1_C_Color1.fbx
  artifactKey: Guid(f46c580db2f2d0a4c8b4b3736aa2c166) Importer(815301076,1909f56bfc062723c751e8b465ee728b)
Start importing Assets/Assets/KayKit_Forest_Nature_Pack_1.0_FREE/Assets/fbx(unity)/Grass_1_C_Color1.fbx using Guid(f46c580db2f2d0a4c8b4b3736aa2c166) Importer(815301076,1909f56bfc062723c751e8b465ee728b) (PreviewImporter) -> (artifact id: 'bd548d91fc21d01b3b5b51ccebd631e5') in 0.0276366 seconds
Number of updated asset objects reloaded before import = 0Number of asset objects unloaded after import = 9

========================================================================
Received Import Request.
  Time since last request: 0.000032 seconds.
  path: Assets/Assets/KayKit_Forest_Nature_Pack_1.0_FREE/Assets/fbx(unity)/Grass_1_A_Color1.fbx
  artifactKey: Guid(bd2ac442c5156754a8e81df546a18941) Importer(815301076,1909f56bfc062723c751e8b465ee728b)
Start importing Assets/Assets/KayKit_Forest_Nature_Pack_1.0_FREE/Assets/fbx(unity)/Grass_1_A_Color1.fbx using Guid(bd2ac442c5156754a8e81df546a18941) Importer(815301076,1909f56bfc062723c751e8b465ee728b) (PreviewImporter) -> (artifact id: '8d3109d5af4cc62b9cfcd994bf34fe4e') in 0.0288672 seconds
Number of updated asset objects reloaded before import = 0Number of asset objects unloaded after import = 9

========================================================================
Received Import Request.
  Time since last request: 0.000037 seconds.
  path: Assets/Assets/KayKit_Forest_Nature_Pack_1.0_FREE/Assets/fbx(unity)/Bush_4_E_Color1.fbx
  artifactKey: Guid(adb213f84848b884caf9afd8077c0261) Importer(815301076,1909f56bfc062723c751e8b465ee728b)
Start importing Assets/Assets/KayKit_Forest_Nature_Pack_1.0_FREE/Assets/fbx(unity)/Bush_4_E_Color1.fbx using Guid(adb213f84848b884caf9afd8077c0261) Importer(815301076,1909f56bfc062723c751e8b465ee728b) (PreviewImporter) -> (artifact id: '92b3c90dc3015df99e66be2fd52085b8') in 0.0284042 seconds
Number of updated asset objects reloaded before import = 0Number of asset objects unloaded after import = 9

========================================================================
Received Import Request.
  Time since last request: 0.173685 seconds.
  path: Assets/Assets/KayKit_Forest_Nature_Pack_1.0_FREE/Assets/fbx(unity)/Bush_4_D_Color1.fbx
  artifactKey: Guid(1ed8c16470779c44088d38decfe5656f) Importer(815301076,1909f56bfc062723c751e8b465ee728b)
Start importing Assets/Assets/KayKit_Forest_Nature_Pack_1.0_FREE/Assets/fbx(unity)/Bush_4_D_Color1.fbx using Guid(1ed8c16470779c44088d38decfe5656f) Importer(815301076,1909f56bfc062723c751e8b465ee728b) (PreviewImporter) -> (artifact id: '97e4c02d74d7e14c65b08cafdc11a7fe') in 0.0278618 seconds
Number of updated asset objects reloaded before import = 0Number of asset objects unloaded after import = 9

========================================================================
Received Import Request.
  Time since last request: 0.000030 seconds.
  path: Assets/Assets/KayKit_Forest_Nature_Pack_1.0_FREE/Assets/fbx(unity)/Bush_4_B_Color1.fbx
  artifactKey: Guid(0467e9826d125b142b1c363983738013) Importer(815301076,1909f56bfc062723c751e8b465ee728b)
Start importing Assets/Assets/KayKit_Forest_Nature_Pack_1.0_FREE/Assets/fbx(unity)/Bush_4_B_Color1.fbx using Guid(0467e9826d125b142b1c363983738013) Importer(815301076,1909f56bfc062723c751e8b465ee728b) (PreviewImporter) -> (artifact id: '2e690351bdc470c68f92c3d2a1e8453e') in 0.026658 seconds
Number of updated asset objects reloaded before import = 0Number of asset objects unloaded after import = 9

Editor requested this worker to shutdown with reason: Scaling down because of idle timeout
AssetImportWorker is now disconnected from the server
Process exiting
Exiting without the bug reporter. Application will terminate with return code 0