[Licensing::Module] Trying to connect to existing licensing client channel...
Built from '6000.3/staging' branch; Version is '6000.3.11f1 (3000ef702840) revision 3145967'; Using compiler version '194234433'; Build Type 'Release'
[Licensing::IpcConnector] Successfully connected to: "LicenseClient-rabot" at "2026-03-17T17:41:09.1624715Z"
OS: 'Windows 11  (10.0.26200) Professional' Language: 'ru' Physical Memory: 32616 MB
BatchMode: 1, IsHumanControllingUs: 0, StartBugReporterOnCrash: 0, Is64bit: 1
System  architecture: x64
Process architecture: x64
Date: 2026-03-17T17:41:09Z

COMMAND LINE ARGUMENTS:
Q:\Unity\Installs\6000.3.11f1\Editor\Unity.exe
-adb2
-batchMode
-noUpm
-name
AssetImportWorker4
-projectPath
Q:/Unity/Projects/AITUproject
-logFile
Logs/AssetImportWorker4.log
-srvPort
58049
-job-worker-count
5
-background-job-worker-count
8
-gc-helper-count
1
-name
AssetImport
Successfully changed project path to: Q:/Unity/Projects/AITUproject
Q:/Unity/Projects/AITUproject
[UnityMemory] Configuration Parameters - Can be set up in boot.config
    "memorysetup-temp-allocator-size-nav-mesh-worker=65536"
    "memorysetup-temp-allocator-size-audio-worker=65536"
    "memorysetup-temp-allocator-size-gfx=262144"
    "memorysetup-allocator-temp-initial-block-size-main=262144"
    "memorysetup-allocator-temp-initial-block-size-worker=262144"
    "memorysetup-temp-allocator-size-background-worker=32768"
    "memorysetup-temp-allocator-size-job-worker=262144"
    "memorysetup-temp-allocator-size-preload-manager=33554432"
    "memorysetup-temp-allocator-size-gi-baking-worker=262144"
    "memorysetup-temp-allocator-size-gi-baking-worker=262144"
    "memorysetup-temp-allocator-size-gi-baking-worker=262144"
    "memorysetup-temp-allocator-size-gi-baking-worker=262144"
    "memorysetup-temp-allocator-size-gi-baking-worker=262144"
    "memorysetup-bucket-allocator-granularity=16"
    "memorysetup-bucket-allocator-bucket-count=8"
    "memorysetup-bucket-allocator-block-size=33554432"
    "memorysetup-bucket-allocator-block-count=8"
    "memorysetup-main-allocator-block-size=16777216"
    "memorysetup-thread-allocator-block-size=16777216"
    "memorysetup-gfx-main-allocator-block-size=16777216"
    "memorysetup-gfx-thread-allocator-block-size=16777216"
    "memorysetup-cache-allocator-block-size=4194304"
    "memorysetup-typetree-allocator-block-size=2097152"
    "memorysetup-profiler-bucket-allocator-granularity=16"
    "memorysetup-profiler-bucket-allocator-bucket-count=8"
    "memorysetup-profiler-bucket-allocator-block-size=33554432"
    "memorysetup-profiler-bucket-allocator-block-count=8"
    "memorysetup-profiler-allocator-block-size=16777216"
    "memorysetup-profiler-editor-allocator-block-size=1048576"
    "memorysetup-temp-allocator-size-main=16777216"
    "memorysetup-job-temp-allocator-block-size=2097152"
    "memorysetup-job-temp-allocator-block-size-background=1048576"
    "memorysetup-job-temp-allocator-reduction-small-platforms=262144"
    "memorysetup-temp-allocator-size-cloud-worker=32768"
Player connection [37464]  Target information:

Player connection [37464]  * "[IP] 192.168.0.104 [Port] 0 [Flags] 2 [Guid] 1405504378 [EditorId] 1405504378 [Version] 1048832 [Id] WindowsEditor(7,DESKTOP-DIYARKA) [Debug] 1 [PackageName] WindowsEditor [ProjectName] Editor" 

Player connection [37464]  * "[IP] 26.13.131.41 [Port] 0 [Flags] 2 [Guid] 1405504378 [EditorId] 1405504378 [Version] 1048832 [Id] WindowsEditor(7,DESKTOP-DIYARKA) [Debug] 1 [PackageName] WindowsEditor [ProjectName] Editor" 

Player connection [37464]  * "[IP] 100.114.32.9 [Port] 0 [Flags] 2 [Guid] 1405504378 [EditorId] 1405504378 [Version] 1048832 [Id] WindowsEditor(7,DESKTOP-DIYARKA) [Debug] 1 [PackageName] WindowsEditor [ProjectName] Editor" 

Player connection [37464] Host joined multi-casting on [225.0.0.222:54997]...
Player connection [37464] Host joined alternative multi-casting on [225.0.0.222:34997]...
JobSystem: Creating JobQueue using job-worker-count value 5
Input System module state changed to: Initialized.
[Physics::Module] Initialized fallback backend.
[Physics::Module] Id: 0xdecafbad
Library Redirect Path: Library/
[Physics::Module] Selected backend.
[Physics::Module] Name: PhysX
[Physics::Module] Id: 0xf2b8ea05
[Physics::Module] SDK Version: 4.1.2
[Physics::Module] Integration Version: 1.0.0
[Physics::Module] Threading Mode: Multi-Threaded
Refreshing native plugins compatible for Editor in 3.55 ms, found 3 plugins.
Preloading 0 native plugins for Editor in 0.00 ms.
Initialize engine version: 6000.3.11f1 (3000ef702840)
[Subsystems] Discovering subsystems at path Q:/Unity/Installs/6000.3.11f1/Editor/Data/Resources/UnitySubsystems
[Subsystems] Discovering subsystems at path Q:/Unity/Projects/AITUproject/Assets
GfxDevice: creating device client; kGfxThreadingModeNonThreaded
Direct3D:
    Version:  Direct3D 11.0 [level 11.1]
    Renderer: NVIDIA GeForce RTX 2060 (ID=0x1f03)
    Vendor:   NVIDIA
    VRAM:     12061 MB
    Driver:   32.0.15.6590
Initialize mono
Mono path[0] = 'Q:/Unity/Installs/6000.3.11f1/Editor/Data/Managed'
Mono path[1] = 'Q:/Unity/Installs/6000.3.11f1/Editor/Data/MonoBleedingEdge/lib/mono/unityjit-win32'
Mono config path = 'Q:/Unity/Installs/6000.3.11f1/Editor/Data/MonoBleedingEdge/etc'
Using monoOptions --debugger-agent=transport=dt_socket,embedding=1,server=y,suspend=n,address=127.0.0.1:56680
Begin MonoManager ReloadAssembly
Registering precompiled unity dll's ...
Register platform support module: Q:/Unity/Installs/6000.3.11f1/Editor/Data/PlaybackEngines/MacStandaloneSupport/UnityEditor.OSXStandalone.Extensions.dll
Register platform support module: Q:/Unity/Installs/6000.3.11f1/Editor/Data/PlaybackEngines/WindowsStandaloneSupport/UnityEditor.WindowsStandalone.Extensions.dll
[Licensing::Module] Licensing is not yet initialized.
[Licensing::Client] Error: HandshakeResponse reported an error:
	ResponseCode: 505
	ResponseStatus: Unsupported protocol version '1.18.0'.
[Licensing::Module] Error: Failed to handshake to channel: "LicenseClient-rabot"
[Licensing::IpcConnector] LicenseClient-rabot channel disconnected successfully.
[Licensing::IpcConnector] Successfully connected to: "LicenseClient-rabot-6000.3.11" at "2026-03-17T17:41:12.5351156Z"
[Licensing::Client] Handshaking with LicensingClient:
  Version:                 1.18.0+23225a6
  Session Id:              d0f3cf1613f94a81aa71dc0de3c911c1
  Correlation Id:          754c3e71f851ac00e81f613393648de3
  External correlation Id: 2450054927644053366
  Machine Id:              EGwHAvd1CQ4Id3zjsuWeaLY2Eh0=
[Licensing::Module] Successfully connected to LicensingClient on channel: "LicenseClient-rabot-6000.3.11" (connect: 0.00s, validation: 0.00s, handshake: 0.40s)
[Licensing::IpcConnector] Successfully connected to: "LicenseClient-rabot-6000.3.11-notifications" at "2026-03-17T17:41:12.9417068Z"
[Licensing::Module] Licensing Background thread has ended after 3.78s
[Licensing::Module] Licensing is initialized (took 2.75s).
[Licensing::Client] Successfully resolved entitlement details
[Licensing::Module] License group:
  Id: 18966812025771-UnityPersXXXX
  Product: Unity Personal
  Type: Assigned
  Expiration: Unlimited
Register platform support module: Q:/Unity/Installs/6000.3.11f1/Editor/Data/PlaybackEngines/AndroidPlayer/UnityEditor.Android.Extensions.dll
[Licensing::Client] Successfully resolved entitlement details
Register platform support module: Q:/Unity/Installs/6000.3.11f1/Editor/Data/PlaybackEngines/iOSSupport/UnityEditor.iOS.Extensions.dll
Registered in 2.756956 seconds.
- Loaded All Assemblies, in  3.387 seconds
[usbmuxd] Start listen thread
[usbmuxd] Listen thread started
Native extension for iOS target not found
Native extension for Android target not found
Native extension for WindowsStandalone target not found
Native extension for OSXStandalone target not found
Package Manager log level set to [2]
[Package Manager] Failed to launch server process. Reason: Unity was launched with the -noUpm command-line argument
[Package Manager] Unable to send message (not connected to server process).
[Package Manager] Cannot connect to Unity Package Manager local server
ScheduleIndexationOnStartup MainProcess:False IndexOnStartup:True
Mono: successfully reloaded assembly
- Finished resetting the current domain, in  0.598 seconds
Domain Reload Profiling: 3984ms
	BeginReloadAssembly (202ms)
		ExecutionOrderSort (0ms)
		DisableScriptedObjects (0ms)
		BackupInstance (0ms)
		ReleaseScriptingObjects (0ms)
		CreateAndSetChildDomain (1ms)
	RebuildCommonClasses (59ms)
	RebuildNativeTypeToScriptingClass (21ms)
	initialDomainReloadingComplete (2826ms)
	LoadAllAssembliesAndSetupDomain (278ms)
		LoadAssemblies (202ms)
		RebuildTransferFunctionScriptingTraits (0ms)
		AnalyzeDomain (273ms)
			TypeCache.Refresh (271ms)
				TypeCache.ScanAssembly (250ms)
			BuildScriptInfoCaches (0ms)
			ResolveRequiredComponents (1ms)
	FinalizeReload (598ms)
		ReleaseScriptCaches (0ms)
		RebuildScriptCaches (0ms)
		SetupLoadedEditorAssemblies (525ms)
			LogAssemblyErrors (0ms)
			InitializePlatformSupportModulesInManaged (93ms)
			SetLoadedEditorAssemblies (5ms)
			BeforeProcessingInitializeOnLoad (122ms)
			ProcessInitializeOnLoadAttributes (190ms)
			ProcessInitializeOnLoadMethodAttributes (115ms)
			AfterProcessingInitializeOnLoad (0ms)
			EditorAssembliesLoaded (0ms)
		ExecutionOrderSort2 (0ms)
		AwakeInstancesAfterBackupRestoration (0ms)
========================================================================
Worker process is ready to serve import requests
Import Worker Mode flag is 0x00
Begin MonoManager ReloadAssembly
[Licensing::Client] Successfully resolved entitlement details
- Loaded All Assemblies, in  1.140 seconds
Refreshing native plugins compatible for Editor in 0.83 ms, found 3 plugins.
Native extension for iOS target not found
Native extension for Android target not found
Native extension for WindowsStandalone target not found
Native extension for OSXStandalone target not found
[Package Manager] Failed to launch server process. Reason: Unity was launched with the -noUpm command-line argument
[Package Manager] Unable to send message (not connected to server process).
[Package Manager] Cannot connect to Unity Package Manager local server
[Package Manager] Failed to launch server process. Reason: Unity was launched with the -noUpm command-line argument
[Package Manager] Unable to send message (not connected to server process).
[Package Manager] Cannot connect to Unity Package Manager local server
ScheduleIndexationOnStartup MainProcess:False IndexOnStartup:True
Mono: successfully reloaded assembly
- Finished resetting the current domain, in  1.058 seconds
Domain Reload Profiling: 2197ms
	BeginReloadAssembly (265ms)
		ExecutionOrderSort (0ms)
		DisableScriptedObjects (10ms)
		BackupInstance (0ms)
		ReleaseScriptingObjects (0ms)
		CreateAndSetChildDomain (54ms)
	RebuildCommonClasses (55ms)
	RebuildNativeTypeToScriptingClass (21ms)
	initialDomainReloadingComplete (48ms)
	LoadAllAssembliesAndSetupDomain (749ms)
		LoadAssemblies (454ms)
		RebuildTransferFunctionScriptingTraits (0ms)
		AnalyzeDomain (434ms)
			TypeCache.Refresh (307ms)
				TypeCache.ScanAssembly (273ms)
			BuildScriptInfoCaches (106ms)
			ResolveRequiredComponents (15ms)
	FinalizeReload (1059ms)
		ReleaseScriptCaches (0ms)
		RebuildScriptCaches (0ms)
		SetupLoadedEditorAssemblies (768ms)
			LogAssemblyErrors (0ms)
			InitializePlatformSupportModulesInManaged (14ms)
			SetLoadedEditorAssemblies (6ms)
			BeforeProcessingInitializeOnLoad (193ms)
			ProcessInitializeOnLoadAttributes (459ms)
			ProcessInitializeOnLoadMethodAttributes (91ms)
			AfterProcessingInitializeOnLoad (4ms)
			EditorAssembliesLoaded (0ms)
		ExecutionOrderSort2 (0ms)
		AwakeInstancesAfterBackupRestoration (10ms)
Launched and connected shader compiler UnityShaderCompiler.exe after 0.02 seconds
Refreshing native plugins compatible for Editor in 1.07 ms, found 3 plugins.
Preloading 0 native plugins for Editor in 0.00 ms.
Unloading 16 Unused Serialized files (Serialized files now loaded: 0)
Unloading 6184 unused Assets / (5.2 MB). Loaded Objects now: 6983.
Memory consumption went from 147.5 MB to 142.3 MB.
Total: 13.393900 ms (FindLiveObjects: 0.841700 ms CreateObjectMapping: 1.226200 ms MarkObjects: 7.461500 ms  DeleteObjects: 3.863200 ms)

========================================================================
Received Import Request.
  Time since last request: 378039.045199 seconds.
  path: Assets/Assets/KayKit_ResourceBits_1.0_FREE/Assets/obj/Gold_Nuggets.obj
  artifactKey: Guid(e2a6fd22d5374cc4baf1b3ada7f806a5) Importer(815301076,1909f56bfc062723c751e8b465ee728b)
Start importing Assets/Assets/KayKit_ResourceBits_1.0_FREE/Assets/obj/Gold_Nuggets.obj using Guid(e2a6fd22d5374cc4baf1b3ada7f806a5) Importer(815301076,1909f56bfc062723c751e8b465ee728b) (PreviewImporter) -> (artifact id: 'cde254dfafa2eed2f2bf3fd9590a9078') in 0.9642724 seconds
Number of updated asset objects reloaded before import = 0Number of asset objects unloaded after import = 11

========================================================================
Received Import Request.
  Time since last request: 0.000042 seconds.
  path: Assets/Assets/KayKit_ResourceBits_1.0_FREE/Assets/fbx(unity)/Iron_Bars.fbx
  artifactKey: Guid(d9c0e694a8f0b3940867edf48fb000d6) Importer(815301076,1909f56bfc062723c751e8b465ee728b)
Start importing Assets/Assets/KayKit_ResourceBits_1.0_FREE/Assets/fbx(unity)/Iron_Bars.fbx using Guid(d9c0e694a8f0b3940867edf48fb000d6) Importer(815301076,1909f56bfc062723c751e8b465ee728b) (PreviewImporter) -> (artifact id: '32ec07cc042377d4391ab06f362eea61') in 0.0338194 seconds
Number of updated asset objects reloaded before import = 0Number of asset objects unloaded after import = 9

========================================================================
Received Import Request.
  Time since last request: 0.000036 seconds.
  path: Assets/Assets/KayKit_ResourceBits_1.0_FREE/Assets/fbx(unity)/Gold_Nuggets.fbx
  artifactKey: Guid(b8d4b5f3ba0bb0448a76a083f2bba7b5) Importer(815301076,1909f56bfc062723c751e8b465ee728b)
Start importing Assets/Assets/KayKit_ResourceBits_1.0_FREE/Assets/fbx(unity)/Gold_Nuggets.fbx using Guid(b8d4b5f3ba0bb0448a76a083f2bba7b5) Importer(815301076,1909f56bfc062723c751e8b465ee728b) (PreviewImporter) -> (artifact id: 'b33d2bbce8635455315bdfee4794cd66') in 0.0287739 seconds
Number of updated asset objects reloaded before import = 0Number of asset objects unloaded after import = 9

========================================================================
Received Import Request.
  Time since last request: 0.000024 seconds.
  path: Assets/Assets/KayKit_ResourceBits_1.0_FREE/Assets/fbx(unity)/Wood_Log_Stack.fbx
  artifactKey: Guid(d8758f782befe0944a381c1fde79d434) Importer(815301076,1909f56bfc062723c751e8b465ee728b)
Start importing Assets/Assets/KayKit_ResourceBits_1.0_FREE/Assets/fbx(unity)/Wood_Log_Stack.fbx using Guid(d8758f782befe0944a381c1fde79d434) Importer(815301076,1909f56bfc062723c751e8b465ee728b) (PreviewImporter) -> (artifact id: '386f4983c97980d2abddab1dac012a20') in 0.0287934 seconds
Number of updated asset objects reloaded before import = 0Number of asset objects unloaded after import = 9

========================================================================
Received Import Request.
  Time since last request: 0.000029 seconds.
  path: Assets/Assets/KayKit_ResourceBits_1.0_FREE/Assets/fbx(unity)/Iron_Nugget_Medium.fbx
  artifactKey: Guid(cc1f3ab27d0646d4dae77679938d2bcb) Importer(815301076,1909f56bfc062723c751e8b465ee728b)
Start importing Assets/Assets/KayKit_ResourceBits_1.0_FREE/Assets/fbx(unity)/Iron_Nugget_Medium.fbx using Guid(cc1f3ab27d0646d4dae77679938d2bcb) Importer(815301076,1909f56bfc062723c751e8b465ee728b) (PreviewImporter) -> (artifact id: 'e6c8016c224afe81023a4e664c931b85') in 0.0268609 seconds
Number of updated asset objects reloaded before import = 0Number of asset objects unloaded after import = 9

========================================================================
Received Import Request.
  Time since last request: 0.000029 seconds.
  path: Assets/Assets/KayKit_ResourceBits_1.0_FREE/Assets/obj/Gold_Bars_Stack_Medium.obj
  artifactKey: Guid(9bbac8cc779f59548a81c919dbeaf7f2) Importer(815301076,1909f56bfc062723c751e8b465ee728b)
Start importing Assets/Assets/KayKit_ResourceBits_1.0_FREE/Assets/obj/Gold_Bars_Stack_Medium.obj using Guid(9bbac8cc779f59548a81c919dbeaf7f2) Importer(815301076,1909f56bfc062723c751e8b465ee728b) (PreviewImporter) -> (artifact id: 'bb4208f70479076dcc74cdaca98819d3') in 0.036081 seconds
Number of updated asset objects reloaded before import = 0Number of asset objects unloaded after import = 11

========================================================================
Received Import Request.
  Time since last request: 0.000034 seconds.
  path: Assets/Assets/KayKit_ResourceBits_1.0_FREE/Assets/fbx(unity)/Textiles_Stack_Large.fbx
  artifactKey: Guid(233052d2c69dbdf48885fd4d18968eb9) Importer(815301076,1909f56bfc062723c751e8b465ee728b)
Start importing Assets/Assets/KayKit_ResourceBits_1.0_FREE/Assets/fbx(unity)/Textiles_Stack_Large.fbx using Guid(233052d2c69dbdf48885fd4d18968eb9) Importer(815301076,1909f56bfc062723c751e8b465ee728b) (PreviewImporter) -> (artifact id: '37abdf92240dc927eb480dd50c6effcc') in 0.0277997 seconds
Number of updated asset objects reloaded before import = 0Number of asset objects unloaded after import = 9

========================================================================
Received Import Request.
  Time since last request: 0.000035 seconds.
  path: Assets/Assets/KayKit_ResourceBits_1.0_FREE/Assets/fbx(unity)/Silver_Bars_Stack_Large.fbx
  artifactKey: Guid(e37b233d538df8a43b3977cee4caf6e3) Importer(815301076,1909f56bfc062723c751e8b465ee728b)
Start importing Assets/Assets/KayKit_ResourceBits_1.0_FREE/Assets/fbx(unity)/Silver_Bars_Stack_Large.fbx using Guid(e37b233d538df8a43b3977cee4caf6e3) Importer(815301076,1909f56bfc062723c751e8b465ee728b) (PreviewImporter) -> (artifact id: '8f6ef97fcb6692e90fa0e4800deb568b') in 0.0254605 seconds
Number of updated asset objects reloaded before import = 0Number of asset objects unloaded after import = 9

========================================================================
Received Import Request.
  Time since last request: 0.000025 seconds.
  path: Assets/Assets/KayKit_ResourceBits_1.0_FREE/Assets/fbx(unity)/Silver_Nugget_Large.fbx
  artifactKey: Guid(52a7388b4a3e1594783da1a892ab8a1b) Importer(815301076,1909f56bfc062723c751e8b465ee728b)
Start importing Assets/Assets/KayKit_ResourceBits_1.0_FREE/Assets/fbx(unity)/Silver_Nugget_Large.fbx using Guid(52a7388b4a3e1594783da1a892ab8a1b) Importer(815301076,1909f56bfc062723c751e8b465ee728b) (PreviewImporter) -> (artifact id: '85ef846ecbc04b50d2d68308cc9259b1') in 0.0288113 seconds
Number of updated asset objects reloaded before import = 0Number of asset objects unloaded after import = 9

========================================================================
Received Import Request.
  Time since last request: 0.000026 seconds.
  path: Assets/Assets/KayKit_ResourceBits_1.0_FREE/Assets/obj/Iron_Bar.obj
  artifactKey: Guid(f631a8ee1d0b4f348bc37f463d2d84a5) Importer(815301076,1909f56bfc062723c751e8b465ee728b)
Start importing Assets/Assets/KayKit_ResourceBits_1.0_FREE/Assets/obj/Iron_Bar.obj using Guid(f631a8ee1d0b4f348bc37f463d2d84a5) Importer(815301076,1909f56bfc062723c751e8b465ee728b) (PreviewImporter) -> (artifact id: '61abfeaa384e9d68bbce21eca9ca7503') in 0.033511 seconds
Number of updated asset objects reloaded before import = 0Number of asset objects unloaded after import = 11

========================================================================
Received Import Request.
  Time since last request: 0.000038 seconds.
  path: Assets/Assets/KayKit_ResourceBits_1.0_FREE/Assets/fbx(unity)/Wood_Log_B.fbx
  artifactKey: Guid(d32aee31fb3709a44b66ddb324e6b259) Importer(815301076,1909f56bfc062723c751e8b465ee728b)
Start importing Assets/Assets/KayKit_ResourceBits_1.0_FREE/Assets/fbx(unity)/Wood_Log_B.fbx using Guid(d32aee31fb3709a44b66ddb324e6b259) Importer(815301076,1909f56bfc062723c751e8b465ee728b) (PreviewImporter) -> (artifact id: '0eb7c2573f36c6eb2a64d8f0cd6b59e1') in 0.0270127 seconds
Number of updated asset objects reloaded before import = 0Number of asset objects unloaded after import = 9

========================================================================
Received Import Request.
  Time since last request: 0.000030 seconds.
  path: Assets/Assets/KayKit_ResourceBits_1.0_FREE/Assets/fbx(unity)/Fuel_B_Jerrycan.fbx
  artifactKey: Guid(77a3379b93a6f194a9e14ebefd76a529) Importer(815301076,1909f56bfc062723c751e8b465ee728b)
Start importing Assets/Assets/KayKit_ResourceBits_1.0_FREE/Assets/fbx(unity)/Fuel_B_Jerrycan.fbx using Guid(77a3379b93a6f194a9e14ebefd76a529) Importer(815301076,1909f56bfc062723c751e8b465ee728b) (PreviewImporter) -> (artifact id: 'ee64fae59f783c56be9a99a588c444cc') in 0.0263516 seconds
Number of updated asset objects reloaded before import = 0Number of asset objects unloaded after import = 9

========================================================================
Received Import Request.
  Time since last request: 0.000036 seconds.
  path: Assets/Assets/KayKit_ResourceBits_1.0_FREE/Assets/fbx(unity)/Gold_Bar.fbx
  artifactKey: Guid(506d3561f6b49154e9c09c842643099b) Importer(815301076,1909f56bfc062723c751e8b465ee728b)
Start importing Assets/Assets/KayKit_ResourceBits_1.0_FREE/Assets/fbx(unity)/Gold_Bar.fbx using Guid(506d3561f6b49154e9c09c842643099b) Importer(815301076,1909f56bfc062723c751e8b465ee728b) (PreviewImporter) -> (artifact id: '28e55eb983b0ecbe968bc8d7e90466b9') in 0.0258884 seconds
Number of updated asset objects reloaded before import = 0Number of asset objects unloaded after import = 9

========================================================================
Received Import Request.
  Time since last request: 30.090283 seconds.
  path: Assets/Scenes/SampleScene.unity
  artifactKey: Guid(99c9720ab356a0642a771bea13969a05) Importer(2089858483,b0f066a214c2f5e87bad3c948f4d605d)
Start importing Assets/Scenes/SampleScene.unity using Guid(99c9720ab356a0642a771bea13969a05) Importer(2089858483,b0f066a214c2f5e87bad3c948f4d605d) (ScriptedImporter) -> (artifact id: 'e933a3b7356225b91bf40f2d2d426386') in 0.0622962 seconds
Number of updated asset objects reloaded before import = 0Number of asset objects unloaded after import = 1

========================================================================
Received Prepare
Refreshing native plugins compatible for Editor in 1.04 ms, found 3 plugins.
Preloading 0 native plugins for Editor in 0.00 ms.
Unloading 16 Unused Serialized files (Serialized files now loaded: 0)
Unloading 6176 unused Assets / (4.4 MB). Loaded Objects now: 7144.
Memory consumption went from 153.6 MB to 149.3 MB.
Total: 13.100800 ms (FindLiveObjects: 0.760500 ms CreateObjectMapping: 1.095100 ms MarkObjects: 8.346400 ms  DeleteObjects: 2.897400 ms)

Prepare: number of updated asset objects reloaded= 0
========================================================================
Received Import Request.
  Time since last request: 47.426215 seconds.
  path: Assets/Scripts
  artifactKey: Guid(26a1a23acacd49e419364e15eb6465a5) Importer(2089858483,b0f066a214c2f5e87bad3c948f4d605d)
Start importing Assets/Scripts using Guid(26a1a23acacd49e419364e15eb6465a5) Importer(2089858483,b0f066a214c2f5e87bad3c948f4d605d) (ScriptedImporter) -> (artifact id: 'c5391f14a0ff0e233db64a3fc83881fc') in 0.0184311 seconds
Number of updated asset objects reloaded before import = 0Number of asset objects unloaded after import = 1

========================================================================
Received Import Request.
  Time since last request: 0.000033 seconds.
  path: Assets/Scripts/Units
  artifactKey: Guid(fc94d0dc53ccbff4eb25ae5b383909b1) Importer(2089858483,b0f066a214c2f5e87bad3c948f4d605d)
Start importing Assets/Scripts/Units using Guid(fc94d0dc53ccbff4eb25ae5b383909b1) Importer(2089858483,b0f066a214c2f5e87bad3c948f4d605d) (ScriptedImporter) -> (artifact id: 'd239b7c47484145d2801e127b3697fbe') in 0.1256838 seconds
Number of updated asset objects reloaded before import = 0Number of asset objects unloaded after import = 1

========================================================================
Received Prepare
Begin MonoManager ReloadAssembly
[Licensing::Client] Successfully resolved entitlement details
- Loaded All Assemblies, in  0.878 seconds
Refreshing native plugins compatible for Editor in 0.72 ms, found 3 plugins.
Native extension for iOS target not found
Native extension for Android target not found
Native extension for WindowsStandalone target not found
Native extension for OSXStandalone target not found
[Package Manager] Failed to launch server process. Reason: Unity was launched with the -noUpm command-line argument
[Package Manager] Unable to send message (not connected to server process).
[Package Manager] Cannot connect to Unity Package Manager local server
[Package Manager] Failed to launch server process. Reason: Unity was launched with the -noUpm command-line argument
[Package Manager] Unable to send message (not connected to server process).
[Package Manager] Cannot connect to Unity Package Manager local server
ScheduleIndexationOnStartup MainProcess:False IndexOnStartup:True
Mono: successfully reloaded assembly
- Finished resetting the current domain, in  0.942 seconds
Domain Reload Profiling: 1823ms
	BeginReloadAssembly (287ms)
		ExecutionOrderSort (0ms)
		DisableScriptedObjects (28ms)
		BackupInstance (0ms)
		ReleaseScriptingObjects (0ms)
		CreateAndSetChildDomain (69ms)
	RebuildCommonClasses (43ms)
	RebuildNativeTypeToScriptingClass (23ms)
	initialDomainReloadingComplete (28ms)
	LoadAllAssembliesAndSetupDomain (499ms)
		LoadAssemblies (369ms)
		RebuildTransferFunctionScriptingTraits (0ms)
		AnalyzeDomain (248ms)
			TypeCache.Refresh (11ms)
				TypeCache.ScanAssembly (0ms)
			BuildScriptInfoCaches (219ms)
			ResolveRequiredComponents (12ms)
	FinalizeReload (942ms)
		ReleaseScriptCaches (0ms)
		RebuildScriptCaches (0ms)
		SetupLoadedEditorAssemblies (714ms)
			LogAssemblyErrors (0ms)
			InitializePlatformSupportModulesInManaged (12ms)
			SetLoadedEditorAssemblies (5ms)
			BeforeProcessingInitializeOnLoad (158ms)
			ProcessInitializeOnLoadAttributes (423ms)
			ProcessInitializeOnLoadMethodAttributes (112ms)
			AfterProcessingInitializeOnLoad (3ms)
			EditorAssembliesLoaded (0ms)
		ExecutionOrderSort2 (0ms)
		AwakeInstancesAfterBackupRestoration (26ms)
Refreshing native plugins compatible for Editor in 1.04 ms, found 3 plugins.
Preloading 0 native plugins for Editor in 0.00 ms.
Unloading 16 Unused Serialized files (Serialized files now loaded: 0)
Unloading 6181 unused Assets / (4.9 MB). Loaded Objects now: 7068.
Memory consumption went from 155.4 MB to 150.5 MB.
Total: 17.098200 ms (FindLiveObjects: 0.982000 ms CreateObjectMapping: 1.803500 ms MarkObjects: 10.176400 ms  DeleteObjects: 4.134200 ms)

Prepare: number of updated asset objects reloaded= 0
========================================================================
Received Prepare
Refreshing native plugins compatible for Editor in 1.18 ms, found 3 plugins.
Preloading 0 native plugins for Editor in 0.00 ms.
Unloading 16 Unused Serialized files (Serialized files now loaded: 0)
Unloading 6175 unused Assets / (5.1 MB). Loaded Objects now: 7068.
Memory consumption went from 155.4 MB to 150.2 MB.
Total: 18.705800 ms (FindLiveObjects: 1.021200 ms CreateObjectMapping: 1.725500 ms MarkObjects: 10.601600 ms  DeleteObjects: 5.355700 ms)

Prepare: number of updated asset objects reloaded= 0
========================================================================
Received Prepare
Begin MonoManager ReloadAssembly
- Loaded All Assemblies, in  0.975 seconds
Refreshing native plugins compatible for Editor in 0.76 ms, found 3 plugins.
Native extension for iOS target not found
Native extension for Android target not found
Native extension for WindowsStandalone target not found
Native extension for OSXStandalone target not found
[Package Manager] Failed to launch server process. Reason: Unity was launched with the -noUpm command-line argument
[Package Manager] Unable to send message (not connected to server process).
[Package Manager] Cannot connect to Unity Package Manager local server
[Package Manager] Failed to launch server process. Reason: Unity was launched with the -noUpm command-line argument
[Package Manager] Unable to send message (not connected to server process).
[Package Manager] Cannot connect to Unity Package Manager local server
ScheduleIndexationOnStartup MainProcess:False IndexOnStartup:True
Mono: successfully reloaded assembly
- Finished resetting the current domain, in  1.033 seconds
Domain Reload Profiling: 2011ms
	BeginReloadAssembly (278ms)
		ExecutionOrderSort (0ms)
		DisableScriptedObjects (10ms)
		BackupInstance (0ms)
		ReleaseScriptingObjects (0ms)
		CreateAndSetChildDomain (61ms)
	RebuildCommonClasses (57ms)
	RebuildNativeTypeToScriptingClass (17ms)
	initialDomainReloadingComplete (32ms)
	LoadAllAssembliesAndSetupDomain (593ms)
		LoadAssemblies (449ms)
		RebuildTransferFunctionScriptingTraits (0ms)
		AnalyzeDomain (286ms)
			TypeCache.Refresh (24ms)
				TypeCache.ScanAssembly (0ms)
			BuildScriptInfoCaches (244ms)
			ResolveRequiredComponents (13ms)
	FinalizeReload (1034ms)
		ReleaseScriptCaches (0ms)
		RebuildScriptCaches (0ms)
		SetupLoadedEditorAssemblies (823ms)
			LogAssemblyErrors (0ms)
			InitializePlatformSupportModulesInManaged (12ms)
			SetLoadedEditorAssemblies (5ms)
			BeforeProcessingInitializeOnLoad (234ms)
			ProcessInitializeOnLoadAttributes (437ms)
			ProcessInitializeOnLoadMethodAttributes (131ms)
			AfterProcessingInitializeOnLoad (4ms)
			EditorAssembliesLoaded (0ms)
		ExecutionOrderSort2 (0ms)
		AwakeInstancesAfterBackupRestoration (21ms)
Refreshing native plugins compatible for Editor in 0.91 ms, found 3 plugins.
Preloading 0 native plugins for Editor in 0.00 ms.
Unloading 16 Unused Serialized files (Serialized files now loaded: 0)
Unloading 6181 unused Assets / (4.5 MB). Loaded Objects now: 7071.
Memory consumption went from 155.0 MB to 150.5 MB.
Total: 12.477800 ms (FindLiveObjects: 1.020200 ms CreateObjectMapping: 1.499600 ms MarkObjects: 7.020500 ms  DeleteObjects: 2.935700 ms)

Prepare: number of updated asset objects reloaded= 0
========================================================================
Received Prepare
Refreshing native plugins compatible for Editor in 0.90 ms, found 3 plugins.
Preloading 0 native plugins for Editor in 0.00 ms.
Unloading 16 Unused Serialized files (Serialized files now loaded: 0)
Unloading 6175 unused Assets / (4.1 MB). Loaded Objects now: 7071.
Memory consumption went from 155.2 MB to 151.1 MB.
Total: 11.269200 ms (FindLiveObjects: 0.889500 ms CreateObjectMapping: 1.582700 ms MarkObjects: 6.206200 ms  DeleteObjects: 2.589700 ms)

Prepare: number of updated asset objects reloaded= 0
========================================================================
Received Prepare
Begin MonoManager ReloadAssembly
[Licensing::Client] Successfully resolved entitlement details
- Loaded All Assemblies, in  0.816 seconds
Refreshing native plugins compatible for Editor in 0.74 ms, found 3 plugins.
Native extension for iOS target not found
Native extension for Android target not found
Native extension for WindowsStandalone target not found
Native extension for OSXStandalone target not found
[Package Manager] Failed to launch server process. Reason: Unity was launched with the -noUpm command-line argument
[Package Manager] Unable to send message (not connected to server process).
[Package Manager] Cannot connect to Unity Package Manager local server
[Package Manager] Failed to launch server process. Reason: Unity was launched with the -noUpm command-line argument
[Package Manager] Unable to send message (not connected to server process).
[Package Manager] Cannot connect to Unity Package Manager local server
ScheduleIndexationOnStartup MainProcess:False IndexOnStartup:True
Mono: successfully reloaded assembly
- Finished resetting the current domain, in  0.864 seconds
Domain Reload Profiling: 1683ms
	BeginReloadAssembly (239ms)
		ExecutionOrderSort (0ms)
		DisableScriptedObjects (9ms)
		BackupInstance (0ms)
		ReleaseScriptingObjects (0ms)
		CreateAndSetChildDomain (47ms)
	RebuildCommonClasses (44ms)
	RebuildNativeTypeToScriptingClass (19ms)
	initialDomainReloadingComplete (28ms)
	LoadAllAssembliesAndSetupDomain (488ms)
		LoadAssemblies (360ms)
		RebuildTransferFunctionScriptingTraits (0ms)
		AnalyzeDomain (238ms)
			TypeCache.Refresh (12ms)
				TypeCache.ScanAssembly (0ms)
			BuildScriptInfoCaches (208ms)
			ResolveRequiredComponents (13ms)
	FinalizeReload (865ms)
		ReleaseScriptCaches (0ms)
		RebuildScriptCaches (0ms)
		SetupLoadedEditorAssemblies (658ms)
			LogAssemblyErrors (0ms)
			InitializePlatformSupportModulesInManaged (13ms)
			SetLoadedEditorAssemblies (6ms)
			BeforeProcessingInitializeOnLoad (164ms)
			ProcessInitializeOnLoadAttributes (394ms)
			ProcessInitializeOnLoadMethodAttributes (77ms)
			AfterProcessingInitializeOnLoad (3ms)
			EditorAssembliesLoaded (0ms)
		ExecutionOrderSort2 (0ms)
		AwakeInstancesAfterBackupRestoration (20ms)
Refreshing native plugins compatible for Editor in 0.83 ms, found 3 plugins.
Preloading 0 native plugins for Editor in 0.00 ms.
Unloading 16 Unused Serialized files (Serialized files now loaded: 0)
Unloading 6181 unused Assets / (4.4 MB). Loaded Objects now: 7074.
Memory consumption went from 155.1 MB to 150.6 MB.
Total: 11.338400 ms (FindLiveObjects: 0.837500 ms CreateObjectMapping: 1.518700 ms MarkObjects: 6.290400 ms  DeleteObjects: 2.690700 ms)

Prepare: number of updated asset objects reloaded= 0
========================================================================
Received Prepare
Begin MonoManager ReloadAssembly
- Loaded All Assemblies, in  0.823 seconds
Refreshing native plugins compatible for Editor in 0.66 ms, found 3 plugins.
Native extension for iOS target not found
Native extension for Android target not found
Native extension for WindowsStandalone target not found
Native extension for OSXStandalone target not found
[Package Manager] Failed to launch server process. Reason: Unity was launched with the -noUpm command-line argument
[Package Manager] Unable to send message (not connected to server process).
[Package Manager] Cannot connect to Unity Package Manager local server
[Package Manager] Failed to launch server process. Reason: Unity was launched with the -noUpm command-line argument
[Package Manager] Unable to send message (not connected to server process).
[Package Manager] Cannot connect to Unity Package Manager local server
ScheduleIndexationOnStartup MainProcess:False IndexOnStartup:True
Mono: successfully reloaded assembly
- Finished resetting the current domain, in  0.892 seconds
Domain Reload Profiling: 1719ms
	BeginReloadAssembly (240ms)
		ExecutionOrderSort (0ms)
		DisableScriptedObjects (6ms)
		BackupInstance (0ms)
		ReleaseScriptingObjects (0ms)
		CreateAndSetChildDomain (52ms)
	RebuildCommonClasses (46ms)
	RebuildNativeTypeToScriptingClass (21ms)
	initialDomainReloadingComplete (30ms)
	LoadAllAssembliesAndSetupDomain (488ms)
		LoadAssemblies (369ms)
		RebuildTransferFunctionScriptingTraits (0ms)
		AnalyzeDomain (238ms)
			TypeCache.Refresh (9ms)
				TypeCache.ScanAssembly (0ms)
			BuildScriptInfoCaches (211ms)
			ResolveRequiredComponents (12ms)
	FinalizeReload (893ms)
		ReleaseScriptCaches (0ms)
		RebuildScriptCaches (0ms)
		SetupLoadedEditorAssemblies (682ms)
			LogAssemblyErrors (0ms)
			InitializePlatformSupportModulesInManaged (13ms)
			SetLoadedEditorAssemblies (5ms)
			BeforeProcessingInitializeOnLoad (170ms)
			ProcessInitializeOnLoadAttributes (379ms)
			ProcessInitializeOnLoadMethodAttributes (110ms)
			AfterProcessingInitializeOnLoad (5ms)
			EditorAssembliesLoaded (1ms)
		ExecutionOrderSort2 (0ms)
		AwakeInstancesAfterBackupRestoration (24ms)
Refreshing native plugins compatible for Editor in 0.93 ms, found 3 plugins.
Preloading 0 native plugins for Editor in 0.00 ms.
Unloading 16 Unused Serialized files (Serialized files now loaded: 0)
Unloading 6181 unused Assets / (4.7 MB). Loaded Objects now: 7077.
Memory consumption went from 155.1 MB to 150.4 MB.
Total: 11.963200 ms (FindLiveObjects: 0.901800 ms CreateObjectMapping: 1.850700 ms MarkObjects: 5.933800 ms  DeleteObjects: 3.275700 ms)

Prepare: number of updated asset objects reloaded= 0
========================================================================
Received Prepare
Begin MonoManager ReloadAssembly
- Loaded All Assemblies, in  0.792 seconds
Refreshing native plugins compatible for Editor in 0.79 ms, found 3 plugins.
Native extension for iOS target not found
Native extension for Android target not found
Native extension for WindowsStandalone target not found
Native extension for OSXStandalone target not found
[Package Manager] Failed to launch server process. Reason: Unity was launched with the -noUpm command-line argument
[Package Manager] Unable to send message (not connected to server process).
[Package Manager] Cannot connect to Unity Package Manager local server
[Package Manager] Failed to launch server process. Reason: Unity was launched with the -noUpm command-line argument
[Package Manager] Unable to send message (not connected to server process).
[Package Manager] Cannot connect to Unity Package Manager local server
ScheduleIndexationOnStartup MainProcess:False IndexOnStartup:True
Mono: successfully reloaded assembly
- Finished resetting the current domain, in  0.818 seconds
Domain Reload Profiling: 1613ms
	BeginReloadAssembly (225ms)
		ExecutionOrderSort (0ms)
		DisableScriptedObjects (7ms)
		BackupInstance (0ms)
		ReleaseScriptingObjects (0ms)
		CreateAndSetChildDomain (48ms)
	RebuildCommonClasses (44ms)
	RebuildNativeTypeToScriptingClass (17ms)
	initialDomainReloadingComplete (27ms)
	LoadAllAssembliesAndSetupDomain (481ms)
		LoadAssemblies (356ms)
		RebuildTransferFunctionScriptingTraits (0ms)
		AnalyzeDomain (233ms)
			TypeCache.Refresh (10ms)
				TypeCache.ScanAssembly (0ms)
			BuildScriptInfoCaches (206ms)
			ResolveRequiredComponents (12ms)
	FinalizeReload (819ms)
		ReleaseScriptCaches (0ms)
		RebuildScriptCaches (0ms)
		SetupLoadedEditorAssemblies (623ms)
			LogAssemblyErrors (0ms)
			InitializePlatformSupportModulesInManaged (11ms)
			SetLoadedEditorAssemblies (5ms)
			BeforeProcessingInitializeOnLoad (160ms)
			ProcessInitializeOnLoadAttributes (357ms)
			ProcessInitializeOnLoadMethodAttributes (86ms)
			AfterProcessingInitializeOnLoad (3ms)
			EditorAssembliesLoaded (0ms)
		ExecutionOrderSort2 (0ms)
		AwakeInstancesAfterBackupRestoration (21ms)
Refreshing native plugins compatible for Editor in 0.96 ms, found 3 plugins.
Preloading 0 native plugins for Editor in 0.00 ms.
Unloading 16 Unused Serialized files (Serialized files now loaded: 0)
Unloading 6181 unused Assets / (4.3 MB). Loaded Objects now: 7080.
Memory consumption went from 155.1 MB to 150.9 MB.
Total: 12.062400 ms (FindLiveObjects: 1.206000 ms CreateObjectMapping: 1.675400 ms MarkObjects: 5.782000 ms  DeleteObjects: 3.397900 ms)

Prepare: number of updated asset objects reloaded= 0
========================================================================
Received Prepare
Begin MonoManager ReloadAssembly
[Licensing::Client] Successfully resolved entitlement details
- Loaded All Assemblies, in  0.838 seconds
Refreshing native plugins compatible for Editor in 0.74 ms, found 3 plugins.
Native extension for iOS target not found
Native extension for Android target not found
Native extension for WindowsStandalone target not found
Native extension for OSXStandalone target not found
[Package Manager] Failed to launch server process. Reason: Unity was launched with the -noUpm command-line argument
[Package Manager] Unable to send message (not connected to server process).
[Package Manager] Cannot connect to Unity Package Manager local server
[Package Manager] Failed to launch server process. Reason: Unity was launched with the -noUpm command-line argument
[Package Manager] Unable to send message (not connected to server process).
[Package Manager] Cannot connect to Unity Package Manager local server
ScheduleIndexationOnStartup MainProcess:False IndexOnStartup:True
Mono: successfully reloaded assembly
- Finished resetting the current domain, in  0.859 seconds
Domain Reload Profiling: 1701ms
	BeginReloadAssembly (237ms)
		ExecutionOrderSort (0ms)
		DisableScriptedObjects (9ms)
		BackupInstance (0ms)
		ReleaseScriptingObjects (0ms)
		CreateAndSetChildDomain (47ms)
	RebuildCommonClasses (48ms)
	RebuildNativeTypeToScriptingClass (17ms)
	initialDomainReloadingComplete (30ms)
	LoadAllAssembliesAndSetupDomain (508ms)
		LoadAssemblies (373ms)
		RebuildTransferFunctionScriptingTraits (0ms)
		AnalyzeDomain (249ms)
			TypeCache.Refresh (10ms)
				TypeCache.ScanAssembly (0ms)
			BuildScriptInfoCaches (220ms)
			ResolveRequiredComponents (14ms)
	FinalizeReload (860ms)
		ReleaseScriptCaches (0ms)
		RebuildScriptCaches (0ms)
		SetupLoadedEditorAssemblies (660ms)
			LogAssemblyErrors (0ms)
			InitializePlatformSupportModulesInManaged (12ms)
			SetLoadedEditorAssemblies (5ms)
			BeforeProcessingInitializeOnLoad (164ms)
			ProcessInitializeOnLoadAttributes (385ms)
			ProcessInitializeOnLoadMethodAttributes (90ms)
			AfterProcessingInitializeOnLoad (3ms)
			EditorAssembliesLoaded (0ms)
		ExecutionOrderSort2 (0ms)
		AwakeInstancesAfterBackupRestoration (21ms)
Refreshing native plugins compatible for Editor in 0.94 ms, found 3 plugins.
Preloading 0 native plugins for Editor in 0.00 ms.
Unloading 16 Unused Serialized files (Serialized files now loaded: 0)
Unloading 6181 unused Assets / (4.6 MB). Loaded Objects now: 7083.
Memory consumption went from 155.2 MB to 150.6 MB.
Total: 11.781400 ms (FindLiveObjects: 0.775700 ms CreateObjectMapping: 1.509800 ms MarkObjects: 5.678400 ms  DeleteObjects: 3.816200 ms)

Prepare: number of updated asset objects reloaded= 0
========================================================================
Received Prepare
Begin MonoManager ReloadAssembly
[Licensing::Client] Successfully resolved entitlement details
- Loaded All Assemblies, in  0.884 seconds
Refreshing native plugins compatible for Editor in 0.90 ms, found 3 plugins.
Native extension for iOS target not found
Native extension for Android target not found
Native extension for WindowsStandalone target not found
Native extension for OSXStandalone target not found
[Package Manager] Failed to launch server process. Reason: Unity was launched with the -noUpm command-line argument
[Package Manager] Unable to send message (not connected to server process).
[Package Manager] Cannot connect to Unity Package Manager local server
[Package Manager] Failed to launch server process. Reason: Unity was launched with the -noUpm command-line argument
[Package Manager] Unable to send message (not connected to server process).
[Package Manager] Cannot connect to Unity Package Manager local server
ScheduleIndexationOnStartup MainProcess:False IndexOnStartup:True
Mono: successfully reloaded assembly
- Finished resetting the current domain, in  1.035 seconds
Domain Reload Profiling: 1922ms
	BeginReloadAssembly (274ms)
		ExecutionOrderSort (0ms)
		DisableScriptedObjects (9ms)
		BackupInstance (0ms)
		ReleaseScriptingObjects (0ms)
		CreateAndSetChildDomain (54ms)
	RebuildCommonClasses (53ms)
	RebuildNativeTypeToScriptingClass (22ms)
	initialDomainReloadingComplete (33ms)
	LoadAllAssembliesAndSetupDomain (505ms)
		LoadAssemblies (412ms)
		RebuildTransferFunctionScriptingTraits (0ms)
		AnalyzeDomain (236ms)
			TypeCache.Refresh (10ms)
				TypeCache.ScanAssembly (0ms)
			BuildScriptInfoCaches (207ms)
			ResolveRequiredComponents (13ms)
	FinalizeReload (1036ms)
		ReleaseScriptCaches (0ms)
		RebuildScriptCaches (0ms)
		SetupLoadedEditorAssemblies (786ms)
			LogAssemblyErrors (0ms)
			InitializePlatformSupportModulesInManaged (18ms)
			SetLoadedEditorAssemblies (9ms)
			BeforeProcessingInitializeOnLoad (246ms)
			ProcessInitializeOnLoadAttributes (404ms)
			ProcessInitializeOnLoadMethodAttributes (105ms)
			AfterProcessingInitializeOnLoad (5ms)
			EditorAssembliesLoaded (0ms)
		ExecutionOrderSort2 (0ms)
		AwakeInstancesAfterBackupRestoration (22ms)
Refreshing native plugins compatible for Editor in 0.98 ms, found 3 plugins.
Preloading 0 native plugins for Editor in 0.00 ms.
Unloading 16 Unused Serialized files (Serialized files now loaded: 0)
Unloading 6181 unused Assets / (4.8 MB). Loaded Objects now: 7086.
Memory consumption went from 155.2 MB to 150.5 MB.
Total: 11.246000 ms (FindLiveObjects: 0.796600 ms CreateObjectMapping: 1.189700 ms MarkObjects: 5.707900 ms  DeleteObjects: 3.549600 ms)

Prepare: number of updated asset objects reloaded= 0
========================================================================
Received Prepare
Refreshing native plugins compatible for Editor in 0.80 ms, found 3 plugins.
Preloading 0 native plugins for Editor in 0.00 ms.
Unloading 16 Unused Serialized files (Serialized files now loaded: 0)
Unloading 6175 unused Assets / (4.6 MB). Loaded Objects now: 7086.
Memory consumption went from 155.4 MB to 150.8 MB.
Total: 10.196600 ms (FindLiveObjects: 0.798300 ms CreateObjectMapping: 1.100700 ms MarkObjects: 5.234700 ms  DeleteObjects: 3.061900 ms)

Prepare: number of updated asset objects reloaded= 0
========================================================================
Received Prepare
Begin MonoManager ReloadAssembly
[Licensing::Client] Successfully resolved entitlement details
- Loaded All Assemblies, in  0.899 seconds
Refreshing native plugins compatible for Editor in 0.74 ms, found 3 plugins.
Native extension for iOS target not found
Native extension for Android target not found
Native extension for WindowsStandalone target not found
Native extension for OSXStandalone target not found
[Package Manager] Failed to launch server process. Reason: Unity was launched with the -noUpm command-line argument
[Package Manager] Unable to send message (not connected to server process).
[Package Manager] Cannot connect to Unity Package Manager local server
[Package Manager] Failed to launch server process. Reason: Unity was launched with the -noUpm command-line argument
[Package Manager] Unable to send message (not connected to server process).
[Package Manager] Cannot connect to Unity Package Manager local server
ScheduleIndexationOnStartup MainProcess:False IndexOnStartup:True
Mono: successfully reloaded assembly
- Finished resetting the current domain, in  0.920 seconds
Domain Reload Profiling: 1823ms
	BeginReloadAssembly (241ms)
		ExecutionOrderSort (0ms)
		DisableScriptedObjects (8ms)
		BackupInstance (0ms)
		ReleaseScriptingObjects (0ms)
		CreateAndSetChildDomain (48ms)
	RebuildCommonClasses (44ms)
	RebuildNativeTypeToScriptingClass (18ms)
	initialDomainReloadingComplete (28ms)
	LoadAllAssembliesAndSetupDomain (572ms)
		LoadAssemblies (381ms)
		RebuildTransferFunctionScriptingTraits (0ms)
		AnalyzeDomain (306ms)
			TypeCache.Refresh (14ms)
				TypeCache.ScanAssembly (0ms)
			BuildScriptInfoCaches (266ms)
			ResolveRequiredComponents (19ms)
	FinalizeReload (920ms)
		ReleaseScriptCaches (0ms)
		RebuildScriptCaches (0ms)
		SetupLoadedEditorAssemblies (686ms)
			LogAssemblyErrors (0ms)
			InitializePlatformSupportModulesInManaged (19ms)
			SetLoadedEditorAssemblies (7ms)
			BeforeProcessingInitializeOnLoad (166ms)
			ProcessInitializeOnLoadAttributes (414ms)
			ProcessInitializeOnLoadMethodAttributes (75ms)
			AfterProcessingInitializeOnLoad (3ms)
			EditorAssembliesLoaded (1ms)
		ExecutionOrderSort2 (0ms)
		AwakeInstancesAfterBackupRestoration (23ms)
Refreshing native plugins compatible for Editor in 0.78 ms, found 3 plugins.
Preloading 0 native plugins for Editor in 0.00 ms.
Unloading 16 Unused Serialized files (Serialized files now loaded: 0)
Unloading 6181 unused Assets / (4.3 MB). Loaded Objects now: 7089.
Memory consumption went from 155.3 MB to 151.0 MB.
Total: 8.968500 ms (FindLiveObjects: 0.801200 ms CreateObjectMapping: 1.096200 ms MarkObjects: 4.787200 ms  DeleteObjects: 2.282500 ms)

Prepare: number of updated asset objects reloaded= 0
========================================================================
Received Prepare
Begin MonoManager ReloadAssembly
- Loaded All Assemblies, in  0.826 seconds
Refreshing native plugins compatible for Editor in 0.74 ms, found 3 plugins.
Native extension for iOS target not found
Native extension for Android target not found
Native extension for WindowsStandalone target not found
Native extension for OSXStandalone target not found
[Package Manager] Failed to launch server process. Reason: Unity was launched with the -noUpm command-line argument
[Package Manager] Unable to send message (not connected to server process).
[Package Manager] Cannot connect to Unity Package Manager local server
[Package Manager] Failed to launch server process. Reason: Unity was launched with the -noUpm command-line argument
[Package Manager] Unable to send message (not connected to server process).
[Package Manager] Cannot connect to Unity Package Manager local server
ScheduleIndexationOnStartup MainProcess:False IndexOnStartup:True
Mono: successfully reloaded assembly
- Finished resetting the current domain, in  0.908 seconds
Domain Reload Profiling: 1736ms
	BeginReloadAssembly (237ms)
		ExecutionOrderSort (0ms)
		DisableScriptedObjects (8ms)
		BackupInstance (0ms)
		ReleaseScriptingObjects (0ms)
		CreateAndSetChildDomain (52ms)
	RebuildCommonClasses (43ms)
	RebuildNativeTypeToScriptingClass (17ms)
	initialDomainReloadingComplete (28ms)
	LoadAllAssembliesAndSetupDomain (502ms)
		LoadAssemblies (371ms)
		RebuildTransferFunctionScriptingTraits (0ms)
		AnalyzeDomain (247ms)
			TypeCache.Refresh (10ms)
				TypeCache.ScanAssembly (0ms)
			BuildScriptInfoCaches (215ms)
			ResolveRequiredComponents (16ms)
	FinalizeReload (908ms)
		ReleaseScriptCaches (0ms)
		RebuildScriptCaches (0ms)
		SetupLoadedEditorAssemblies (695ms)
			LogAssemblyErrors (0ms)
			InitializePlatformSupportModulesInManaged (12ms)
			SetLoadedEditorAssemblies (5ms)
			BeforeProcessingInitializeOnLoad (163ms)
			ProcessInitializeOnLoadAttributes (414ms)
			ProcessInitializeOnLoadMethodAttributes (95ms)
			AfterProcessingInitializeOnLoad (5ms)
			EditorAssembliesLoaded (1ms)
		ExecutionOrderSort2 (0ms)
		AwakeInstancesAfterBackupRestoration (26ms)
Refreshing native plugins compatible for Editor in 1.32 ms, found 3 plugins.
Preloading 0 native plugins for Editor in 0.00 ms.
Unloading 16 Unused Serialized files (Serialized files now loaded: 0)
Unloading 6181 unused Assets / (4.1 MB). Loaded Objects now: 7092.
Memory consumption went from 155.3 MB to 151.3 MB.
Total: 11.428500 ms (FindLiveObjects: 0.879000 ms CreateObjectMapping: 1.543000 ms MarkObjects: 6.219100 ms  DeleteObjects: 2.786200 ms)

Prepare: number of updated asset objects reloaded= 0
========================================================================
Received Prepare
Begin MonoManager ReloadAssembly
- Loaded All Assemblies, in  0.845 seconds
Refreshing native plugins compatible for Editor in 0.90 ms, found 3 plugins.
Native extension for iOS target not found
Native extension for Android target not found
Native extension for WindowsStandalone target not found
Native extension for OSXStandalone target not found
[Package Manager] Failed to launch server process. Reason: Unity was launched with the -noUpm command-line argument
[Package Manager] Unable to send message (not connected to server process).
[Package Manager] Cannot connect to Unity Package Manager local server
[Package Manager] Failed to launch server process. Reason: Unity was launched with the -noUpm command-line argument
[Package Manager] Unable to send message (not connected to server process).
[Package Manager] Cannot connect to Unity Package Manager local server
ScheduleIndexationOnStartup MainProcess:False IndexOnStartup:True
Mono: successfully reloaded assembly
- Finished resetting the current domain, in  0.859 seconds
Domain Reload Profiling: 1707ms
	BeginReloadAssembly (242ms)
		ExecutionOrderSort (0ms)
		DisableScriptedObjects (8ms)
		BackupInstance (0ms)
		ReleaseScriptingObjects (0ms)
		CreateAndSetChildDomain (49ms)
	RebuildCommonClasses (44ms)
	RebuildNativeTypeToScriptingClass (18ms)
	initialDomainReloadingComplete (30ms)
	LoadAllAssembliesAndSetupDomain (513ms)
		LoadAssemblies (379ms)
		RebuildTransferFunctionScriptingTraits (0ms)
		AnalyzeDomain (259ms)
			TypeCache.Refresh (9ms)
				TypeCache.ScanAssembly (0ms)
			BuildScriptInfoCaches (233ms)
			ResolveRequiredComponents (12ms)
	FinalizeReload (860ms)
		ReleaseScriptCaches (0ms)
		RebuildScriptCaches (0ms)
		SetupLoadedEditorAssemblies (652ms)
			LogAssemblyErrors (0ms)
			InitializePlatformSupportModulesInManaged (13ms)
			SetLoadedEditorAssemblies (6ms)
			BeforeProcessingInitializeOnLoad (169ms)
			ProcessInitializeOnLoadAttributes (382ms)
			ProcessInitializeOnLoadMethodAttributes (78ms)
			AfterProcessingInitializeOnLoad (4ms)
			EditorAssembliesLoaded (0ms)
		ExecutionOrderSort2 (0ms)
		AwakeInstancesAfterBackupRestoration (20ms)
Refreshing native plugins compatible for Editor in 1.13 ms, found 3 plugins.
Preloading 0 native plugins for Editor in 0.00 ms.
Unloading 16 Unused Serialized files (Serialized files now loaded: 0)
Unloading 6181 unused Assets / (4.5 MB). Loaded Objects now: 7095.
Memory consumption went from 155.4 MB to 150.9 MB.
Total: 13.293000 ms (FindLiveObjects: 1.019700 ms CreateObjectMapping: 1.631700 ms MarkObjects: 7.289400 ms  DeleteObjects: 3.351000 ms)

Prepare: number of updated asset objects reloaded= 0
========================================================================
Received Prepare
Begin MonoManager ReloadAssembly
[Licensing::Client] Successfully resolved entitlement details
- Loaded All Assemblies, in  0.913 seconds
Refreshing native plugins compatible for Editor in 1.10 ms, found 3 plugins.
Native extension for iOS target not found
Native extension for Android target not found
Native extension for WindowsStandalone target not found
Native extension for OSXStandalone target not found
[Package Manager] Failed to launch server process. Reason: Unity was launched with the -noUpm command-line argument
[Package Manager] Unable to send message (not connected to server process).
[Package Manager] Cannot connect to Unity Package Manager local server
[Package Manager] Failed to launch server process. Reason: Unity was launched with the -noUpm command-line argument
[Package Manager] Unable to send message (not connected to server process).
[Package Manager] Cannot connect to Unity Package Manager local server
ScheduleIndexationOnStartup MainProcess:False IndexOnStartup:True
Mono: successfully reloaded assembly
- Finished resetting the current domain, in  0.827 seconds
Domain Reload Profiling: 1744ms
	BeginReloadAssembly (265ms)
		ExecutionOrderSort (0ms)
		DisableScriptedObjects (10ms)
		BackupInstance (0ms)
		ReleaseScriptingObjects (0ms)
		CreateAndSetChildDomain (59ms)
	RebuildCommonClasses (48ms)
	RebuildNativeTypeToScriptingClass (18ms)
	initialDomainReloadingComplete (30ms)
	LoadAllAssembliesAndSetupDomain (556ms)
		LoadAssemblies (417ms)
		RebuildTransferFunctionScriptingTraits (0ms)
		AnalyzeDomain (260ms)
			TypeCache.Refresh (9ms)
				TypeCache.ScanAssembly (0ms)
			BuildScriptInfoCaches (232ms)
			ResolveRequiredComponents (12ms)
	FinalizeReload (828ms)
		ReleaseScriptCaches (0ms)
		RebuildScriptCaches (0ms)
		SetupLoadedEditorAssemblies (618ms)
			LogAssemblyErrors (0ms)
			InitializePlatformSupportModulesInManaged (13ms)
			SetLoadedEditorAssemblies (6ms)
			BeforeProcessingInitializeOnLoad (152ms)
			ProcessInitializeOnLoadAttributes (365ms)
			ProcessInitializeOnLoadMethodAttributes (79ms)
			AfterProcessingInitializeOnLoad (3ms)
			EditorAssembliesLoaded (0ms)
		ExecutionOrderSort2 (0ms)
		AwakeInstancesAfterBackupRestoration (25ms)
Refreshing native plugins compatible for Editor in 1.36 ms, found 3 plugins.
Preloading 0 native plugins for Editor in 0.00 ms.
Unloading 16 Unused Serialized files (Serialized files now loaded: 0)
Unloading 6181 unused Assets / (4.0 MB). Loaded Objects now: 7098.
Memory consumption went from 155.4 MB to 151.4 MB.
Total: 11.425000 ms (FindLiveObjects: 0.919700 ms CreateObjectMapping: 1.807900 ms MarkObjects: 5.683200 ms  DeleteObjects: 3.013000 ms)

Prepare: number of updated asset objects reloaded= 0
========================================================================
Received Import Request.
  Time since last request: 1812.526969 seconds.
  path: Assets/UI/Baskerville Bold Italic.ttf
  artifactKey: Guid(246937c963ea7d74d8fd53073032ea2a) Importer(815301076,1909f56bfc062723c751e8b465ee728b)
Start importing Assets/UI/Baskerville Bold Italic.ttf using Guid(246937c963ea7d74d8fd53073032ea2a) Importer(815301076,1909f56bfc062723c751e8b465ee728b) (PreviewImporter) -> (artifact id: '6301b33064e4705f71e4914d6f514625') in 0.7433839 seconds
Number of updated asset objects reloaded before import = 0Number of asset objects unloaded after import = 4

========================================================================
Received Prepare
Refreshing native plugins compatible for Editor in 0.81 ms, found 3 plugins.
Preloading 0 native plugins for Editor in 0.00 ms.
Unloading 16 Unused Serialized files (Serialized files now loaded: 0)
Unloading 6176 unused Assets / (4.3 MB). Loaded Objects now: 7215.
Memory consumption went from 160.8 MB to 156.5 MB.
Total: 13.127300 ms (FindLiveObjects: 0.881800 ms CreateObjectMapping: 1.784200 ms MarkObjects: 7.704500 ms  DeleteObjects: 2.755800 ms)

Prepare: number of updated asset objects reloaded= 0
========================================================================
Received Import Request.
  Time since last request: 26.394947 seconds.
  path: Assets/UI/MenuUiElement.cs
  artifactKey: Guid(15ed44dce738f0045b442362f2e74447) Importer(815301076,1909f56bfc062723c751e8b465ee728b)
Start importing Assets/UI/MenuUiElement.cs using Guid(15ed44dce738f0045b442362f2e74447) Importer(815301076,1909f56bfc062723c751e8b465ee728b) (PreviewImporter) -> (artifact id: '26bd8809b9a69f5c4b7a096e4ecad8d0') in 0.005909 seconds
Number of updated asset objects reloaded before import = 0Number of asset objects unloaded after import = 0

========================================================================
Received Prepare
Begin MonoManager ReloadAssembly
[Licensing::Client] Successfully resolved entitlement details
- Loaded All Assemblies, in  1.228 seconds
Refreshing native plugins compatible for Editor in 0.84 ms, found 3 plugins.
Native extension for iOS target not found
Native extension for Android target not found
Native extension for WindowsStandalone target not found
Native extension for OSXStandalone target not found
[Package Manager] Failed to launch server process. Reason: Unity was launched with the -noUpm command-line argument
[Package Manager] Unable to send message (not connected to server process).
[Package Manager] Cannot connect to Unity Package Manager local server
[Package Manager] Failed to launch server process. Reason: Unity was launched with the -noUpm command-line argument
[Package Manager] Unable to send message (not connected to server process).
[Package Manager] Cannot connect to Unity Package Manager local server
ScheduleIndexationOnStartup MainProcess:False IndexOnStartup:True
Mono: successfully reloaded assembly
- Finished resetting the current domain, in  1.021 seconds
Domain Reload Profiling: 2256ms
	BeginReloadAssembly (356ms)
		ExecutionOrderSort (0ms)
		DisableScriptedObjects (44ms)
		BackupInstance (0ms)
		ReleaseScriptingObjects (0ms)
		CreateAndSetChildDomain (95ms)
	RebuildCommonClasses (63ms)
	RebuildNativeTypeToScriptingClass (21ms)
	initialDomainReloadingComplete (31ms)
	LoadAllAssembliesAndSetupDomain (764ms)
		LoadAssemblies (528ms)
		RebuildTransferFunctionScriptingTraits (0ms)
		AnalyzeDomain (374ms)
			TypeCache.Refresh (19ms)
				TypeCache.ScanAssembly (0ms)
			BuildScriptInfoCaches (325ms)
			ResolveRequiredComponents (19ms)
	FinalizeReload (1022ms)
		ReleaseScriptCaches (0ms)
		RebuildScriptCaches (0ms)
		SetupLoadedEditorAssemblies (781ms)
			LogAssemblyErrors (0ms)
			InitializePlatformSupportModulesInManaged (15ms)
			SetLoadedEditorAssemblies (6ms)
			BeforeProcessingInitializeOnLoad (161ms)
			ProcessInitializeOnLoadAttributes (457ms)
			ProcessInitializeOnLoadMethodAttributes (135ms)
			AfterProcessingInitializeOnLoad (6ms)
			EditorAssembliesLoaded (1ms)
		ExecutionOrderSort2 (0ms)
		AwakeInstancesAfterBackupRestoration (31ms)
Refreshing native plugins compatible for Editor in 0.88 ms, found 3 plugins.
Preloading 0 native plugins for Editor in 0.00 ms.
Unloading 16 Unused Serialized files (Serialized files now loaded: 0)
Unloading 6182 unused Assets / (4.3 MB). Loaded Objects now: 7126.
Memory consumption went from 155.8 MB to 151.5 MB.
Total: 11.479400 ms (FindLiveObjects: 0.824200 ms CreateObjectMapping: 1.206200 ms MarkObjects: 6.525100 ms  DeleteObjects: 2.922900 ms)

Prepare: number of updated asset objects reloaded= 0
========================================================================
Received Import Request.
  Time since last request: 12.597384 seconds.
  path: Assets/UI/MenuUiElement.cs
  artifactKey: Guid(15ed44dce738f0045b442362f2e74447) Importer(815301076,1909f56bfc062723c751e8b465ee728b)
Start importing Assets/UI/MenuUiElement.cs using Guid(15ed44dce738f0045b442362f2e74447) Importer(815301076,1909f56bfc062723c751e8b465ee728b) (PreviewImporter) -> (artifact id: '9cd7bd280d91a7ad355b3f1896264773') in 0.0061324 seconds
Number of updated asset objects reloaded before import = 0Number of asset objects unloaded after import = 0

========================================================================
Received Prepare
Refreshing native plugins compatible for Editor in 1.09 ms, found 3 plugins.
Preloading 0 native plugins for Editor in 0.00 ms.
Unloading 16 Unused Serialized files (Serialized files now loaded: 0)
Unloading 6176 unused Assets / (4.4 MB). Loaded Objects now: 7126.
Memory consumption went from 155.8 MB to 151.4 MB.
Total: 14.801500 ms (FindLiveObjects: 0.938500 ms CreateObjectMapping: 1.581000 ms MarkObjects: 7.988200 ms  DeleteObjects: 4.291300 ms)

Prepare: number of updated asset objects reloaded= 0
========================================================================
Received Import Request.
  Time since last request: 98.330513 seconds.
  path: Assets/UI/MenuUiElement.cs
  artifactKey: Guid(15ed44dce738f0045b442362f2e74447) Importer(815301076,1909f56bfc062723c751e8b465ee728b)
Start importing Assets/UI/MenuUiElement.cs using Guid(15ed44dce738f0045b442362f2e74447) Importer(815301076,1909f56bfc062723c751e8b465ee728b) (PreviewImporter) -> (artifact id: '286b086d1a79de48615810b7593cd943') in 0.005797 seconds
Number of updated asset objects reloaded before import = 0Number of asset objects unloaded after import = 0

========================================================================
Received Prepare
Refreshing native plugins compatible for Editor in 0.88 ms, found 3 plugins.
Preloading 0 native plugins for Editor in 0.00 ms.
Unloading 16 Unused Serialized files (Serialized files now loaded: 0)
Unloading 6176 unused Assets / (4.1 MB). Loaded Objects now: 7126.
Memory consumption went from 155.8 MB to 151.7 MB.
Total: 12.772900 ms (FindLiveObjects: 0.868200 ms CreateObjectMapping: 1.421900 ms MarkObjects: 7.797400 ms  DeleteObjects: 2.684100 ms)

Prepare: number of updated asset objects reloaded= 0
========================================================================
Received Import Request.
  Time since last request: 37.131283 seconds.
  path: Assets/UI/MenuUiElement.cs
  artifactKey: Guid(15ed44dce738f0045b442362f2e74447) Importer(815301076,1909f56bfc062723c751e8b465ee728b)
Start importing Assets/UI/MenuUiElement.cs using Guid(15ed44dce738f0045b442362f2e74447) Importer(815301076,1909f56bfc062723c751e8b465ee728b) (PreviewImporter) -> (artifact id: 'c0e7652c951a6949cae769d16164ce51') in 0.0041772 seconds
Number of updated asset objects reloaded before import = 0Number of asset objects unloaded after import = 0

========================================================================
Received Prepare
Begin MonoManager ReloadAssembly
[Licensing::Client] Successfully resolved entitlement details
- Loaded All Assemblies, in  1.094 seconds
Refreshing native plugins compatible for Editor in 1.25 ms, found 3 plugins.
Native extension for iOS target not found
Native extension for Android target not found
Native extension for WindowsStandalone target not found
Native extension for OSXStandalone target not found
[Package Manager] Failed to launch server process. Reason: Unity was launched with the -noUpm command-line argument
[Package Manager] Unable to send message (not connected to server process).
[Package Manager] Cannot connect to Unity Package Manager local server
[Package Manager] Failed to launch server process. Reason: Unity was launched with the -noUpm command-line argument
[Package Manager] Unable to send message (not connected to server process).
[Package Manager] Cannot connect to Unity Package Manager local server
ScheduleIndexationOnStartup MainProcess:False IndexOnStartup:True
Mono: successfully reloaded assembly
- Finished resetting the current domain, in  1.192 seconds
Domain Reload Profiling: 2291ms
	BeginReloadAssembly (325ms)
		ExecutionOrderSort (0ms)
		DisableScriptedObjects (10ms)
		BackupInstance (0ms)
		ReleaseScriptingObjects (0ms)
		CreateAndSetChildDomain (73ms)
	RebuildCommonClasses (65ms)
	RebuildNativeTypeToScriptingClass (27ms)
	initialDomainReloadingComplete (36ms)
	LoadAllAssembliesAndSetupDomain (644ms)
		LoadAssemblies (509ms)
		RebuildTransferFunctionScriptingTraits (0ms)
		AnalyzeDomain (301ms)
			TypeCache.Refresh (20ms)
				TypeCache.ScanAssembly (0ms)
			BuildScriptInfoCaches (260ms)
			ResolveRequiredComponents (15ms)
	FinalizeReload (1193ms)
		ReleaseScriptCaches (0ms)
		RebuildScriptCaches (0ms)
		SetupLoadedEditorAssemblies (962ms)
			LogAssemblyErrors (0ms)
			InitializePlatformSupportModulesInManaged (18ms)
			SetLoadedEditorAssemblies (7ms)
			BeforeProcessingInitializeOnLoad (248ms)
			ProcessInitializeOnLoadAttributes (589ms)
			ProcessInitializeOnLoadMethodAttributes (96ms)
			AfterProcessingInitializeOnLoad (3ms)
			EditorAssembliesLoaded (0ms)
		ExecutionOrderSort2 (0ms)
		AwakeInstancesAfterBackupRestoration (24ms)
Refreshing native plugins compatible for Editor in 0.88 ms, found 3 plugins.
Preloading 0 native plugins for Editor in 0.00 ms.
Unloading 16 Unused Serialized files (Serialized files now loaded: 0)
Unloading 6182 unused Assets / (4.2 MB). Loaded Objects now: 7129.
Memory consumption went from 155.7 MB to 151.4 MB.
Total: 9.733700 ms (FindLiveObjects: 1.219900 ms CreateObjectMapping: 1.156100 ms MarkObjects: 4.970200 ms  DeleteObjects: 2.386400 ms)

Prepare: number of updated asset objects reloaded= 0
========================================================================
Received Prepare
Refreshing native plugins compatible for Editor in 1.17 ms, found 3 plugins.
Preloading 0 native plugins for Editor in 0.00 ms.
Unloading 16 Unused Serialized files (Serialized files now loaded: 0)
Unloading 6176 unused Assets / (4.3 MB). Loaded Objects now: 7129.
Memory consumption went from 155.8 MB to 151.6 MB.
Total: 11.384100 ms (FindLiveObjects: 0.863200 ms CreateObjectMapping: 1.459500 ms MarkObjects: 6.182800 ms  DeleteObjects: 2.877500 ms)

Prepare: number of updated asset objects reloaded= 0
========================================================================
Received Import Request.
  Time since last request: 26.682201 seconds.
  path: Assets/UI/MenuUiElement.cs
  artifactKey: Guid(15ed44dce738f0045b442362f2e74447) Importer(815301076,1909f56bfc062723c751e8b465ee728b)
Start importing Assets/UI/MenuUiElement.cs using Guid(15ed44dce738f0045b442362f2e74447) Importer(815301076,1909f56bfc062723c751e8b465ee728b) (PreviewImporter) -> (artifact id: 'e364ec6e890a89c85c6822bd7ee7dc7d') in 0.0086371 seconds
Number of updated asset objects reloaded before import = 0Number of asset objects unloaded after import = 0

========================================================================
Received Prepare
Begin MonoManager ReloadAssembly
- Loaded All Assemblies, in  0.932 seconds
Refreshing native plugins compatible for Editor in 0.75 ms, found 3 plugins.
Native extension for iOS target not found
Native extension for Android target not found
Native extension for WindowsStandalone target not found
Native extension for OSXStandalone target not found
[Package Manager] Failed to launch server process. Reason: Unity was launched with the -noUpm command-line argument
[Package Manager] Unable to send message (not connected to server process).
[Package Manager] Cannot connect to Unity Package Manager local server
[Package Manager] Failed to launch server process. Reason: Unity was launched with the -noUpm command-line argument
[Package Manager] Unable to send message (not connected to server process).
[Package Manager] Cannot connect to Unity Package Manager local server
ScheduleIndexationOnStartup MainProcess:False IndexOnStartup:True
Mono: successfully reloaded assembly
- Finished resetting the current domain, in  0.946 seconds
Domain Reload Profiling: 1883ms
	BeginReloadAssembly (254ms)
		ExecutionOrderSort (0ms)
		DisableScriptedObjects (8ms)
		BackupInstance (0ms)
		ReleaseScriptingObjects (0ms)
		CreateAndSetChildDomain (67ms)
	RebuildCommonClasses (44ms)
	RebuildNativeTypeToScriptingClass (17ms)
	initialDomainReloadingComplete (28ms)
	LoadAllAssembliesAndSetupDomain (594ms)
		LoadAssemblies (383ms)
		RebuildTransferFunctionScriptingTraits (0ms)
		AnalyzeDomain (323ms)
			TypeCache.Refresh (12ms)
				TypeCache.ScanAssembly (0ms)
			BuildScriptInfoCaches (289ms)
			ResolveRequiredComponents (14ms)
	FinalizeReload (946ms)
		ReleaseScriptCaches (0ms)
		RebuildScriptCaches (0ms)
		SetupLoadedEditorAssemblies (692ms)
			LogAssemblyErrors (0ms)
			InitializePlatformSupportModulesInManaged (19ms)
			SetLoadedEditorAssemblies (8ms)
			BeforeProcessingInitializeOnLoad (188ms)
			ProcessInitializeOnLoadAttributes (388ms)
			ProcessInitializeOnLoadMethodAttributes (87ms)
			AfterProcessingInitializeOnLoad (3ms)
			EditorAssembliesLoaded (0ms)
		ExecutionOrderSort2 (0ms)
		AwakeInstancesAfterBackupRestoration (20ms)
Refreshing native plugins compatible for Editor in 0.87 ms, found 3 plugins.
Preloading 0 native plugins for Editor in 0.00 ms.
Unloading 16 Unused Serialized files (Serialized files now loaded: 0)
Unloading 6182 unused Assets / (4.1 MB). Loaded Objects now: 7132.
Memory consumption went from 155.7 MB to 151.6 MB.
Total: 8.345000 ms (FindLiveObjects: 0.764300 ms CreateObjectMapping: 1.036900 ms MarkObjects: 4.505800 ms  DeleteObjects: 2.037300 ms)

Prepare: number of updated asset objects reloaded= 0
========================================================================
Received Prepare
Refreshing native plugins compatible for Editor in 2.21 ms, found 3 plugins.
Preloading 0 native plugins for Editor in 0.00 ms.
Unloading 16 Unused Serialized files (Serialized files now loaded: 0)
Unloading 6176 unused Assets / (5.2 MB). Loaded Objects now: 7132.
Memory consumption went from 155.9 MB to 150.7 MB.
Total: 27.902200 ms (FindLiveObjects: 1.356600 ms CreateObjectMapping: 3.976700 ms MarkObjects: 12.900800 ms  DeleteObjects: 9.666600 ms)

Prepare: number of updated asset objects reloaded= 0
========================================================================
Received Prepare
Begin MonoManager ReloadAssembly
[Licensing::Client] Successfully resolved entitlement details
- Loaded All Assemblies, in  2.489 seconds
Refreshing native plugins compatible for Editor in 0.74 ms, found 3 plugins.
Native extension for iOS target not found
Native extension for Android target not found
Native extension for WindowsStandalone target not found
Native extension for OSXStandalone target not found
[Package Manager] Failed to launch server process. Reason: Unity was launched with the -noUpm command-line argument
[Package Manager] Unable to send message (not connected to server process).
[Package Manager] Cannot connect to Unity Package Manager local server
[Package Manager] Failed to launch server process. Reason: Unity was launched with the -noUpm command-line argument
[Package Manager] Unable to send message (not connected to server process).
[Package Manager] Cannot connect to Unity Package Manager local server
ScheduleIndexationOnStartup MainProcess:False IndexOnStartup:True
Mono: successfully reloaded assembly
- Finished resetting the current domain, in  0.923 seconds
Domain Reload Profiling: 3418ms
	BeginReloadAssembly (570ms)
		ExecutionOrderSort (0ms)
		DisableScriptedObjects (13ms)
		BackupInstance (0ms)
		ReleaseScriptingObjects (0ms)
		CreateAndSetChildDomain (85ms)
	RebuildCommonClasses (242ms)
	RebuildNativeTypeToScriptingClass (52ms)
	initialDomainReloadingComplete (223ms)
	LoadAllAssembliesAndSetupDomain (1407ms)
		LoadAssemblies (1454ms)
		RebuildTransferFunctionScriptingTraits (0ms)
		AnalyzeDomain (331ms)
			TypeCache.Refresh (13ms)
				TypeCache.ScanAssembly (0ms)
			BuildScriptInfoCaches (294ms)
			ResolveRequiredComponents (16ms)
	FinalizeReload (924ms)
		ReleaseScriptCaches (0ms)
		RebuildScriptCaches (0ms)
		SetupLoadedEditorAssemblies (713ms)
			LogAssemblyErrors (0ms)
			InitializePlatformSupportModulesInManaged (13ms)
			SetLoadedEditorAssemblies (8ms)
			BeforeProcessingInitializeOnLoad (213ms)
			ProcessInitializeOnLoadAttributes (395ms)
			ProcessInitializeOnLoadMethodAttributes (81ms)
			AfterProcessingInitializeOnLoad (3ms)
			EditorAssembliesLoaded (0ms)
		ExecutionOrderSort2 (0ms)
		AwakeInstancesAfterBackupRestoration (21ms)
Refreshing native plugins compatible for Editor in 0.78 ms, found 3 plugins.
Preloading 0 native plugins for Editor in 0.00 ms.
Unloading 16 Unused Serialized files (Serialized files now loaded: 0)
Unloading 6182 unused Assets / (4.3 MB). Loaded Objects now: 7135.
Memory consumption went from 155.7 MB to 151.5 MB.
Total: 9.037600 ms (FindLiveObjects: 0.765100 ms CreateObjectMapping: 1.129500 ms MarkObjects: 4.899500 ms  DeleteObjects: 2.242700 ms)

Prepare: number of updated asset objects reloaded= 0
========================================================================
Received Prepare
Refreshing native plugins compatible for Editor in 1.08 ms, found 3 plugins.
Preloading 0 native plugins for Editor in 0.00 ms.
Unloading 16 Unused Serialized files (Serialized files now loaded: 0)
Unloading 6176 unused Assets / (4.3 MB). Loaded Objects now: 7135.
Memory consumption went from 155.9 MB to 151.6 MB.
Total: 11.866500 ms (FindLiveObjects: 1.178400 ms CreateObjectMapping: 1.604300 ms MarkObjects: 6.470800 ms  DeleteObjects: 2.611800 ms)

Prepare: number of updated asset objects reloaded= 0
========================================================================
Received Import Request.
  Time since last request: 87.013021 seconds.
  path: Assets/UI/MenuUiElement.cs
  artifactKey: Guid(15ed44dce738f0045b442362f2e74447) Importer(815301076,1909f56bfc062723c751e8b465ee728b)
Start importing Assets/UI/MenuUiElement.cs using Guid(15ed44dce738f0045b442362f2e74447) Importer(815301076,1909f56bfc062723c751e8b465ee728b) (PreviewImporter) -> (artifact id: '6adf764418eab2dee8f1ff263fd92b44') in 0.0290296 seconds
Number of updated asset objects reloaded before import = 0Number of asset objects unloaded after import = 0

========================================================================
Received Prepare
Begin MonoManager ReloadAssembly
- Loaded All Assemblies, in  0.834 seconds
Refreshing native plugins compatible for Editor in 0.99 ms, found 3 plugins.
Native extension for iOS target not found
Native extension for Android target not found
Native extension for WindowsStandalone target not found
Native extension for OSXStandalone target not found
[Package Manager] Failed to launch server process. Reason: Unity was launched with the -noUpm command-line argument
[Package Manager] Unable to send message (not connected to server process).
[Package Manager] Cannot connect to Unity Package Manager local server
[Package Manager] Failed to launch server process. Reason: Unity was launched with the -noUpm command-line argument
[Package Manager] Unable to send message (not connected to server process).
[Package Manager] Cannot connect to Unity Package Manager local server
ScheduleIndexationOnStartup MainProcess:False IndexOnStartup:True
Mono: successfully reloaded assembly
- Finished resetting the current domain, in  0.809 seconds
Domain Reload Profiling: 1647ms
	BeginReloadAssembly (243ms)
		ExecutionOrderSort (0ms)
		DisableScriptedObjects (8ms)
		BackupInstance (0ms)
		ReleaseScriptingObjects (0ms)
		CreateAndSetChildDomain (55ms)
	RebuildCommonClasses (52ms)
	RebuildNativeTypeToScriptingClass (20ms)
	initialDomainReloadingComplete (35ms)
	LoadAllAssembliesAndSetupDomain (488ms)
		LoadAssemblies (366ms)
		RebuildTransferFunctionScriptingTraits (0ms)
		AnalyzeDomain (235ms)
			TypeCache.Refresh (12ms)
				TypeCache.ScanAssembly (0ms)
			BuildScriptInfoCaches (203ms)
			ResolveRequiredComponents (14ms)
	FinalizeReload (809ms)
		ReleaseScriptCaches (0ms)
		RebuildScriptCaches (0ms)
		SetupLoadedEditorAssemblies (622ms)
			LogAssemblyErrors (0ms)
			InitializePlatformSupportModulesInManaged (12ms)
			SetLoadedEditorAssemblies (6ms)
			BeforeProcessingInitializeOnLoad (164ms)
			ProcessInitializeOnLoadAttributes (351ms)
			ProcessInitializeOnLoadMethodAttributes (84ms)
			AfterProcessingInitializeOnLoad (3ms)
			EditorAssembliesLoaded (0ms)
		ExecutionOrderSort2 (0ms)
		AwakeInstancesAfterBackupRestoration (19ms)
Refreshing native plugins compatible for Editor in 0.79 ms, found 3 plugins.
Preloading 0 native plugins for Editor in 0.00 ms.
Unloading 16 Unused Serialized files (Serialized files now loaded: 0)
Unloading 6182 unused Assets / (4.3 MB). Loaded Objects now: 7138.
Memory consumption went from 155.8 MB to 151.5 MB.
Total: 9.216800 ms (FindLiveObjects: 0.785600 ms CreateObjectMapping: 1.072300 ms MarkObjects: 4.858400 ms  DeleteObjects: 2.499600 ms)

Prepare: number of updated asset objects reloaded= 0
========================================================================
Received Prepare
Refreshing native plugins compatible for Editor in 1.12 ms, found 3 plugins.
Preloading 0 native plugins for Editor in 0.00 ms.
Unloading 16 Unused Serialized files (Serialized files now loaded: 0)
Unloading 6176 unused Assets / (4.4 MB). Loaded Objects now: 7138.
Memory consumption went from 156.0 MB to 151.6 MB.
Total: 12.693100 ms (FindLiveObjects: 0.979500 ms CreateObjectMapping: 1.439200 ms MarkObjects: 7.077900 ms  DeleteObjects: 3.195100 ms)

Prepare: number of updated asset objects reloaded= 0
========================================================================
Received Prepare
Begin MonoManager ReloadAssembly
[Licensing::Client] Successfully resolved entitlement details
- Loaded All Assemblies, in  1.041 seconds
Refreshing native plugins compatible for Editor in 0.92 ms, found 3 plugins.
Native extension for iOS target not found
Native extension for Android target not found
Native extension for WindowsStandalone target not found
Native extension for OSXStandalone target not found
[Package Manager] Failed to launch server process. Reason: Unity was launched with the -noUpm command-line argument
[Package Manager] Unable to send message (not connected to server process).
[Package Manager] Cannot connect to Unity Package Manager local server
[Package Manager] Failed to launch server process. Reason: Unity was launched with the -noUpm command-line argument
[Package Manager] Unable to send message (not connected to server process).
[Package Manager] Cannot connect to Unity Package Manager local server
ScheduleIndexationOnStartup MainProcess:False IndexOnStartup:True
Mono: successfully reloaded assembly
- Finished resetting the current domain, in  0.927 seconds
Domain Reload Profiling: 1973ms
	BeginReloadAssembly (351ms)
		ExecutionOrderSort (0ms)
		DisableScriptedObjects (10ms)
		BackupInstance (0ms)
		ReleaseScriptingObjects (0ms)
		CreateAndSetChildDomain (68ms)
	RebuildCommonClasses (64ms)
	RebuildNativeTypeToScriptingClass (22ms)
	initialDomainReloadingComplete (34ms)
	LoadAllAssembliesAndSetupDomain (573ms)
		LoadAssemblies (493ms)
		RebuildTransferFunctionScriptingTraits (0ms)
		AnalyzeDomain (267ms)
			TypeCache.Refresh (16ms)
				TypeCache.ScanAssembly (0ms)
			BuildScriptInfoCaches (231ms)
			ResolveRequiredComponents (15ms)
	FinalizeReload (928ms)
		ReleaseScriptCaches (0ms)
		RebuildScriptCaches (0ms)
		SetupLoadedEditorAssemblies (711ms)
			LogAssemblyErrors (0ms)
			InitializePlatformSupportModulesInManaged (15ms)
			SetLoadedEditorAssemblies (6ms)
			BeforeProcessingInitializeOnLoad (175ms)
			ProcessInitializeOnLoadAttributes (406ms)
			ProcessInitializeOnLoadMethodAttributes (102ms)
			AfterProcessingInitializeOnLoad (6ms)
			EditorAssembliesLoaded (0ms)
		ExecutionOrderSort2 (0ms)
		AwakeInstancesAfterBackupRestoration (24ms)
Refreshing native plugins compatible for Editor in 1.23 ms, found 3 plugins.
Preloading 0 native plugins for Editor in 0.00 ms.
Unloading 16 Unused Serialized files (Serialized files now loaded: 0)
Unloading 6182 unused Assets / (4.6 MB). Loaded Objects now: 7141.
Memory consumption went from 155.8 MB to 151.2 MB.
Total: 11.889400 ms (FindLiveObjects: 0.826300 ms CreateObjectMapping: 1.641800 ms MarkObjects: 6.278800 ms  DeleteObjects: 3.141300 ms)

Prepare: number of updated asset objects reloaded= 0
========================================================================
Received Import Request.
  Time since last request: 123.806512 seconds.
  path: Assets/UI Toolkit/PanelSettings.asset
  artifactKey: Guid(8131b7ec3b1e2cc458d455ec015b74d0) Importer(815301076,1909f56bfc062723c751e8b465ee728b)
Start importing Assets/UI Toolkit/PanelSettings.asset using Guid(8131b7ec3b1e2cc458d455ec015b74d0) Importer(815301076,1909f56bfc062723c751e8b465ee728b) (PreviewImporter) -> (artifact id: 'c7b5db73c0633b954a13d73c27be4190') in 0.0669347 seconds
Number of updated asset objects reloaded before import = 0Number of asset objects unloaded after import = 29

========================================================================
Received Prepare
Begin MonoManager ReloadAssembly
[Licensing::Client] Successfully resolved entitlement details
- Loaded All Assemblies, in  1.045 seconds
Refreshing native plugins compatible for Editor in 1.06 ms, found 3 plugins.
Native extension for iOS target not found
Native extension for Android target not found
Native extension for WindowsStandalone target not found
Native extension for OSXStandalone target not found
[Package Manager] Failed to launch server process. Reason: Unity was launched with the -noUpm command-line argument
[Package Manager] Unable to send message (not connected to server process).
[Package Manager] Cannot connect to Unity Package Manager local server
[Package Manager] Failed to launch server process. Reason: Unity was launched with the -noUpm command-line argument
[Package Manager] Unable to send message (not connected to server process).
[Package Manager] Cannot connect to Unity Package Manager local server
ScheduleIndexationOnStartup MainProcess:False IndexOnStartup:True
Mono: successfully reloaded assembly
- Finished resetting the current domain, in  0.884 seconds
Domain Reload Profiling: 1933ms
	BeginReloadAssembly (303ms)
		ExecutionOrderSort (0ms)
		DisableScriptedObjects (8ms)
		BackupInstance (0ms)
		ReleaseScriptingObjects (0ms)
		CreateAndSetChildDomain (68ms)
	RebuildCommonClasses (56ms)
	RebuildNativeTypeToScriptingClass (19ms)
	initialDomainReloadingComplete (29ms)
	LoadAllAssembliesAndSetupDomain (642ms)
		LoadAssemblies (521ms)
		RebuildTransferFunctionScriptingTraits (0ms)
		AnalyzeDomain (255ms)
			TypeCache.Refresh (10ms)
				TypeCache.ScanAssembly (0ms)
			BuildScriptInfoCaches (226ms)
			ResolveRequiredComponents (13ms)
	FinalizeReload (885ms)
		ReleaseScriptCaches (0ms)
		RebuildScriptCaches (0ms)
		SetupLoadedEditorAssemblies (678ms)
			LogAssemblyErrors (0ms)
			InitializePlatformSupportModulesInManaged (16ms)
			SetLoadedEditorAssemblies (8ms)
			BeforeProcessingInitializeOnLoad (193ms)
			ProcessInitializeOnLoadAttributes (378ms)
			ProcessInitializeOnLoadMethodAttributes (79ms)
			AfterProcessingInitializeOnLoad (5ms)
			EditorAssembliesLoaded (0ms)
		ExecutionOrderSort2 (0ms)
		AwakeInstancesAfterBackupRestoration (21ms)
Refreshing native plugins compatible for Editor in 1.23 ms, found 3 plugins.
Preloading 0 native plugins for Editor in 0.00 ms.
Unloading 16 Unused Serialized files (Serialized files now loaded: 0)
Unloading 6185 unused Assets / (4.5 MB). Loaded Objects now: 7145.
Memory consumption went from 156.0 MB to 151.5 MB.
Total: 10.283700 ms (FindLiveObjects: 0.906800 ms CreateObjectMapping: 1.131300 ms MarkObjects: 5.622800 ms  DeleteObjects: 2.621600 ms)

Prepare: number of updated asset objects reloaded= 0
========================================================================
Received Prepare
Refreshing native plugins compatible for Editor in 0.81 ms, found 3 plugins.
Preloading 0 native plugins for Editor in 0.00 ms.
Unloading 16 Unused Serialized files (Serialized files now loaded: 0)
Unloading 6176 unused Assets / (4.6 MB). Loaded Objects now: 7145.
Memory consumption went from 156.1 MB to 151.4 MB.
Total: 11.291300 ms (FindLiveObjects: 0.789900 ms CreateObjectMapping: 1.174100 ms MarkObjects: 5.491900 ms  DeleteObjects: 3.834600 ms)

Prepare: number of updated asset objects reloaded= 0
========================================================================
Received Prepare
Begin MonoManager ReloadAssembly
[Licensing::Client] Successfully resolved entitlement details
- Loaded All Assemblies, in  0.909 seconds
Refreshing native plugins compatible for Editor in 0.70 ms, found 3 plugins.
Native extension for iOS target not found
Native extension for Android target not found
Native extension for WindowsStandalone target not found
Native extension for OSXStandalone target not found
[Package Manager] Failed to launch server process. Reason: Unity was launched with the -noUpm command-line argument
[Package Manager] Unable to send message (not connected to server process).
[Package Manager] Cannot connect to Unity Package Manager local server
[Package Manager] Failed to launch server process. Reason: Unity was launched with the -noUpm command-line argument
[Package Manager] Unable to send message (not connected to server process).
[Package Manager] Cannot connect to Unity Package Manager local server
ScheduleIndexationOnStartup MainProcess:False IndexOnStartup:True
Mono: successfully reloaded assembly
- Finished resetting the current domain, in  0.897 seconds
Domain Reload Profiling: 1809ms
	BeginReloadAssembly (272ms)
		ExecutionOrderSort (0ms)
		DisableScriptedObjects (9ms)
		BackupInstance (0ms)
		ReleaseScriptingObjects (0ms)
		CreateAndSetChildDomain (57ms)
	RebuildCommonClasses (50ms)
	RebuildNativeTypeToScriptingClass (20ms)
	initialDomainReloadingComplete (34ms)
	LoadAllAssembliesAndSetupDomain (536ms)
		LoadAssemblies (405ms)
		RebuildTransferFunctionScriptingTraits (0ms)
		AnalyzeDomain (264ms)
			TypeCache.Refresh (15ms)
				TypeCache.ScanAssembly (0ms)
			BuildScriptInfoCaches (229ms)
			ResolveRequiredComponents (14ms)
	FinalizeReload (898ms)
		ReleaseScriptCaches (0ms)
		RebuildScriptCaches (0ms)
		SetupLoadedEditorAssemblies (672ms)
			LogAssemblyErrors (0ms)
			InitializePlatformSupportModulesInManaged (12ms)
			SetLoadedEditorAssemblies (5ms)
			BeforeProcessingInitializeOnLoad (184ms)
			ProcessInitializeOnLoadAttributes (382ms)
			ProcessInitializeOnLoadMethodAttributes (86ms)
			AfterProcessingInitializeOnLoad (3ms)
			EditorAssembliesLoaded (0ms)
		ExecutionOrderSort2 (0ms)
		AwakeInstancesAfterBackupRestoration (25ms)
Refreshing native plugins compatible for Editor in 1.15 ms, found 3 plugins.
Preloading 0 native plugins for Editor in 0.00 ms.
Unloading 16 Unused Serialized files (Serialized files now loaded: 0)
Unloading 6182 unused Assets / (4.1 MB). Loaded Objects now: 7148.
Memory consumption went from 155.9 MB to 151.9 MB.
Total: 10.767500 ms (FindLiveObjects: 1.365000 ms CreateObjectMapping: 1.666100 ms MarkObjects: 5.441300 ms  DeleteObjects: 2.294100 ms)

Prepare: number of updated asset objects reloaded= 0
========================================================================
Received Prepare
Begin MonoManager ReloadAssembly
- Loaded All Assemblies, in  0.938 seconds
Refreshing native plugins compatible for Editor in 0.80 ms, found 3 plugins.
Native extension for iOS target not found
Native extension for Android target not found
Native extension for WindowsStandalone target not found
Native extension for OSXStandalone target not found
[Package Manager] Failed to launch server process. Reason: Unity was launched with the -noUpm command-line argument
[Package Manager] Unable to send message (not connected to server process).
[Package Manager] Cannot connect to Unity Package Manager local server
[Package Manager] Failed to launch server process. Reason: Unity was launched with the -noUpm command-line argument
[Package Manager] Unable to send message (not connected to server process).
[Package Manager] Cannot connect to Unity Package Manager local server
ScheduleIndexationOnStartup MainProcess:False IndexOnStartup:True
Mono: successfully reloaded assembly
- Finished resetting the current domain, in  0.874 seconds
Domain Reload Profiling: 1817ms
	BeginReloadAssembly (241ms)
		ExecutionOrderSort (0ms)
		DisableScriptedObjects (8ms)
		BackupInstance (0ms)
		ReleaseScriptingObjects (0ms)
		CreateAndSetChildDomain (48ms)
	RebuildCommonClasses (50ms)
	RebuildNativeTypeToScriptingClass (23ms)
	initialDomainReloadingComplete (33ms)
	LoadAllAssembliesAndSetupDomain (594ms)
		LoadAssemblies (444ms)
		RebuildTransferFunctionScriptingTraits (0ms)
		AnalyzeDomain (269ms)
			TypeCache.Refresh (12ms)
				TypeCache.ScanAssembly (0ms)
			BuildScriptInfoCaches (238ms)
			ResolveRequiredComponents (13ms)
	FinalizeReload (875ms)
		ReleaseScriptCaches (0ms)
		RebuildScriptCaches (0ms)
		SetupLoadedEditorAssemblies (661ms)
			LogAssemblyErrors (0ms)
			InitializePlatformSupportModulesInManaged (14ms)
			SetLoadedEditorAssemblies (6ms)
			BeforeProcessingInitializeOnLoad (165ms)
			ProcessInitializeOnLoadAttributes (386ms)
			ProcessInitializeOnLoadMethodAttributes (86ms)
			AfterProcessingInitializeOnLoad (3ms)
			EditorAssembliesLoaded (0ms)
		ExecutionOrderSort2 (0ms)
		AwakeInstancesAfterBackupRestoration (20ms)
Refreshing native plugins compatible for Editor in 1.18 ms, found 3 plugins.
Preloading 0 native plugins for Editor in 0.00 ms.
Unloading 16 Unused Serialized files (Serialized files now loaded: 0)
Unloading 6182 unused Assets / (4.4 MB). Loaded Objects now: 7151.
Memory consumption went from 156.0 MB to 151.5 MB.
Total: 11.491400 ms (FindLiveObjects: 0.776000 ms CreateObjectMapping: 1.158900 ms MarkObjects: 5.362800 ms  DeleteObjects: 4.192300 ms)

Prepare: number of updated asset objects reloaded= 0
========================================================================
Received Prepare
Begin MonoManager ReloadAssembly
[Licensing::Client] Successfully resolved entitlement details
- Loaded All Assemblies, in  0.862 seconds
Refreshing native plugins compatible for Editor in 0.72 ms, found 3 plugins.
Native extension for iOS target not found
Native extension for Android target not found
Native extension for WindowsStandalone target not found
Native extension for OSXStandalone target not found
[Package Manager] Failed to launch server process. Reason: Unity was launched with the -noUpm command-line argument
[Package Manager] Unable to send message (not connected to server process).
[Package Manager] Cannot connect to Unity Package Manager local server
[Package Manager] Failed to launch server process. Reason: Unity was launched with the -noUpm command-line argument
[Package Manager] Unable to send message (not connected to server process).
[Package Manager] Cannot connect to Unity Package Manager local server
ScheduleIndexationOnStartup MainProcess:False IndexOnStartup:True
Mono: successfully reloaded assembly
- Finished resetting the current domain, in  0.780 seconds
Domain Reload Profiling: 1645ms
	BeginReloadAssembly (246ms)
		ExecutionOrderSort (0ms)
		DisableScriptedObjects (10ms)
		BackupInstance (0ms)
		ReleaseScriptingObjects (0ms)
		CreateAndSetChildDomain (50ms)
	RebuildCommonClasses (61ms)
	RebuildNativeTypeToScriptingClass (20ms)
	initialDomainReloadingComplete (29ms)
	LoadAllAssembliesAndSetupDomain (509ms)
		LoadAssemblies (372ms)
		RebuildTransferFunctionScriptingTraits (0ms)
		AnalyzeDomain (248ms)
			TypeCache.Refresh (9ms)
				TypeCache.ScanAssembly (0ms)
			BuildScriptInfoCaches (218ms)
			ResolveRequiredComponents (15ms)
	FinalizeReload (781ms)
		ReleaseScriptCaches (0ms)
		RebuildScriptCaches (0ms)
		SetupLoadedEditorAssemblies (591ms)
			LogAssemblyErrors (0ms)
			InitializePlatformSupportModulesInManaged (12ms)
			SetLoadedEditorAssemblies (5ms)
			BeforeProcessingInitializeOnLoad (146ms)
			ProcessInitializeOnLoadAttributes (350ms)
			ProcessInitializeOnLoadMethodAttributes (74ms)
			AfterProcessingInitializeOnLoad (3ms)
			EditorAssembliesLoaded (0ms)
		ExecutionOrderSort2 (0ms)
		AwakeInstancesAfterBackupRestoration (21ms)
Refreshing native plugins compatible for Editor in 0.86 ms, found 3 plugins.
Preloading 0 native plugins for Editor in 0.00 ms.
Unloading 16 Unused Serialized files (Serialized files now loaded: 0)
Unloading 6182 unused Assets / (4.4 MB). Loaded Objects now: 7154.
Memory consumption went from 156.0 MB to 151.6 MB.
Total: 11.101500 ms (FindLiveObjects: 0.963900 ms CreateObjectMapping: 1.481600 ms MarkObjects: 6.074200 ms  DeleteObjects: 2.580900 ms)

Prepare: number of updated asset objects reloaded= 0
========================================================================
Received Import Request.
  Time since last request: 302.822815 seconds.
  path: Assets/Scenes/SampleScene.unity
  artifactKey: Guid(99c9720ab356a0642a771bea13969a05) Importer(815301076,1909f56bfc062723c751e8b465ee728b)
Start importing Assets/Scenes/SampleScene.unity using Guid(99c9720ab356a0642a771bea13969a05) Importer(815301076,1909f56bfc062723c751e8b465ee728b) (PreviewImporter) -> (artifact id: 'c1d42d5380e06b5f80186df46e1f1376') in 0.0259171 seconds
Number of updated asset objects reloaded before import = 0Number of asset objects unloaded after import = 0

========================================================================
Received Import Request.
  Time since last request: 2.502639 seconds.
  path: Assets/Scripts/Units/Move.cs
  artifactKey: Guid(99d5b57e925745644ba71c68811c37d7) Importer(2089858483,b0f066a214c2f5e87bad3c948f4d605d)
Start importing Assets/Scripts/Units/Move.cs using Guid(99d5b57e925745644ba71c68811c37d7) Importer(2089858483,b0f066a214c2f5e87bad3c948f4d605d) (ScriptedImporter) -> (artifact id: 'fe4c7b8c60b45a87c2274a13ae5cad00') in 0.102541 seconds
Number of updated asset objects reloaded before import = 0Number of asset objects unloaded after import = 0

========================================================================
Received Import Request.
  Time since last request: 0.000027 seconds.
  path: Assets/UI Toolkit/UnityThemes
  artifactKey: Guid(48cf280b7d394b8478a39aabc7f6abab) Importer(2089858483,b0f066a214c2f5e87bad3c948f4d605d)
Start importing Assets/UI Toolkit/UnityThemes using Guid(48cf280b7d394b8478a39aabc7f6abab) Importer(2089858483,b0f066a214c2f5e87bad3c948f4d605d) (ScriptedImporter) -> (artifact id: '2005aa9b4083c5ab937ea3a85358c520') in 0.0102864 seconds
Number of updated asset objects reloaded before import = 0Number of asset objects unloaded after import = 1

========================================================================
Received Import Request.
  Time since last request: 0.000030 seconds.
  path: Assets/UI Toolkit/PanelSettings.asset
  artifactKey: Guid(8131b7ec3b1e2cc458d455ec015b74d0) Importer(2089858483,b0f066a214c2f5e87bad3c948f4d605d)
Start importing Assets/UI Toolkit/PanelSettings.asset using Guid(8131b7ec3b1e2cc458d455ec015b74d0) Importer(2089858483,b0f066a214c2f5e87bad3c948f4d605d) (ScriptedImporter) -> (artifact id: '27ceb402f79eac14fd3ecdd89e0e5a3d') in 0.0815033 seconds
Number of updated asset objects reloaded before import = 0Number of asset objects unloaded after import = 29

========================================================================
Received Import Request.
  Time since last request: 0.000022 seconds.
  path: Assets/UI/Baskerville Bold Italic.ttf
  artifactKey: Guid(246937c963ea7d74d8fd53073032ea2a) Importer(2089858483,b0f066a214c2f5e87bad3c948f4d605d)
Start importing Assets/UI/Baskerville Bold Italic.ttf using Guid(246937c963ea7d74d8fd53073032ea2a) Importer(2089858483,b0f066a214c2f5e87bad3c948f4d605d) (ScriptedImporter) -> (artifact id: '52e8b8aead3ae858d2636d0e8e4a2659') in 0.0335646 seconds
Number of updated asset objects reloaded before import = 0Number of asset objects unloaded after import = 3

========================================================================
Received Import Request.
  Time since last request: 0.000094 seconds.
  path: Assets/UI/MenuUiElement.cs
  artifactKey: Guid(15ed44dce738f0045b442362f2e74447) Importer(2089858483,b0f066a214c2f5e87bad3c948f4d605d)
Start importing Assets/UI/MenuUiElement.cs using Guid(15ed44dce738f0045b442362f2e74447) Importer(2089858483,b0f066a214c2f5e87bad3c948f4d605d) (ScriptedImporter) -> (artifact id: '5a6658934d18eaf204abae6d1c19c865') in 0.0121996 seconds
Number of updated asset objects reloaded before import = 0Number of asset objects unloaded after import = 0

========================================================================
Received Import Request.
  Time since last request: 0.000024 seconds.
  path: Assets/UI Toolkit
  artifactKey: Guid(d282864b3705e7c4ca6f5ceb31c3b5c3) Importer(2089858483,b0f066a214c2f5e87bad3c948f4d605d)
Start importing Assets/UI Toolkit using Guid(d282864b3705e7c4ca6f5ceb31c3b5c3) Importer(2089858483,b0f066a214c2f5e87bad3c948f4d605d) (ScriptedImporter) -> (artifact id: '1932bf63e27a235e24c80223acfb44f1') in 0.0106862 seconds
Number of updated asset objects reloaded before import = 0Number of asset objects unloaded after import = 1

========================================================================
Received Import Request.
  Time since last request: 3.469768 seconds.
  path: Assets/Scenes/MainScene.unity
  artifactKey: Guid(99c9720ab356a0642a771bea13969a05) Importer(815301076,1909f56bfc062723c751e8b465ee728b)
Start importing Assets/Scenes/MainScene.unity using Guid(99c9720ab356a0642a771bea13969a05) Importer(815301076,1909f56bfc062723c751e8b465ee728b) (PreviewImporter) -> (artifact id: '934676e2a614e88e863c873f2bda5ba4') in 0.0006896 seconds
Number of updated asset objects reloaded before import = 0Number of asset objects unloaded after import = 0

========================================================================
Received Import Request.
  Time since last request: 1.908268 seconds.
  path: Assets/Scenes/MainScene.unity
  artifactKey: Guid(99c9720ab356a0642a771bea13969a05) Importer(2089858483,b0f066a214c2f5e87bad3c948f4d605d)
Start importing Assets/Scenes/MainScene.unity using Guid(99c9720ab356a0642a771bea13969a05) Importer(2089858483,b0f066a214c2f5e87bad3c948f4d605d) (ScriptedImporter) -> (artifact id: 'f986b782b22df907afb614b2f18cc941') in 0.0130241 seconds
Number of updated asset objects reloaded before import = 0Number of asset objects unloaded after import = 1

========================================================================
Received Import Request.
  Time since last request: 9.652133 seconds.
  path: Assets/Settings/Mobile_Renderer.asset
  artifactKey: Guid(65bc7dbf4170f435aa868c779acfb082) Importer(815301076,1909f56bfc062723c751e8b465ee728b)
Start importing Assets/Settings/Mobile_Renderer.asset using Guid(65bc7dbf4170f435aa868c779acfb082) Importer(815301076,1909f56bfc062723c751e8b465ee728b) (PreviewImporter) -> (artifact id: 'd246be45d650b496251a8b2536b3002f') in 0.0177493 seconds
Number of updated asset objects reloaded before import = 0Number of asset objects unloaded after import = 1

========================================================================
Received Import Request.
  Time since last request: 0.000026 seconds.
  path: Assets/Settings/SampleSceneProfile.asset
  artifactKey: Guid(10fc4df2da32a41aaa32d77bc913491c) Importer(815301076,1909f56bfc062723c751e8b465ee728b)
Start importing Assets/Settings/SampleSceneProfile.asset using Guid(10fc4df2da32a41aaa32d77bc913491c) Importer(815301076,1909f56bfc062723c751e8b465ee728b) (PreviewImporter) -> (artifact id: 'b72c935079ba95563e246d02d57d535f') in 0.0011062 seconds
Number of updated asset objects reloaded before import = 0Number of asset objects unloaded after import = 0

========================================================================
Received Import Request.
  Time since last request: 6.767390 seconds.
  path: Assets/UI Toolkit/PanelSettings.asset
  artifactKey: Guid(8131b7ec3b1e2cc458d455ec015b74d0) Importer(815301076,1909f56bfc062723c751e8b465ee728b)
Start importing Assets/UI Toolkit/PanelSettings.asset using Guid(8131b7ec3b1e2cc458d455ec015b74d0) Importer(815301076,1909f56bfc062723c751e8b465ee728b) (PreviewImporter) -> (artifact id: 'abf9b69815216b36e0623945019d7cd3') in 0.0076584 seconds
Number of updated asset objects reloaded before import = 0Number of asset objects unloaded after import = 29

========================================================================
Received Import Request.
  Time since last request: 0.542298 seconds.
  path: Assets/UI Toolkit/UnityThemes/UnityDefaultRuntimeTheme.tss
  artifactKey: Guid(ef4e4d5a9b0926b43a8d646a50b1ace1) Importer(815301076,1909f56bfc062723c751e8b465ee728b)
Start importing Assets/UI Toolkit/UnityThemes/UnityDefaultRuntimeTheme.tss using Guid(ef4e4d5a9b0926b43a8d646a50b1ace1) Importer(815301076,1909f56bfc062723c751e8b465ee728b) (PreviewImporter) -> (artifact id: 'f0408094851c16117e962cf1500716c3') in 0.5850804 seconds
Number of updated asset objects reloaded before import = 0Number of asset objects unloaded after import = 29

========================================================================
Received Import Request.
  Time since last request: 3.925658 seconds.
  path: Assets/Assets/KayKit_ResourceBits_1.0_FREE/Assets/fbx/Copper_Bar.fbx
  artifactKey: Guid(1a791828b1d5eb74bb0670c0320ea1cd) Importer(815301076,1909f56bfc062723c751e8b465ee728b)
Start importing Assets/Assets/KayKit_ResourceBits_1.0_FREE/Assets/fbx/Copper_Bar.fbx using Guid(1a791828b1d5eb74bb0670c0320ea1cd) Importer(815301076,1909f56bfc062723c751e8b465ee728b) (PreviewImporter) -> (artifact id: 'b7d47caa769ba96e1b9b0ea6a66bda28') in 0.0695103 seconds
Number of updated asset objects reloaded before import = 0Number of asset objects unloaded after import = 9

========================================================================
Received Import Request.
  Time since last request: 0.000059 seconds.
  path: Assets/Assets/KayKit_ResourceBits_1.0_FREE/Assets/fbx/Copper_Bars_Stack_Medium.fbx
  artifactKey: Guid(6dd554ea5ad957f49abab8491db727aa) Importer(815301076,1909f56bfc062723c751e8b465ee728b)
Start importing Assets/Assets/KayKit_ResourceBits_1.0_FREE/Assets/fbx/Copper_Bars_Stack_Medium.fbx using Guid(6dd554ea5ad957f49abab8491db727aa) Importer(815301076,1909f56bfc062723c751e8b465ee728b) (PreviewImporter) -> (artifact id: '0691028cf1a4b0204524175084d1113a') in 0.0287036 seconds
Number of updated asset objects reloaded before import = 0Number of asset objects unloaded after import = 9

========================================================================
Received Import Request.
  Time since last request: 0.000027 seconds.
  path: Assets/Assets/KayKit_ResourceBits_1.0_FREE/Assets/fbx/Fuel_B_Barrel_Dirty.fbx
  artifactKey: Guid(5070134f078708a48966dcd65dbed6f6) Importer(815301076,1909f56bfc062723c751e8b465ee728b)
Start importing Assets/Assets/KayKit_ResourceBits_1.0_FREE/Assets/fbx/Fuel_B_Barrel_Dirty.fbx using Guid(5070134f078708a48966dcd65dbed6f6) Importer(815301076,1909f56bfc062723c751e8b465ee728b) (PreviewImporter) -> (artifact id: '59dc7ac196c425f770fb8cd7ad9830ee') in 0.0250789 seconds
Number of updated asset objects reloaded before import = 0Number of asset objects unloaded after import = 9

========================================================================
Received Import Request.
  Time since last request: 0.000049 seconds.
  path: Assets/Assets/KayKit_ResourceBits_1.0_FREE/Assets/fbx/Copper_Nugget_Small.fbx
  artifactKey: Guid(08f45d4c4b1653748bd8e247fa923944) Importer(815301076,1909f56bfc062723c751e8b465ee728b)
Start importing Assets/Assets/KayKit_ResourceBits_1.0_FREE/Assets/fbx/Copper_Nugget_Small.fbx using Guid(08f45d4c4b1653748bd8e247fa923944) Importer(815301076,1909f56bfc062723c751e8b465ee728b) (PreviewImporter) -> (artifact id: '39d5af4bb76e203eb13dd75cef6d09a9') in 0.025601 seconds
Number of updated asset objects reloaded before import = 0Number of asset objects unloaded after import = 9

========================================================================
Received Import Request.
  Time since last request: 0.000023 seconds.
  path: Assets/Assets/KayKit_ResourceBits_1.0_FREE/Assets/fbx/Fuel_A_Barrel_Dirty.fbx
  artifactKey: Guid(41a5902d501dc1941a57fca3bbd38d81) Importer(815301076,1909f56bfc062723c751e8b465ee728b)
Start importing Assets/Assets/KayKit_ResourceBits_1.0_FREE/Assets/fbx/Fuel_A_Barrel_Dirty.fbx using Guid(41a5902d501dc1941a57fca3bbd38d81) Importer(815301076,1909f56bfc062723c751e8b465ee728b) (PreviewImporter) -> (artifact id: '91e1835c6b9c2cc909c3b5fbdd184cef') in 0.0314679 seconds
Number of updated asset objects reloaded before import = 0Number of asset objects unloaded after import = 9

========================================================================
Received Import Request.
  Time since last request: 0.000023 seconds.
  path: Assets/Assets/KayKit_ResourceBits_1.0_FREE/Assets/fbx/Copper_Nuggets.fbx
  artifactKey: Guid(0f381d8b8092b47429d165978f3f470d) Importer(815301076,1909f56bfc062723c751e8b465ee728b)
Start importing Assets/Assets/KayKit_ResourceBits_1.0_FREE/Assets/fbx/Copper_Nuggets.fbx using Guid(0f381d8b8092b47429d165978f3f470d) Importer(815301076,1909f56bfc062723c751e8b465ee728b) (PreviewImporter) -> (artifact id: '0342ceb404c62859e24ab0ce1055c3ef') in 0.0246123 seconds
Number of updated asset objects reloaded before import = 0Number of asset objects unloaded after import = 9

========================================================================
Received Import Request.
  Time since last request: 0.000029 seconds.
  path: Assets/Assets/KayKit_ResourceBits_1.0_FREE/Assets/fbx/Fuel_A_Barrel.fbx
  artifactKey: Guid(e10ffc7fc621c2f4eb3382bf66e28fe2) Importer(815301076,1909f56bfc062723c751e8b465ee728b)
Start importing Assets/Assets/KayKit_ResourceBits_1.0_FREE/Assets/fbx/Fuel_A_Barrel.fbx using Guid(e10ffc7fc621c2f4eb3382bf66e28fe2) Importer(815301076,1909f56bfc062723c751e8b465ee728b) (PreviewImporter) -> (artifact id: 'e0d5bd4152d696fed5821bb6b9b0d4f3') in 0.0262313 seconds
Number of updated asset objects reloaded before import = 0Number of asset objects unloaded after import = 9

========================================================================
Received Import Request.
  Time since last request: 0.000044 seconds.
  path: Assets/Assets/KayKit_ResourceBits_1.0_FREE/Assets/fbx/Fuel_B_Barrel.fbx
  artifactKey: Guid(d839b627a2dc76e49af12a9aa3c0953a) Importer(815301076,1909f56bfc062723c751e8b465ee728b)
Start importing Assets/Assets/KayKit_ResourceBits_1.0_FREE/Assets/fbx/Fuel_B_Barrel.fbx using Guid(d839b627a2dc76e49af12a9aa3c0953a) Importer(815301076,1909f56bfc062723c751e8b465ee728b) (PreviewImporter) -> (artifact id: 'e2599ea941269ccfbf08c62fa7df9a02') in 0.0251483 seconds
Number of updated asset objects reloaded before import = 0Number of asset objects unloaded after import = 9

========================================================================
Received Import Request.
  Time since last request: 0.000024 seconds.
  path: Assets/Assets/KayKit_ResourceBits_1.0_FREE/Assets/fbx/Fuel_A_Barrels.fbx
  artifactKey: Guid(4bf16d8ab8cf8254aa5cb6d3bb7fe450) Importer(815301076,1909f56bfc062723c751e8b465ee728b)
Start importing Assets/Assets/KayKit_ResourceBits_1.0_FREE/Assets/fbx/Fuel_A_Barrels.fbx using Guid(4bf16d8ab8cf8254aa5cb6d3bb7fe450) Importer(815301076,1909f56bfc062723c751e8b465ee728b) (PreviewImporter) -> (artifact id: '7afacc9f2ae4c05087df07ace94be746') in 0.0305884 seconds
Number of updated asset objects reloaded before import = 0Number of asset objects unloaded after import = 9

========================================================================
Received Import Request.
  Time since last request: 0.000027 seconds.
  path: Assets/Assets/KayKit_ResourceBits_1.0_FREE/Assets/fbx/Fuel_A_Jerrycan.fbx
  artifactKey: Guid(44cf96028d88ec244842ad555528887f) Importer(815301076,1909f56bfc062723c751e8b465ee728b)
Start importing Assets/Assets/KayKit_ResourceBits_1.0_FREE/Assets/fbx/Fuel_A_Jerrycan.fbx using Guid(44cf96028d88ec244842ad555528887f) Importer(815301076,1909f56bfc062723c751e8b465ee728b) (PreviewImporter) -> (artifact id: '13a5d73c1c92780a1004dd1e933156bf') in 0.0275002 seconds
Number of updated asset objects reloaded before import = 0Number of asset objects unloaded after import = 9

========================================================================
Received Import Request.
  Time since last request: 0.000024 seconds.
  path: Assets/Assets/KayKit_ResourceBits_1.0_FREE/Assets/fbx/Copper_Nugget_Medium.fbx
  artifactKey: Guid(64f3850c2b7145d4dba5361d13a75aff) Importer(815301076,1909f56bfc062723c751e8b465ee728b)
Start importing Assets/Assets/KayKit_ResourceBits_1.0_FREE/Assets/fbx/Copper_Nugget_Medium.fbx using Guid(64f3850c2b7145d4dba5361d13a75aff) Importer(815301076,1909f56bfc062723c751e8b465ee728b) (PreviewImporter) -> (artifact id: 'b28ec7e0e7834027a143cbbafed3fbb1') in 0.0252424 seconds
Number of updated asset objects reloaded before import = 0Number of asset objects unloaded after import = 9

========================================================================
Received Import Request.
  Time since last request: 13.416353 seconds.
  path: Assets/Assets/KayKit_ResourceBits_1.0_FREE/Assets/obj/Iron_Bars_Stack_Medium.obj
  artifactKey: Guid(f039a300857d04d4790456678060f775) Importer(815301076,1909f56bfc062723c751e8b465ee728b)
Start importing Assets/Assets/KayKit_ResourceBits_1.0_FREE/Assets/obj/Iron_Bars_Stack_Medium.obj using Guid(f039a300857d04d4790456678060f775) Importer(815301076,1909f56bfc062723c751e8b465ee728b) (PreviewImporter) -> (artifact id: '05cae838fd6341d1020b1f870f29cb45') in 0.036648 seconds
Number of updated asset objects reloaded before import = 0Number of asset objects unloaded after import = 11

========================================================================
Received Import Request.
  Time since last request: 0.000029 seconds.
  path: Assets/Assets/KayKit_ResourceBits_1.0_FREE/Assets/obj/Iron_Nuggets.obj
  artifactKey: Guid(44be9dcf523182945805e96ef2e9efb7) Importer(815301076,1909f56bfc062723c751e8b465ee728b)
Start importing Assets/Assets/KayKit_ResourceBits_1.0_FREE/Assets/obj/Iron_Nuggets.obj using Guid(44be9dcf523182945805e96ef2e9efb7) Importer(815301076,1909f56bfc062723c751e8b465ee728b) (PreviewImporter) -> (artifact id: 'ebcbbc199e00d9bd20e9f1076dd2fd82') in 0.0365377 seconds
Number of updated asset objects reloaded before import = 0Number of asset objects unloaded after import = 11

========================================================================
Received Import Request.
  Time since last request: 0.000034 seconds.
  path: Assets/Assets/KayKit_ResourceBits_1.0_FREE/Assets/obj/Iron_Nugget_Small.obj
  artifactKey: Guid(cc37b56b3c3fb5746b66b682505f73ed) Importer(815301076,1909f56bfc062723c751e8b465ee728b)
Start importing Assets/Assets/KayKit_ResourceBits_1.0_FREE/Assets/obj/Iron_Nugget_Small.obj using Guid(cc37b56b3c3fb5746b66b682505f73ed) Importer(815301076,1909f56bfc062723c751e8b465ee728b) (PreviewImporter) -> (artifact id: '64260fed00d1bb921f38b64bc9bf94b0') in 0.0282965 seconds
Number of updated asset objects reloaded before import = 0Number of asset objects unloaded after import = 11

========================================================================
Received Import Request.
  Time since last request: 1.244457 seconds.
  path: Assets/Assets/KayKit_ResourceBits_1.0_FREE/Textures/resource_bits_texture.png
  artifactKey: Guid(c191279b0878a8045937d99f6964d77a) Importer(815301076,1909f56bfc062723c751e8b465ee728b)
Start importing Assets/Assets/KayKit_ResourceBits_1.0_FREE/Textures/resource_bits_texture.png using Guid(c191279b0878a8045937d99f6964d77a) Importer(815301076,1909f56bfc062723c751e8b465ee728b) (PreviewImporter)[Licensing::Client] Successfully resolved entitlement details
[Licensing::Client] Successfully resolved entitlement details
 -> (artifact id: 'a5f272566050cf2835739778af9390c9') in 0.02181 seconds
Number of updated asset objects reloaded before import = 0Number of asset objects unloaded after import = 2

========================================================================
Received Import Request.
  Time since last request: 53.765050 seconds.
  path: Assets/Assets/KayKit_Forest_Nature_Pack_1.0_FREE/Assets/gltf/Bush_2_D_Color1.bin
  artifactKey: Guid(3cb4e67d035bf2a4d82aef445f5d7049) Importer(2089858483,b0f066a214c2f5e87bad3c948f4d605d)
Start importing Assets/Assets/KayKit_Forest_Nature_Pack_1.0_FREE/Assets/gltf/Bush_2_D_Color1.bin using Guid(3cb4e67d035bf2a4d82aef445f5d7049) Importer(2089858483,b0f066a214c2f5e87bad3c948f4d605d) (ScriptedImporter) -> (artifact id: '468bf8ac3c58be7f0805d3e2d48ea860') in 0.0109899 seconds
Number of updated asset objects reloaded before import = 0Number of asset objects unloaded after import = 1

========================================================================
Received Import Request.
  Time since last request: 0.000029 seconds.
  path: Assets/Assets/KayKit_Forest_Nature_Pack_1.0_FREE/Assets/gltf/Tree_2_D_Color1.gltf
  artifactKey: Guid(a40848aff0410a84986d9e0e1e29f37d) Importer(2089858483,b0f066a214c2f5e87bad3c948f4d605d)
Start importing Assets/Assets/KayKit_Forest_Nature_Pack_1.0_FREE/Assets/gltf/Tree_2_D_Color1.gltf using Guid(a40848aff0410a84986d9e0e1e29f37d) Importer(2089858483,b0f066a214c2f5e87bad3c948f4d605d) (ScriptedImporter) -> (artifact id: '01bf9f1fa0bb9a64542916a316032f1f') in 0.0094472 seconds
Number of updated asset objects reloaded before import = 0Number of asset objects unloaded after import = 1

========================================================================
Received Import Request.
  Time since last request: 0.000032 seconds.
  path: Assets/Assets/KayKit_Forest_Nature_Pack_1.0_FREE/Assets/obj/Grass_2_B_Singlesided_Color1.obj
  artifactKey: Guid(cb7595f046608864e93b2c97aaa7c56f) Importer(2089858483,b0f066a214c2f5e87bad3c948f4d605d)
Start importing Assets/Assets/KayKit_Forest_Nature_Pack_1.0_FREE/Assets/obj/Grass_2_B_Singlesided_Color1.obj using Guid(cb7595f046608864e93b2c97aaa7c56f) Importer(2089858483,b0f066a214c2f5e87bad3c948f4d605d) (ScriptedImporter) -> (artifact id: '6e979eb2c9aeb69cf63012dac39935c0') in 0.0468754 seconds
Number of updated asset objects reloaded before import = 0Number of asset objects unloaded after import = 11

========================================================================
Received Import Request.
  Time since last request: 0.000027 seconds.
  path: Assets/Assets/KayKit_Forest_Nature_Pack_1.0_FREE/Assets/gltf/Bush_4_E_Color1.gltf
  artifactKey: Guid(c74401e2ab8afec489a3c1b9f291c9df) Importer(2089858483,b0f066a214c2f5e87bad3c948f4d605d)
Start importing Assets/Assets/KayKit_Forest_Nature_Pack_1.0_FREE/Assets/gltf/Bush_4_E_Color1.gltf using Guid(c74401e2ab8afec489a3c1b9f291c9df) Importer(2089858483,b0f066a214c2f5e87bad3c948f4d605d) (ScriptedImporter) -> (artifact id: '4031853fb55d4ebabc82f2f00ab1db53') in 0.0124498 seconds
Number of updated asset objects reloaded before import = 0Number of asset objects unloaded after import = 1

========================================================================
Received Import Request.
  Time since last request: 0.000031 seconds.
  path: Assets/Assets/KayKit_Forest_Nature_Pack_1.0_FREE/Assets/gltf/Rock_3_J_Color1.bin
  artifactKey: Guid(4e18901f70228174db517fb826a2c1ff) Importer(2089858483,b0f066a214c2f5e87bad3c948f4d605d)
Start importing Assets/Assets/KayKit_Forest_Nature_Pack_1.0_FREE/Assets/gltf/Rock_3_J_Color1.bin using Guid(4e18901f70228174db517fb826a2c1ff) Importer(2089858483,b0f066a214c2f5e87bad3c948f4d605d) (ScriptedImporter) -> (artifact id: 'a4696e3a6de8f9598a6e737ec8b40329') in 0.0122757 seconds
Number of updated asset objects reloaded before import = 0Number of asset objects unloaded after import = 1

========================================================================
Received Import Request.
  Time since last request: 0.000028 seconds.
  path: Assets/Assets/KayKit_Forest_Nature_Pack_1.0_FREE/Assets/gltf/Tree_Bare_1_A_Color1.bin
  artifactKey: Guid(b97ef755c8cff4b4691550371812e394) Importer(2089858483,b0f066a214c2f5e87bad3c948f4d605d)
Start importing Assets/Assets/KayKit_Forest_Nature_Pack_1.0_FREE/Assets/gltf/Tree_Bare_1_A_Color1.bin using Guid(b97ef755c8cff4b4691550371812e394) Importer(2089858483,b0f066a214c2f5e87bad3c948f4d605d) (ScriptedImporter) -> (artifact id: 'd444f42412304fdfa59490916ce505b2') in 0.0108986 seconds
Number of updated asset objects reloaded before import = 0Number of asset objects unloaded after import = 1

========================================================================
Received Import Request.
  Time since last request: 0.000049 seconds.
  path: Assets/Assets/KayKit_Forest_Nature_Pack_1.0_FREE/Assets/obj/Rock_1_F_Color1.obj
  artifactKey: Guid(af15d00ea596bfe429c9cf2a21c151c2) Importer(2089858483,b0f066a214c2f5e87bad3c948f4d605d)
Start importing Assets/Assets/KayKit_Forest_Nature_Pack_1.0_FREE/Assets/obj/Rock_1_F_Color1.obj using Guid(af15d00ea596bfe429c9cf2a21c151c2) Importer(2089858483,b0f066a214c2f5e87bad3c948f4d605d) (ScriptedImporter) -> (artifact id: 'd5fc0d3556325525b1158d872299b2c7') in 0.0193206 seconds
Number of updated asset objects reloaded before import = 0Number of asset objects unloaded after import = 11

========================================================================
Received Import Request.
  Time since last request: 0.000030 seconds.
  path: Assets/Assets/KayKit_Forest_Nature_Pack_1.0_FREE/Assets/fbx(unity)/Grass_1_C_Singlesided_Color1.fbx
  artifactKey: Guid(eff12129050d45b4295f5218e45db184) Importer(2089858483,b0f066a214c2f5e87bad3c948f4d605d)
Start importing Assets/Assets/KayKit_Forest_Nature_Pack_1.0_FREE/Assets/fbx(unity)/Grass_1_C_Singlesided_Color1.fbx using Guid(eff12129050d45b4295f5218e45db184) Importer(2089858483,b0f066a214c2f5e87bad3c948f4d605d) (ScriptedImporter) -> (artifact id: '635535dcf260b8c2c3d61f7d5550a13a') in 0.0389824 seconds
Number of updated asset objects reloaded before import = 0Number of asset objects unloaded after import = 9

========================================================================
Received Import Request.
  Time since last request: 0.000037 seconds.
  path: Assets/Assets/KayKit_Forest_Nature_Pack_1.0_FREE/Assets/obj/Rock_2_B_Color1.mtl
  artifactKey: Guid(00915982d85e8a44abd074ca29b5d7b1) Importer(2089858483,b0f066a214c2f5e87bad3c948f4d605d)
Start importing Assets/Assets/KayKit_Forest_Nature_Pack_1.0_FREE/Assets/obj/Rock_2_B_Color1.mtl using Guid(00915982d85e8a44abd074ca29b5d7b1) Importer(2089858483,b0f066a214c2f5e87bad3c948f4d605d) (ScriptedImporter) -> (artifact id: 'a3376bb5ba8458448f94c721868f47dd') in 0.0114498 seconds
Number of updated asset objects reloaded before import = 0Number of asset objects unloaded after import = 1

========================================================================
Received Import Request.
  Time since last request: 0.000042 seconds.
  path: Assets/Assets/KayKit_Forest_Nature_Pack_1.0_FREE/Assets/fbx/Tree_3_B_Color1.fbx
  artifactKey: Guid(f22554f470d9c374194dc2afe7972d5b) Importer(2089858483,b0f066a214c2f5e87bad3c948f4d605d)
Start importing Assets/Assets/KayKit_Forest_Nature_Pack_1.0_FREE/Assets/fbx/Tree_3_B_Color1.fbx using Guid(f22554f470d9c374194dc2afe7972d5b) Importer(2089858483,b0f066a214c2f5e87bad3c948f4d605d) (ScriptedImporter) -> (artifact id: '293eb61833903f4fed916be4296681f3') in 0.0209655 seconds
Number of updated asset objects reloaded before import = 0Number of asset objects unloaded after import = 9

========================================================================
Received Import Request.
  Time since last request: 0.000046 seconds.
  path: Assets/Assets/KayKit_Forest_Nature_Pack_1.0_FREE/Assets/fbx/Rock_1_D_Color1.fbx
  artifactKey: Guid(f1d65cd694ff9664a9d1042a507f2e4d) Importer(2089858483,b0f066a214c2f5e87bad3c948f4d605d)
Start importing Assets/Assets/KayKit_Forest_Nature_Pack_1.0_FREE/Assets/fbx/Rock_1_D_Color1.fbx using Guid(f1d65cd694ff9664a9d1042a507f2e4d) Importer(2089858483,b0f066a214c2f5e87bad3c948f4d605d) (ScriptedImporter) -> (artifact id: '84f735d9a7d283f51463b80ce13a45d3') in 0.0496257 seconds
Number of updated asset objects reloaded before import = 0Number of asset objects unloaded after import = 9

========================================================================
Received Import Request.
  Time since last request: 0.000034 seconds.
  path: Assets/Assets/KayKit_Forest_Nature_Pack_1.0_FREE/Assets/gltf/Rock_2_D_Color1.gltf
  artifactKey: Guid(e54742e93508b9e408d4862e5a10e49c) Importer(2089858483,b0f066a214c2f5e87bad3c948f4d605d)
Start importing Assets/Assets/KayKit_Forest_Nature_Pack_1.0_FREE/Assets/gltf/Rock_2_D_Color1.gltf using Guid(e54742e93508b9e408d4862e5a10e49c) Importer(2089858483,b0f066a214c2f5e87bad3c948f4d605d) (ScriptedImporter) -> (artifact id: 'e41dbd89c4fa727f4c24628c8da869d0') in 0.0135843 seconds
Number of updated asset objects reloaded before import = 0Number of asset objects unloaded after import = 1

========================================================================
Received Import Request.
  Time since last request: 0.000034 seconds.
  path: Assets/Assets/KayKit_Forest_Nature_Pack_1.0_FREE/Assets/obj/Grass_1_C_Color1.obj
  artifactKey: Guid(07da0805fcf44e9469ec1a8427659461) Importer(2089858483,b0f066a214c2f5e87bad3c948f4d605d)
Start importing Assets/Assets/KayKit_Forest_Nature_Pack_1.0_FREE/Assets/obj/Grass_1_C_Color1.obj using Guid(07da0805fcf44e9469ec1a8427659461) Importer(2089858483,b0f066a214c2f5e87bad3c948f4d605d) (ScriptedImporter) -> (artifact id: '33a4888300c8a3c0f6cb889a4e7e326d') in 0.0198556 seconds
Number of updated asset objects reloaded before import = 0Number of asset objects unloaded after import = 11

========================================================================
Received Import Request.
  Time since last request: 0.000034 seconds.
  path: Assets/Assets/KayKit_Forest_Nature_Pack_1.0_FREE/Assets/fbx(unity)/Bush_1_C_Color1.fbx
  artifactKey: Guid(23353e6036a386940813060d0dd54210) Importer(2089858483,b0f066a214c2f5e87bad3c948f4d605d)
Start importing Assets/Assets/KayKit_Forest_Nature_Pack_1.0_FREE/Assets/fbx(unity)/Bush_1_C_Color1.fbx using Guid(23353e6036a386940813060d0dd54210) Importer(2089858483,b0f066a214c2f5e87bad3c948f4d605d) (ScriptedImporter) -> (artifact id: 'a6dc229b734e800e2d796ce087e47214') in 0.0200683 seconds
Number of updated asset objects reloaded before import = 0Number of asset objects unloaded after import = 9

========================================================================
Received Import Request.
  Time since last request: 0.000047 seconds.
  path: Assets/Assets/KayKit_Forest_Nature_Pack_1.0_FREE/Assets/obj/Tree_3_C_Color1.obj
  artifactKey: Guid(2e42e0f936db04e46aab6c2d0f78db9c) Importer(2089858483,b0f066a214c2f5e87bad3c948f4d605d)
Start importing Assets/Assets/KayKit_Forest_Nature_Pack_1.0_FREE/Assets/obj/Tree_3_C_Color1.obj using Guid(2e42e0f936db04e46aab6c2d0f78db9c) Importer(2089858483,b0f066a214c2f5e87bad3c948f4d605d) (ScriptedImporter) -> (artifact id: 'e08e1bfb946f9cfe712f279339af8d95') in 0.0233487 seconds
Number of updated asset objects reloaded before import = 0Number of asset objects unloaded after import = 11

========================================================================
Received Import Request.
  Time since last request: 0.000032 seconds.
  path: Assets/Assets/KayKit_Forest_Nature_Pack_1.0_FREE/Assets/gltf/Grass_2_A_Singlesided_Color1.bin
  artifactKey: Guid(3b4c6fbf78d852a44970c02d4175e945) Importer(2089858483,b0f066a214c2f5e87bad3c948f4d605d)
Start importing Assets/Assets/KayKit_Forest_Nature_Pack_1.0_FREE/Assets/gltf/Grass_2_A_Singlesided_Color1.bin using Guid(3b4c6fbf78d852a44970c02d4175e945) Importer(2089858483,b0f066a214c2f5e87bad3c948f4d605d) (ScriptedImporter) -> (artifact id: '55be0215e58f494b5b47bef99f99402f') in 0.0127721 seconds
Number of updated asset objects reloaded before import = 0Number of asset objects unloaded after import = 1

========================================================================
Received Import Request.
  Time since last request: 0.000024 seconds.
  path: Assets/Assets/KayKit_Forest_Nature_Pack_1.0_FREE/Assets/fbx/Bush_2_D_Color1.fbx
  artifactKey: Guid(88a92f170e66bee449b7d8d992e131ff) Importer(2089858483,b0f066a214c2f5e87bad3c948f4d605d)
Start importing Assets/Assets/KayKit_Forest_Nature_Pack_1.0_FREE/Assets/fbx/Bush_2_D_Color1.fbx using Guid(88a92f170e66bee449b7d8d992e131ff) Importer(2089858483,b0f066a214c2f5e87bad3c948f4d605d) (ScriptedImporter) -> (artifact id: '31379b93532230ba8ed47060f1a97351') in 0.0230138 seconds
Number of updated asset objects reloaded before import = 0Number of asset objects unloaded after import = 9

========================================================================
Received Import Request.
  Time since last request: 0.000028 seconds.
  path: Assets/Assets/KayKit_Forest_Nature_Pack_1.0_FREE/Assets/fbx(unity)/Rock_3_H_Color1.fbx
  artifactKey: Guid(f87b835f497ff134a87266d5e9cf69e6) Importer(2089858483,b0f066a214c2f5e87bad3c948f4d605d)
Start importing Assets/Assets/KayKit_Forest_Nature_Pack_1.0_FREE/Assets/fbx(unity)/Rock_3_H_Color1.fbx using Guid(f87b835f497ff134a87266d5e9cf69e6) Importer(2089858483,b0f066a214c2f5e87bad3c948f4d605d) (ScriptedImporter) -> (artifact id: '7abf5685ec621af8c5a4a61f47738a22') in 0.0208202 seconds
Number of updated asset objects reloaded before import = 0Number of asset objects unloaded after import = 9

========================================================================
Received Import Request.
  Time since last request: 0.000040 seconds.
  path: Assets/Assets/KayKit_Forest_Nature_Pack_1.0_FREE/Assets/obj/Rock_3_F_Color1.obj
  artifactKey: Guid(4aa1cd879ebbc7b4d9bd0a1fdd43ba95) Importer(2089858483,b0f066a214c2f5e87bad3c948f4d605d)
Start importing Assets/Assets/KayKit_Forest_Nature_Pack_1.0_FREE/Assets/obj/Rock_3_F_Color1.obj using Guid(4aa1cd879ebbc7b4d9bd0a1fdd43ba95) Importer(2089858483,b0f066a214c2f5e87bad3c948f4d605d) (ScriptedImporter) -> (artifact id: 'e6e771c8b963cc15ed8180e8a96655f7') in 0.0206621 seconds
Number of updated asset objects reloaded before import = 0Number of asset objects unloaded after import = 11

========================================================================
Received Import Request.
  Time since last request: 0.000032 seconds.
  path: Assets/Assets/KayKit_Forest_Nature_Pack_1.0_FREE/Assets/fbx(unity)/Grass_2_D_Singlesided_Color1.fbx
  artifactKey: Guid(ce24de7ae703fb54ca464fdece94f174) Importer(2089858483,b0f066a214c2f5e87bad3c948f4d605d)
Start importing Assets/Assets/KayKit_Forest_Nature_Pack_1.0_FREE/Assets/fbx(unity)/Grass_2_D_Singlesided_Color1.fbx using Guid(ce24de7ae703fb54ca464fdece94f174) Importer(2089858483,b0f066a214c2f5e87bad3c948f4d605d) (ScriptedImporter) -> (artifact id: 'ee480b8c2fdaf9d1817f369f0f9ac67e') in 0.0195836 seconds
Number of updated asset objects reloaded before import = 0Number of asset objects unloaded after import = 9

========================================================================
Received Import Request.
  Time since last request: 0.000022 seconds.
  path: Assets/Assets/KayKit_Forest_Nature_Pack_1.0_FREE/Assets/gltf/Rock_2_C_Color1.bin
  artifactKey: Guid(479e3de11320ea04a9f5cf2a3b60c1d9) Importer(2089858483,b0f066a214c2f5e87bad3c948f4d605d)
Start importing Assets/Assets/KayKit_Forest_Nature_Pack_1.0_FREE/Assets/gltf/Rock_2_C_Color1.bin using Guid(479e3de11320ea04a9f5cf2a3b60c1d9) Importer(2089858483,b0f066a214c2f5e87bad3c948f4d605d) (ScriptedImporter) -> (artifact id: 'e45b19e45e92aaa4ae70982da2ee600e') in 0.0132624 seconds
Number of updated asset objects reloaded before import = 0Number of asset objects unloaded after import = 1

========================================================================
Received Import Request.
  Time since last request: 0.000029 seconds.
  path: Assets/Assets/KayKit_Forest_Nature_Pack_1.0_FREE/Assets/obj/Bush_4_A_Color1.obj
  artifactKey: Guid(0da85e632e9374d44bc0a706a3808f74) Importer(2089858483,b0f066a214c2f5e87bad3c948f4d605d)
Start importing Assets/Assets/KayKit_Forest_Nature_Pack_1.0_FREE/Assets/obj/Bush_4_A_Color1.obj using Guid(0da85e632e9374d44bc0a706a3808f74) Importer(2089858483,b0f066a214c2f5e87bad3c948f4d605d) (ScriptedImporter) -> (artifact id: '3e6124b7d73980e5645e9358c584891d') in 0.0194751 seconds
Number of updated asset objects reloaded before import = 0Number of asset objects unloaded after import = 11

========================================================================
Received Import Request.
  Time since last request: 0.000030 seconds.
  path: Assets/Assets/KayKit_Forest_Nature_Pack_1.0_FREE/Assets/obj/Grass_2_A_Singlesided_Color1.mtl
  artifactKey: Guid(272411971c3772a44a78474a9a4bcce1) Importer(2089858483,b0f066a214c2f5e87bad3c948f4d605d)
Start importing Assets/Assets/KayKit_Forest_Nature_Pack_1.0_FREE/Assets/obj/Grass_2_A_Singlesided_Color1.mtl using Guid(272411971c3772a44a78474a9a4bcce1) Importer(2089858483,b0f066a214c2f5e87bad3c948f4d605d) (ScriptedImporter) -> (artifact id: 'dfefc68d6ba0e2536f2c52cbe2d3d191') in 0.0123604 seconds
Number of updated asset objects reloaded before import = 0Number of asset objects unloaded after import = 1

========================================================================
Received Import Request.
  Time since last request: 0.000037 seconds.
  path: Assets/Assets/KayKit_Forest_Nature_Pack_1.0_FREE/Assets/fbx(unity)/Rock_1_B_Color1.fbx
  artifactKey: Guid(eeac967a538ed254dac82900e7b1371a) Importer(2089858483,b0f066a214c2f5e87bad3c948f4d605d)
Start importing Assets/Assets/KayKit_Forest_Nature_Pack_1.0_FREE/Assets/fbx(unity)/Rock_1_B_Color1.fbx using Guid(eeac967a538ed254dac82900e7b1371a) Importer(2089858483,b0f066a214c2f5e87bad3c948f4d605d) (ScriptedImporter) -> (artifact id: '1091445749140bd6f0dcf52d9a765014') in 0.021411 seconds
Number of updated asset objects reloaded before import = 0Number of asset objects unloaded after import = 9

========================================================================
Received Import Request.
  Time since last request: 0.000024 seconds.
  path: Assets/Assets/KayKit_Forest_Nature_Pack_1.0_FREE/Assets/fbx(unity)/Bush_4_F_Color1.fbx
  artifactKey: Guid(a3aeb60178ea33f4b8bcc8db16c5b1dd) Importer(2089858483,b0f066a214c2f5e87bad3c948f4d605d)
Start importing Assets/Assets/KayKit_Forest_Nature_Pack_1.0_FREE/Assets/fbx(unity)/Bush_4_F_Color1.fbx using Guid(a3aeb60178ea33f4b8bcc8db16c5b1dd) Importer(2089858483,b0f066a214c2f5e87bad3c948f4d605d) (ScriptedImporter) -> (artifact id: 'be26ebbcf5a5ae839b193bf4daf562f6') in 0.0218991 seconds
Number of updated asset objects reloaded before import = 0Number of asset objects unloaded after import = 9

========================================================================
Received Import Request.
  Time since last request: 0.000040 seconds.
  path: Assets/Assets/KayKit_Forest_Nature_Pack_1.0_FREE/Assets/fbx(unity)/Tree_4_C_Color1.fbx
  artifactKey: Guid(c8fbc9a67f2b4cd44a3de07cf8803b34) Importer(2089858483,b0f066a214c2f5e87bad3c948f4d605d)
Start importing Assets/Assets/KayKit_Forest_Nature_Pack_1.0_FREE/Assets/fbx(unity)/Tree_4_C_Color1.fbx using Guid(c8fbc9a67f2b4cd44a3de07cf8803b34) Importer(2089858483,b0f066a214c2f5e87bad3c948f4d605d) (ScriptedImporter) -> (artifact id: 'accaa02843a6f19c944ca0660eb43b50') in 0.0232562 seconds
Number of updated asset objects reloaded before import = 0Number of asset objects unloaded after import = 9

========================================================================
Received Import Request.
  Time since last request: 0.000029 seconds.
  path: Assets/Assets/KayKit_Forest_Nature_Pack_1.0_FREE/Assets/gltf/Rock_3_I_Color1.gltf
  artifactKey: Guid(c93289a513442664f9e77b7a6580f55a) Importer(2089858483,b0f066a214c2f5e87bad3c948f4d605d)
Start importing Assets/Assets/KayKit_Forest_Nature_Pack_1.0_FREE/Assets/gltf/Rock_3_I_Color1.gltf using Guid(c93289a513442664f9e77b7a6580f55a) Importer(2089858483,b0f066a214c2f5e87bad3c948f4d605d) (ScriptedImporter) -> (artifact id: 'a3d693c67d4086da7a4f83a97cc6d190') in 0.0125215 seconds
Number of updated asset objects reloaded before import = 0Number of asset objects unloaded after import = 1

========================================================================
Received Import Request.
  Time since last request: 0.000024 seconds.
  path: Assets/Assets/KayKit_Forest_Nature_Pack_1.0_FREE/Assets/fbx/Tree_2_B_Color1.fbx
  artifactKey: Guid(9eae5aa8d821c5f4e894dc1560e2a3b5) Importer(2089858483,b0f066a214c2f5e87bad3c948f4d605d)
Start importing Assets/Assets/KayKit_Forest_Nature_Pack_1.0_FREE/Assets/fbx/Tree_2_B_Color1.fbx using Guid(9eae5aa8d821c5f4e894dc1560e2a3b5) Importer(2089858483,b0f066a214c2f5e87bad3c948f4d605d) (ScriptedImporter) -> (artifact id: 'e688ee207fee4b582759c4faeb1e8e35') in 0.0208696 seconds
Number of updated asset objects reloaded before import = 0Number of asset objects unloaded after import = 9

========================================================================
Received Import Request.
  Time since last request: 0.000036 seconds.
  path: Assets/Assets/KayKit_Forest_Nature_Pack_1.0_FREE/Assets/gltf/Tree_4_A_Color1.gltf
  artifactKey: Guid(6cc217e802d946442b715ceb5d658c0c) Importer(2089858483,b0f066a214c2f5e87bad3c948f4d605d)
Start importing Assets/Assets/KayKit_Forest_Nature_Pack_1.0_FREE/Assets/gltf/Tree_4_A_Color1.gltf using Guid(6cc217e802d946442b715ceb5d658c0c) Importer(2089858483,b0f066a214c2f5e87bad3c948f4d605d) (ScriptedImporter) -> (artifact id: '108ed09c70664ea457339ec407b4e39f') in 0.0117627 seconds
Number of updated asset objects reloaded before import = 0Number of asset objects unloaded after import = 1

========================================================================
Received Import Request.
  Time since last request: 0.000024 seconds.
  path: Assets/Assets/KayKit_Forest_Nature_Pack_1.0_FREE/Assets/fbx/Grass_2_D_Color1.fbx
  artifactKey: Guid(42953ceda1553b748a40464e0f6facb3) Importer(2089858483,b0f066a214c2f5e87bad3c948f4d605d)
Start importing Assets/Assets/KayKit_Forest_Nature_Pack_1.0_FREE/Assets/fbx/Grass_2_D_Color1.fbx using Guid(42953ceda1553b748a40464e0f6facb3) Importer(2089858483,b0f066a214c2f5e87bad3c948f4d605d) (ScriptedImporter) -> (artifact id: 'e3c1ff2501470935a5d3b830b055ffec') in 0.0222862 seconds
Number of updated asset objects reloaded before import = 0Number of asset objects unloaded after import = 9

========================================================================
Received Import Request.
  Time since last request: 0.000026 seconds.
  path: Assets/Assets/KayKit_Forest_Nature_Pack_1.0_FREE/Assets/fbx/Rock_2_D_Color1.fbx
  artifactKey: Guid(b3030ac87067c5a4c831cfb6c87fe25e) Importer(2089858483,b0f066a214c2f5e87bad3c948f4d605d)
Start importing Assets/Assets/KayKit_Forest_Nature_Pack_1.0_FREE/Assets/fbx/Rock_2_D_Color1.fbx using Guid(b3030ac87067c5a4c831cfb6c87fe25e) Importer(2089858483,b0f066a214c2f5e87bad3c948f4d605d) (ScriptedImporter) -> (artifact id: '7c37a07d4846c4c8a60991597f7fb810') in 0.021647 seconds
Number of updated asset objects reloaded before import = 0Number of asset objects unloaded after import = 9

========================================================================
Received Import Request.
  Time since last request: 0.000026 seconds.
  path: Assets/Assets/KayKit_Forest_Nature_Pack_1.0_FREE/Assets/fbx/Grass_1_A_Color1.fbx
  artifactKey: Guid(f3ae385d59f4fdf47a4fe3f18a0fe6de) Importer(2089858483,b0f066a214c2f5e87bad3c948f4d605d)
Start importing Assets/Assets/KayKit_Forest_Nature_Pack_1.0_FREE/Assets/fbx/Grass_1_A_Color1.fbx using Guid(f3ae385d59f4fdf47a4fe3f18a0fe6de) Importer(2089858483,b0f066a214c2f5e87bad3c948f4d605d) (ScriptedImporter) -> (artifact id: '434a27e13168548a8b2abf1c08887c24') in 0.0213461 seconds
Number of updated asset objects reloaded before import = 0Number of asset objects unloaded after import = 9

========================================================================
Received Import Request.
  Time since last request: 0.000030 seconds.
  path: Assets/Assets/KayKit_Forest_Nature_Pack_1.0_FREE/Assets/gltf/Rock_3_L_Color1.gltf
  artifactKey: Guid(b7a9a4bbc15f6af4dbff16c3cecf565b) Importer(2089858483,b0f066a214c2f5e87bad3c948f4d605d)
Start importing Assets/Assets/KayKit_Forest_Nature_Pack_1.0_FREE/Assets/gltf/Rock_3_L_Color1.gltf using Guid(b7a9a4bbc15f6af4dbff16c3cecf565b) Importer(2089858483,b0f066a214c2f5e87bad3c948f4d605d) (ScriptedImporter) -> (artifact id: 'd28ce8e903ecffad4a267428cd6cd279') in 0.0126449 seconds
Number of updated asset objects reloaded before import = 0Number of asset objects unloaded after import = 1

========================================================================
Received Import Request.
  Time since last request: 0.000043 seconds.
  path: Assets/Assets/KayKit_Forest_Nature_Pack_1.0_FREE/Assets/gltf/Tree_3_C_Color1.gltf
  artifactKey: Guid(c8ad17abb6bd76b458f6bff3efec3adc) Importer(2089858483,b0f066a214c2f5e87bad3c948f4d605d)
Start importing Assets/Assets/KayKit_Forest_Nature_Pack_1.0_FREE/Assets/gltf/Tree_3_C_Color1.gltf using Guid(c8ad17abb6bd76b458f6bff3efec3adc) Importer(2089858483,b0f066a214c2f5e87bad3c948f4d605d) (ScriptedImporter) -> (artifact id: '7be4dbb4e36d20825d3ee104ee1f7e71') in 0.0147104 seconds
Number of updated asset objects reloaded before import = 0Number of asset objects unloaded after import = 1

========================================================================
Received Import Request.
  Time since last request: 0.000038 seconds.
  path: Assets/Assets/KayKit_Forest_Nature_Pack_1.0_FREE/Assets/fbx(unity)/Rock_3_R_Color1.fbx
  artifactKey: Guid(ec35e578937b4a84ca71a544228e2bfd) Importer(2089858483,b0f066a214c2f5e87bad3c948f4d605d)
Start importing Assets/Assets/KayKit_Forest_Nature_Pack_1.0_FREE/Assets/fbx(unity)/Rock_3_R_Color1.fbx using Guid(ec35e578937b4a84ca71a544228e2bfd) Importer(2089858483,b0f066a214c2f5e87bad3c948f4d605d) (ScriptedImporter) -> (artifact id: 'f8fa8f3caddc6ac6cf551e17eb73e8df') in 0.0206556 seconds
Number of updated asset objects reloaded before import = 0Number of asset objects unloaded after import = 9

========================================================================
Received Import Request.
  Time since last request: 0.000030 seconds.
  path: Assets/Assets/KayKit_Forest_Nature_Pack_1.0_FREE/Assets/fbx/Rock_3_N_Color1.fbx
  artifactKey: Guid(59451fdfe38eeea4b89f13ca0a6fa5f2) Importer(2089858483,b0f066a214c2f5e87bad3c948f4d605d)
Start importing Assets/Assets/KayKit_Forest_Nature_Pack_1.0_FREE/Assets/fbx/Rock_3_N_Color1.fbx using Guid(59451fdfe38eeea4b89f13ca0a6fa5f2) Importer(2089858483,b0f066a214c2f5e87bad3c948f4d605d) (ScriptedImporter) -> (artifact id: '8f819c5d11e2ac02d94aa032ae43a697') in 0.0200595 seconds
Number of updated asset objects reloaded before import = 0Number of asset objects unloaded after import = 9

========================================================================
Received Import Request.
  Time since last request: 0.000028 seconds.
  path: Assets/Assets/KayKit_Forest_Nature_Pack_1.0_FREE/Assets/obj/Bush_4_A_Color1.mtl
  artifactKey: Guid(230f962e84c13854e8b5d29f31023564) Importer(2089858483,b0f066a214c2f5e87bad3c948f4d605d)
Start importing Assets/Assets/KayKit_Forest_Nature_Pack_1.0_FREE/Assets/obj/Bush_4_A_Color1.mtl using Guid(230f962e84c13854e8b5d29f31023564) Importer(2089858483,b0f066a214c2f5e87bad3c948f4d605d) (ScriptedImporter) -> (artifact id: 'ad8d055585541ba831aa7e21617a142d') in 0.0113992 seconds
Number of updated asset objects reloaded before import = 0Number of asset objects unloaded after import = 1

========================================================================
Received Import Request.
  Time since last request: 0.000042 seconds.
  path: Assets/Assets/KayKit_Forest_Nature_Pack_1.0_FREE/Assets/fbx/Bush_1_F_Color1.fbx
  artifactKey: Guid(4cc9102380135034c890796fb9b7e651) Importer(2089858483,b0f066a214c2f5e87bad3c948f4d605d)
Start importing Assets/Assets/KayKit_Forest_Nature_Pack_1.0_FREE/Assets/fbx/Bush_1_F_Color1.fbx using Guid(4cc9102380135034c890796fb9b7e651) Importer(2089858483,b0f066a214c2f5e87bad3c948f4d605d) (ScriptedImporter) -> (artifact id: 'd7f5603bf06383ad68cf7b76935008d0') in 0.0229467 seconds
Number of updated asset objects reloaded before import = 0Number of asset objects unloaded after import = 9

========================================================================
Received Import Request.
  Time since last request: 0.000035 seconds.
  path: Assets/Assets/KayKit_Forest_Nature_Pack_1.0_FREE/Assets/gltf/Tree_Bare_1_C_Color1.gltf
  artifactKey: Guid(5af083b3dba30b84e9805ef34970cf17) Importer(2089858483,b0f066a214c2f5e87bad3c948f4d605d)
Start importing Assets/Assets/KayKit_Forest_Nature_Pack_1.0_FREE/Assets/gltf/Tree_Bare_1_C_Color1.gltf using Guid(5af083b3dba30b84e9805ef34970cf17) Importer(2089858483,b0f066a214c2f5e87bad3c948f4d605d) (ScriptedImporter) -> (artifact id: '4d0996f7a7ccf1cffdbe132cfc4e4d33') in 0.0137857 seconds
Number of updated asset objects reloaded before import = 0Number of asset objects unloaded after import = 1

========================================================================
Received Import Request.
  Time since last request: 0.000026 seconds.
  path: Assets/Assets/KayKit_Forest_Nature_Pack_1.0_FREE/Patreon.url
  artifactKey: Guid(8f128d02eaadc15468b4ea5fa84800d7) Importer(2089858483,b0f066a214c2f5e87bad3c948f4d605d)
Start importing Assets/Assets/KayKit_Forest_Nature_Pack_1.0_FREE/Patreon.url using Guid(8f128d02eaadc15468b4ea5fa84800d7) Importer(2089858483,b0f066a214c2f5e87bad3c948f4d605d) (ScriptedImporter) -> (artifact id: 'd95ab96bab96fb029f2ee3848361cfe0') in 0.01285 seconds
Number of updated asset objects reloaded before import = 0Number of asset objects unloaded after import = 1

========================================================================
Received Import Request.
  Time since last request: 0.000032 seconds.
  path: Assets/Assets/KayKit_Forest_Nature_Pack_1.0_FREE/Assets/fbx(unity)/Rock_1_A_Color1.fbx
  artifactKey: Guid(7f82e0d8739c8b0499c5a8f63726c608) Importer(2089858483,b0f066a214c2f5e87bad3c948f4d605d)
Start importing Assets/Assets/KayKit_Forest_Nature_Pack_1.0_FREE/Assets/fbx(unity)/Rock_1_A_Color1.fbx using Guid(7f82e0d8739c8b0499c5a8f63726c608) Importer(2089858483,b0f066a214c2f5e87bad3c948f4d605d) (ScriptedImporter) -> (artifact id: '07bbdf47bbffb624bbf82cabc932be2b') in 0.0186325 seconds
Number of updated asset objects reloaded before import = 0Number of asset objects unloaded after import = 9

========================================================================
Received Import Request.
  Time since last request: 0.000022 seconds.
  path: Assets/Assets/KayKit_Forest_Nature_Pack_1.0_FREE/Assets/fbx/Rock_3_I_Color1.fbx
  artifactKey: Guid(2b1383a4649516444a4e41937cd4dd72) Importer(2089858483,b0f066a214c2f5e87bad3c948f4d605d)
Start importing Assets/Assets/KayKit_Forest_Nature_Pack_1.0_FREE/Assets/fbx/Rock_3_I_Color1.fbx using Guid(2b1383a4649516444a4e41937cd4dd72) Importer(2089858483,b0f066a214c2f5e87bad3c948f4d605d) (ScriptedImporter) -> (artifact id: '89d3c59bd844e372ca5eb352a4c530fd') in 0.0207431 seconds
Number of updated asset objects reloaded before import = 0Number of asset objects unloaded after import = 9

========================================================================
Received Import Request.
  Time since last request: 0.000037 seconds.
  path: Assets/Assets/KayKit_Forest_Nature_Pack_1.0_FREE/Assets/gltf/Tree_2_C_Color1.gltf
  artifactKey: Guid(90dce3a93d0c48a4a88eabed681e3d67) Importer(2089858483,b0f066a214c2f5e87bad3c948f4d605d)
Start importing Assets/Assets/KayKit_Forest_Nature_Pack_1.0_FREE/Assets/gltf/Tree_2_C_Color1.gltf using Guid(90dce3a93d0c48a4a88eabed681e3d67) Importer(2089858483,b0f066a214c2f5e87bad3c948f4d605d) (ScriptedImporter) -> (artifact id: 'e0d26219cf3e054a68bea15eb3e10c99') in 0.0120213 seconds
Number of updated asset objects reloaded before import = 0Number of asset objects unloaded after import = 1

========================================================================
Received Import Request.
  Time since last request: 0.000043 seconds.
  path: Assets/Assets/KayKit_Forest_Nature_Pack_1.0_FREE/Assets/gltf/Rock_2_E_Color1.bin
  artifactKey: Guid(dd559192ed54798418dec5377d49687e) Importer(2089858483,b0f066a214c2f5e87bad3c948f4d605d)
Start importing Assets/Assets/KayKit_Forest_Nature_Pack_1.0_FREE/Assets/gltf/Rock_2_E_Color1.bin using Guid(dd559192ed54798418dec5377d49687e) Importer(2089858483,b0f066a214c2f5e87bad3c948f4d605d) (ScriptedImporter) -> (artifact id: '991e4e2b0f9588026348e33721da3f87') in 0.0120851 seconds
Number of updated asset objects reloaded before import = 0Number of asset objects unloaded after import = 1

========================================================================
Received Import Request.
  Time since last request: 0.000025 seconds.
  path: Assets/Assets/KayKit_Forest_Nature_Pack_1.0_FREE/Assets/gltf/Grass_1_D_Singlesided_Color1.gltf
  artifactKey: Guid(5eadcfc23a1905f4a89ed80a84718cd0) Importer(2089858483,b0f066a214c2f5e87bad3c948f4d605d)
Start importing Assets/Assets/KayKit_Forest_Nature_Pack_1.0_FREE/Assets/gltf/Grass_1_D_Singlesided_Color1.gltf using Guid(5eadcfc23a1905f4a89ed80a84718cd0) Importer(2089858483,b0f066a214c2f5e87bad3c948f4d605d) (ScriptedImporter) -> (artifact id: '760a69f28d91c3a468abb08c829fc5b3') in 0.0122138 seconds
Number of updated asset objects reloaded before import = 0Number of asset objects unloaded after import = 1

========================================================================
Received Import Request.
  Time since last request: 0.000030 seconds.
  path: Assets/Assets/KayKit_Forest_Nature_Pack_1.0_FREE/Assets/obj/Grass_2_D_Color1.obj
  artifactKey: Guid(ae83f0d7b2cfde34ca3fd4c870ff64aa) Importer(2089858483,b0f066a214c2f5e87bad3c948f4d605d)
Start importing Assets/Assets/KayKit_Forest_Nature_Pack_1.0_FREE/Assets/obj/Grass_2_D_Color1.obj using Guid(ae83f0d7b2cfde34ca3fd4c870ff64aa) Importer(2089858483,b0f066a214c2f5e87bad3c948f4d605d) (ScriptedImporter) -> (artifact id: 'c73dde91c84f1778b02cff199b0d8b85') in 0.0205873 seconds
Number of updated asset objects reloaded before import = 0Number of asset objects unloaded after import = 11

========================================================================
Received Import Request.
  Time since last request: 0.000026 seconds.
  path: Assets/Assets/KayKit_Forest_Nature_Pack_1.0_FREE/Assets/fbx(unity)
  artifactKey: Guid(1af3b6bd3258f944d9cbd09e5229721e) Importer(2089858483,b0f066a214c2f5e87bad3c948f4d605d)
Start importing Assets/Assets/KayKit_Forest_Nature_Pack_1.0_FREE/Assets/fbx(unity) using Guid(1af3b6bd3258f944d9cbd09e5229721e) Importer(2089858483,b0f066a214c2f5e87bad3c948f4d605d) (ScriptedImporter) -> (artifact id: 'ec80e0c6ddd51076ce52d2cc61f862fb') in 0.0121487 seconds
Number of updated asset objects reloaded before import = 0Number of asset objects unloaded after import = 1

========================================================================
Received Import Request.
  Time since last request: 0.000035 seconds.
  path: Assets/Assets/KayKit_Forest_Nature_Pack_1.0_FREE/Assets/gltf/Rock_1_I_Color1.bin
  artifactKey: Guid(df620e5c37290824b8dee30e824301b2) Importer(2089858483,b0f066a214c2f5e87bad3c948f4d605d)
Start importing Assets/Assets/KayKit_Forest_Nature_Pack_1.0_FREE/Assets/gltf/Rock_1_I_Color1.bin using Guid(df620e5c37290824b8dee30e824301b2) Importer(2089858483,b0f066a214c2f5e87bad3c948f4d605d) (ScriptedImporter) -> (artifact id: 'b272466561d526dd6aae38fb0af1571a') in 0.0133754 seconds
Number of updated asset objects reloaded before import = 0Number of asset objects unloaded after import = 1

========================================================================
Received Import Request.
  Time since last request: 0.000039 seconds.
  path: Assets/Assets/KayKit_Forest_Nature_Pack_1.0_FREE/Assets/fbx(unity)/Tree_Bare_2_B_Color1.fbx
  artifactKey: Guid(b87191aab6a5de5438be549e38a101a6) Importer(2089858483,b0f066a214c2f5e87bad3c948f4d605d)
Start importing Assets/Assets/KayKit_Forest_Nature_Pack_1.0_FREE/Assets/fbx(unity)/Tree_Bare_2_B_Color1.fbx using Guid(b87191aab6a5de5438be549e38a101a6) Importer(2089858483,b0f066a214c2f5e87bad3c948f4d605d) (ScriptedImporter) -> (artifact id: '526930f3c2b2e73e85103f0324c5848a') in 0.0238503 seconds
Number of updated asset objects reloaded before import = 0Number of asset objects unloaded after import = 9

========================================================================
Received Import Request.
  Time since last request: 0.000032 seconds.
  path: Assets/Assets/KayKit_Forest_Nature_Pack_1.0_FREE/Assets/obj/Rock_3_P_Color1.obj
  artifactKey: Guid(5cd475c7dbb47aa44b94ed6a11ffa44a) Importer(2089858483,b0f066a214c2f5e87bad3c948f4d605d)
Start importing Assets/Assets/KayKit_Forest_Nature_Pack_1.0_FREE/Assets/obj/Rock_3_P_Color1.obj using Guid(5cd475c7dbb47aa44b94ed6a11ffa44a) Importer(2089858483,b0f066a214c2f5e87bad3c948f4d605d) (ScriptedImporter) -> (artifact id: '8b42c59436bdc8b0e7fa4c08fcda8db4') in 0.0230279 seconds
Number of updated asset objects reloaded before import = 0Number of asset objects unloaded after import = 11

========================================================================
Received Import Request.
  Time since last request: 0.000032 seconds.
  path: Assets/Assets/KayKit_Forest_Nature_Pack_1.0_FREE/Assets/gltf/Tree_2_A_Color1.bin
  artifactKey: Guid(6191216e7f821db4f8e03674c237a67a) Importer(2089858483,b0f066a214c2f5e87bad3c948f4d605d)
Start importing Assets/Assets/KayKit_Forest_Nature_Pack_1.0_FREE/Assets/gltf/Tree_2_A_Color1.bin using Guid(6191216e7f821db4f8e03674c237a67a) Importer(2089858483,b0f066a214c2f5e87bad3c948f4d605d) (ScriptedImporter) -> (artifact id: '465f696299744b998e844d28d2ed61b1') in 0.014498 seconds
Number of updated asset objects reloaded before import = 0Number of asset objects unloaded after import = 1

========================================================================
Received Import Request.
  Time since last request: 0.000035 seconds.
  path: Assets/Assets/KayKit_Forest_Nature_Pack_1.0_FREE/Assets/obj/Bush_4_E_Color1.obj
  artifactKey: Guid(07f615794f378824d8c6314ef0fb5e8c) Importer(2089858483,b0f066a214c2f5e87bad3c948f4d605d)
Start importing Assets/Assets/KayKit_Forest_Nature_Pack_1.0_FREE/Assets/obj/Bush_4_E_Color1.obj using Guid(07f615794f378824d8c6314ef0fb5e8c) Importer(2089858483,b0f066a214c2f5e87bad3c948f4d605d) (ScriptedImporter) -> (artifact id: '4367ad3b227d4064bf938857e671525d') in 0.0224372 seconds
Number of updated asset objects reloaded before import = 0Number of asset objects unloaded after import = 11

========================================================================
Received Import Request.
  Time since last request: 0.000034 seconds.
  path: Assets/Assets/KayKit_Forest_Nature_Pack_1.0_FREE/Assets/obj/Rock_3_D_Color1.obj
  artifactKey: Guid(2a87716872a67ee4186e05bf6f190920) Importer(2089858483,b0f066a214c2f5e87bad3c948f4d605d)
Start importing Assets/Assets/KayKit_Forest_Nature_Pack_1.0_FREE/Assets/obj/Rock_3_D_Color1.obj using Guid(2a87716872a67ee4186e05bf6f190920) Importer(2089858483,b0f066a214c2f5e87bad3c948f4d605d) (ScriptedImporter) -> (artifact id: 'd1fa2f49d298eb3074c6ffd98a27c7db') in 0.0227028 seconds
Number of updated asset objects reloaded before import = 0Number of asset objects unloaded after import = 11

========================================================================
Received Import Request.
  Time since last request: 0.000048 seconds.
  path: Assets/Assets/KayKit_Forest_Nature_Pack_1.0_FREE/Assets/obj/Bush_2_F_Color1.mtl
  artifactKey: Guid(be3321b0fc3224948a87139d6ad23507) Importer(2089858483,b0f066a214c2f5e87bad3c948f4d605d)
Start importing Assets/Assets/KayKit_Forest_Nature_Pack_1.0_FREE/Assets/obj/Bush_2_F_Color1.mtl using Guid(be3321b0fc3224948a87139d6ad23507) Importer(2089858483,b0f066a214c2f5e87bad3c948f4d605d) (ScriptedImporter) -> (artifact id: 'c30df574c0b817ab7812f39341bd5d09') in 0.0137787 seconds
Number of updated asset objects reloaded before import = 0Number of asset objects unloaded after import = 1

========================================================================
Received Import Request.
  Time since last request: 0.000034 seconds.
  path: Assets/Assets/KayKit_Forest_Nature_Pack_1.0_FREE/Assets/fbx/Grass_1_B_Singlesided_Color1.fbx
  artifactKey: Guid(327bfcb144a7bfc4987b4710e3e515b2) Importer(2089858483,b0f066a214c2f5e87bad3c948f4d605d)
Start importing Assets/Assets/KayKit_Forest_Nature_Pack_1.0_FREE/Assets/fbx/Grass_1_B_Singlesided_Color1.fbx using Guid(327bfcb144a7bfc4987b4710e3e515b2) Importer(2089858483,b0f066a214c2f5e87bad3c948f4d605d) (ScriptedImporter) -> (artifact id: '0c4fe2aeecc5b9d65690c57441cc714e') in 0.0209798 seconds
Number of updated asset objects reloaded before import = 0Number of asset objects unloaded after import = 9

========================================================================
Received Import Request.
  Time since last request: 0.000127 seconds.
  path: Assets/Assets/KayKit_Forest_Nature_Pack_1.0_FREE/Assets/fbx(unity)/Rock_2_D_Color1.fbx
  artifactKey: Guid(319866bbc98310943a44ec6c0619a9ff) Importer(2089858483,b0f066a214c2f5e87bad3c948f4d605d)
Start importing Assets/Assets/KayKit_Forest_Nature_Pack_1.0_FREE/Assets/fbx(unity)/Rock_2_D_Color1.fbx using Guid(319866bbc98310943a44ec6c0619a9ff) Importer(2089858483,b0f066a214c2f5e87bad3c948f4d605d) (ScriptedImporter) -> (artifact id: '7961ad4702dec46e41a00098aa945ae4') in 0.0253935 seconds
Number of updated asset objects reloaded before import = 0Number of asset objects unloaded after import = 9

========================================================================
Received Import Request.
  Time since last request: 0.000037 seconds.
  path: Assets/Assets/KayKit_Forest_Nature_Pack_1.0_FREE/Assets/obj/Grass_2_A_Color1.obj
  artifactKey: Guid(3255db478c4419c4cb40af0223ad92ed) Importer(2089858483,b0f066a214c2f5e87bad3c948f4d605d)
Start importing Assets/Assets/KayKit_Forest_Nature_Pack_1.0_FREE/Assets/obj/Grass_2_A_Color1.obj using Guid(3255db478c4419c4cb40af0223ad92ed) Importer(2089858483,b0f066a214c2f5e87bad3c948f4d605d) (ScriptedImporter) -> (artifact id: '875eb5924b7dc89b7ca3494e8603c258') in 0.0360834 seconds
Number of updated asset objects reloaded before import = 0Number of asset objects unloaded after import = 11

========================================================================
Received Import Request.
  Time since last request: 0.000043 seconds.
  path: Assets/Assets/KayKit_Forest_Nature_Pack_1.0_FREE/Assets/gltf/Rock_1_J_Color1.gltf
  artifactKey: Guid(bfb6084824b95cb4d91ff6e82ad6c296) Importer(2089858483,b0f066a214c2f5e87bad3c948f4d605d)
Start importing Assets/Assets/KayKit_Forest_Nature_Pack_1.0_FREE/Assets/gltf/Rock_1_J_Color1.gltf using Guid(bfb6084824b95cb4d91ff6e82ad6c296) Importer(2089858483,b0f066a214c2f5e87bad3c948f4d605d) (ScriptedImporter) -> (artifact id: '525f192f6ccb60cab4d23759ebab0590') in 0.0149854 seconds
Number of updated asset objects reloaded before import = 0Number of asset objects unloaded after import = 1

========================================================================
Received Import Request.
  Time since last request: 0.000039 seconds.
  path: Assets/Assets/KayKit_Forest_Nature_Pack_1.0_FREE/Assets/gltf/Rock_3_B_Color1.gltf
  artifactKey: Guid(8036c5fd2e733c24a8792a24e599802e) Importer(2089858483,b0f066a214c2f5e87bad3c948f4d605d)
Start importing Assets/Assets/KayKit_Forest_Nature_Pack_1.0_FREE/Assets/gltf/Rock_3_B_Color1.gltf using Guid(8036c5fd2e733c24a8792a24e599802e) Importer(2089858483,b0f066a214c2f5e87bad3c948f4d605d) (ScriptedImporter) -> (artifact id: 'a0918c390983af2451a1b8e8a659bcd0') in 0.0156875 seconds
Number of updated asset objects reloaded before import = 0Number of asset objects unloaded after import = 1

========================================================================
Received Import Request.
  Time since last request: 0.000161 seconds.
  path: Assets/Assets/KayKit_Forest_Nature_Pack_1.0_FREE/Assets/obj/Bush_4_C_Color1.obj
  artifactKey: Guid(20c709f691d764a41b1f50a9406425af) Importer(2089858483,b0f066a214c2f5e87bad3c948f4d605d)
Start importing Assets/Assets/KayKit_Forest_Nature_Pack_1.0_FREE/Assets/obj/Bush_4_C_Color1.obj using Guid(20c709f691d764a41b1f50a9406425af) Importer(2089858483,b0f066a214c2f5e87bad3c948f4d605d) (ScriptedImporter) -> (artifact id: '3783daa5db8aa10b449595bf7b853476') in 0.0347457 seconds
Number of updated asset objects reloaded before import = 0Number of asset objects unloaded after import = 11

========================================================================
Received Import Request.
  Time since last request: 0.000074 seconds.
  path: Assets/Assets/KayKit_Forest_Nature_Pack_1.0_FREE/Assets/fbx/Bush_4_F_Color1.fbx
  artifactKey: Guid(9f14d6b59f2a4fa4d84e36911d4a9b17) Importer(2089858483,b0f066a214c2f5e87bad3c948f4d605d)
Start importing Assets/Assets/KayKit_Forest_Nature_Pack_1.0_FREE/Assets/fbx/Bush_4_F_Color1.fbx using Guid(9f14d6b59f2a4fa4d84e36911d4a9b17) Importer(2089858483,b0f066a214c2f5e87bad3c948f4d605d) (ScriptedImporter) -> (artifact id: '19c1bb61f70120310523734cb0706425') in 0.061656 seconds
Number of updated asset objects reloaded before import = 0Number of asset objects unloaded after import = 9

========================================================================
Received Import Request.
  Time since last request: 0.000053 seconds.
  path: Assets/Assets/KayKit_Forest_Nature_Pack_1.0_FREE/Assets/obj/Grass_1_C_Color1.mtl
  artifactKey: Guid(51da2befc90177a48849e1af4b638ed9) Importer(2089858483,b0f066a214c2f5e87bad3c948f4d605d)
Start importing Assets/Assets/KayKit_Forest_Nature_Pack_1.0_FREE/Assets/obj/Grass_1_C_Color1.mtl using Guid(51da2befc90177a48849e1af4b638ed9) Importer(2089858483,b0f066a214c2f5e87bad3c948f4d605d) (ScriptedImporter) -> (artifact id: '86b22dae068f562bab52608e3938f5d2') in 0.0165686 seconds
Number of updated asset objects reloaded before import = 0Number of asset objects unloaded after import = 1

========================================================================
Received Import Request.
  Time since last request: 0.000024 seconds.
  path: Assets/Assets/KayKit_Forest_Nature_Pack_1.0_FREE/Assets/obj/Tree_Bare_2_A_Color1.mtl
  artifactKey: Guid(d0cb310175a98934ca4ca3fb2e3e9804) Importer(2089858483,b0f066a214c2f5e87bad3c948f4d605d)
Start importing Assets/Assets/KayKit_Forest_Nature_Pack_1.0_FREE/Assets/obj/Tree_Bare_2_A_Color1.mtl using Guid(d0cb310175a98934ca4ca3fb2e3e9804) Importer(2089858483,b0f066a214c2f5e87bad3c948f4d605d) (ScriptedImporter) -> (artifact id: 'f325bb770c73308e461b025f6ab07f83') in 0.0149069 seconds
Number of updated asset objects reloaded before import = 0Number of asset objects unloaded after import = 1

========================================================================
Received Import Request.
  Time since last request: 0.000031 seconds.
  path: Assets/Assets/KayKit_Forest_Nature_Pack_1.0_FREE/Assets/obj/Tree_4_C_Color1.mtl
  artifactKey: Guid(01ea867777eb22a47b26164ba84da854) Importer(2089858483,b0f066a214c2f5e87bad3c948f4d605d)
Start importing Assets/Assets/KayKit_Forest_Nature_Pack_1.0_FREE/Assets/obj/Tree_4_C_Color1.mtl using Guid(01ea867777eb22a47b26164ba84da854) Importer(2089858483,b0f066a214c2f5e87bad3c948f4d605d) (ScriptedImporter) -> (artifact id: '3033c0b19859c8968f97ae5f0893fc91') in 0.0142847 seconds
Number of updated asset objects reloaded before import = 0Number of asset objects unloaded after import = 1

========================================================================
Received Import Request.
  Time since last request: 0.000034 seconds.
  path: Assets/Assets/KayKit_Forest_Nature_Pack_1.0_FREE/Assets/obj/Tree_2_B_Color1.obj
  artifactKey: Guid(cbd20da3f52ec0f4691a0e83cc4e2f86) Importer(2089858483,b0f066a214c2f5e87bad3c948f4d605d)
Start importing Assets/Assets/KayKit_Forest_Nature_Pack_1.0_FREE/Assets/obj/Tree_2_B_Color1.obj using Guid(cbd20da3f52ec0f4691a0e83cc4e2f86) Importer(2089858483,b0f066a214c2f5e87bad3c948f4d605d) (ScriptedImporter) -> (artifact id: 'af55b55da64572fca876384ff3839b6c') in 0.0169557 seconds
Number of updated asset objects reloaded before import = 0Number of asset objects unloaded after import = 11

========================================================================
Received Import Request.
  Time since last request: 0.000033 seconds.
  path: Assets/Assets/KayKit_Forest_Nature_Pack_1.0_FREE/Assets/fbx(unity)/Grass_2_B_Singlesided_Color1.fbx
  artifactKey: Guid(4e1e9ac849e9e8a49a5b36f38683c72b) Importer(2089858483,b0f066a214c2f5e87bad3c948f4d605d)
Start importing Assets/Assets/KayKit_Forest_Nature_Pack_1.0_FREE/Assets/fbx(unity)/Grass_2_B_Singlesided_Color1.fbx using Guid(4e1e9ac849e9e8a49a5b36f38683c72b) Importer(2089858483,b0f066a214c2f5e87bad3c948f4d605d) (ScriptedImporter) -> (artifact id: 'b40d09bd6b059b47cfb3c96b8605745a') in 0.0221218 seconds
Number of updated asset objects reloaded before import = 0Number of asset objects unloaded after import = 9

========================================================================
Received Import Request.
  Time since last request: 0.000031 seconds.
  path: Assets/Assets/KayKit_Forest_Nature_Pack_1.0_FREE/Assets/obj/Bush_1_F_Color1.mtl
  artifactKey: Guid(7c85c6adf8fd0c24582353cce1d3ddf9) Importer(2089858483,b0f066a214c2f5e87bad3c948f4d605d)
Start importing Assets/Assets/KayKit_Forest_Nature_Pack_1.0_FREE/Assets/obj/Bush_1_F_Color1.mtl using Guid(7c85c6adf8fd0c24582353cce1d3ddf9) Importer(2089858483,b0f066a214c2f5e87bad3c948f4d605d) (ScriptedImporter) -> (artifact id: 'b46c3da99bd28c4b19fb2e07db9a3438') in 0.0106408 seconds
Number of updated asset objects reloaded before import = 0Number of asset objects unloaded after import = 1

========================================================================
Received Import Request.
  Time since last request: 0.000025 seconds.
  path: Assets/Assets/KayKit_Forest_Nature_Pack_1.0_FREE/Assets/gltf/Tree_Bare_1_B_Color1.gltf
  artifactKey: Guid(9e7e4909411c3e942958aca0da9f166b) Importer(2089858483,b0f066a214c2f5e87bad3c948f4d605d)
Start importing Assets/Assets/KayKit_Forest_Nature_Pack_1.0_FREE/Assets/gltf/Tree_Bare_1_B_Color1.gltf using Guid(9e7e4909411c3e942958aca0da9f166b) Importer(2089858483,b0f066a214c2f5e87bad3c948f4d605d) (ScriptedImporter) -> (artifact id: '13baf60a8ed95bd26d5f7cb0b922d32b') in 0.0116981 seconds
Number of updated asset objects reloaded before import = 0Number of asset objects unloaded after import = 1

========================================================================
Received Import Request.
  Time since last request: 0.000039 seconds.
  path: Assets/Assets/KayKit_Forest_Nature_Pack_1.0_FREE/Assets/gltf/Rock_1_Q_Color1.gltf
  artifactKey: Guid(01bc9060faca4624bbd9a83f132a3d8c) Importer(2089858483,b0f066a214c2f5e87bad3c948f4d605d)
Start importing Assets/Assets/KayKit_Forest_Nature_Pack_1.0_FREE/Assets/gltf/Rock_1_Q_Color1.gltf using Guid(01bc9060faca4624bbd9a83f132a3d8c) Importer(2089858483,b0f066a214c2f5e87bad3c948f4d605d) (ScriptedImporter) -> (artifact id: 'f238b8ecb3579e800aa20e034b1c0414') in 0.0131654 seconds
Number of updated asset objects reloaded before import = 0Number of asset objects unloaded after import = 1

========================================================================
Received Import Request.
  Time since last request: 0.000035 seconds.
  path: Assets/Assets/KayKit_Forest_Nature_Pack_1.0_FREE/Assets
  artifactKey: Guid(590b9bf05111e074098a1f73b90a2a0c) Importer(2089858483,b0f066a214c2f5e87bad3c948f4d605d)
Start importing Assets/Assets/KayKit_Forest_Nature_Pack_1.0_FREE/Assets using Guid(590b9bf05111e074098a1f73b90a2a0c) Importer(2089858483,b0f066a214c2f5e87bad3c948f4d605d) (ScriptedImporter) -> (artifact id: '8215b85f7451694e0ee7e2f11fc9f4f9') in 0.0111702 seconds
Number of updated asset objects reloaded before import = 0Number of asset objects unloaded after import = 1

========================================================================
Received Import Request.
  Time since last request: 0.000039 seconds.
  path: Assets/Assets/KayKit_Forest_Nature_Pack_1.0_FREE/Assets/fbx/Tree_2_D_Color1.fbx
  artifactKey: Guid(5db23fd761e00544292f06324fea623e) Importer(2089858483,b0f066a214c2f5e87bad3c948f4d605d)
Start importing Assets/Assets/KayKit_Forest_Nature_Pack_1.0_FREE/Assets/fbx/Tree_2_D_Color1.fbx using Guid(5db23fd761e00544292f06324fea623e) Importer(2089858483,b0f066a214c2f5e87bad3c948f4d605d) (ScriptedImporter) -> (artifact id: '474c7d2d4817039404a633f60370b476') in 0.0230133 seconds
Number of updated asset objects reloaded before import = 0Number of asset objects unloaded after import = 9

========================================================================
Received Import Request.
  Time since last request: 0.000040 seconds.
  path: Assets/Assets/KayKit_Forest_Nature_Pack_1.0_FREE/Assets/gltf/Bush_1_A_Color1.bin
  artifactKey: Guid(4e0f00dcd42b9bc4bb8327e33ffff8d5) Importer(2089858483,b0f066a214c2f5e87bad3c948f4d605d)
Start importing Assets/Assets/KayKit_Forest_Nature_Pack_1.0_FREE/Assets/gltf/Bush_1_A_Color1.bin using Guid(4e0f00dcd42b9bc4bb8327e33ffff8d5) Importer(2089858483,b0f066a214c2f5e87bad3c948f4d605d) (ScriptedImporter) -> (artifact id: 'e51ef2e43bace00ca9336c14c08164b2') in 0.0166171 seconds
Number of updated asset objects reloaded before import = 0Number of asset objects unloaded after import = 1

========================================================================
Received Import Request.
  Time since last request: 0.000027 seconds.
  path: Assets/Assets/KayKit_Forest_Nature_Pack_1.0_FREE/Assets/gltf/Rock_2_B_Color1.gltf
  artifactKey: Guid(a2b2be8b25462e44fae29cf362fff46a) Importer(2089858483,b0f066a214c2f5e87bad3c948f4d605d)
Start importing Assets/Assets/KayKit_Forest_Nature_Pack_1.0_FREE/Assets/gltf/Rock_2_B_Color1.gltf using Guid(a2b2be8b25462e44fae29cf362fff46a) Importer(2089858483,b0f066a214c2f5e87bad3c948f4d605d) (ScriptedImporter) -> (artifact id: 'bb1fbef80f795c893d1d3b874b6f747e') in 0.0132085 seconds
Number of updated asset objects reloaded before import = 0Number of asset objects unloaded after import = 1

========================================================================
Received Import Request.
  Time since last request: 0.000048 seconds.
  path: Assets/Assets/KayKit_Forest_Nature_Pack_1.0_FREE/Assets/gltf/Tree_Bare_1_B_Color1.bin
  artifactKey: Guid(9b66adaf5faf3914bb24ba7a6c71f86f) Importer(2089858483,b0f066a214c2f5e87bad3c948f4d605d)
Start importing Assets/Assets/KayKit_Forest_Nature_Pack_1.0_FREE/Assets/gltf/Tree_Bare_1_B_Color1.bin using Guid(9b66adaf5faf3914bb24ba7a6c71f86f) Importer(2089858483,b0f066a214c2f5e87bad3c948f4d605d) (ScriptedImporter) -> (artifact id: '0df89fd43397e1048f7dc8fbd31e8567') in 0.0108175 seconds
Number of updated asset objects reloaded before import = 0Number of asset objects unloaded after import = 1

========================================================================
Received Import Request.
  Time since last request: 0.000037 seconds.
  path: Assets/Assets/KayKit_Forest_Nature_Pack_1.0_FREE/Assets/obj/Rock_3_L_Color1.mtl
  artifactKey: Guid(6f9ccedfd39278646bcbdb0c43457807) Importer(2089858483,b0f066a214c2f5e87bad3c948f4d605d)
Start importing Assets/Assets/KayKit_Forest_Nature_Pack_1.0_FREE/Assets/obj/Rock_3_L_Color1.mtl using Guid(6f9ccedfd39278646bcbdb0c43457807) Importer(2089858483,b0f066a214c2f5e87bad3c948f4d605d) (ScriptedImporter) -> (artifact id: '06be4c768078624c34ea1b5834ca6d02') in 0.0155912 seconds
Number of updated asset objects reloaded before import = 0Number of asset objects unloaded after import = 1

========================================================================
Received Import Request.
  Time since last request: 0.000027 seconds.
  path: Assets/Assets/KayKit_Forest_Nature_Pack_1.0_FREE/Assets/fbx(unity)/Tree_Bare_2_C_Color1.fbx
  artifactKey: Guid(b049f58f5b9a5c743a28f66a92854c01) Importer(2089858483,b0f066a214c2f5e87bad3c948f4d605d)
Start importing Assets/Assets/KayKit_Forest_Nature_Pack_1.0_FREE/Assets/fbx(unity)/Tree_Bare_2_C_Color1.fbx using Guid(b049f58f5b9a5c743a28f66a92854c01) Importer(2089858483,b0f066a214c2f5e87bad3c948f4d605d) (ScriptedImporter) -> (artifact id: '442c75a2de7cfecea124069d05fe85a7') in 0.0255079 seconds
Number of updated asset objects reloaded before import = 0Number of asset objects unloaded after import = 9

========================================================================
Received Import Request.
  Time since last request: 0.000023 seconds.
  path: Assets/Assets/KayKit_Forest_Nature_Pack_1.0_FREE/Assets/fbx/Tree_4_B_Color1.fbx
  artifactKey: Guid(c7f45c7d71e89924982f169d252a2c89) Importer(2089858483,b0f066a214c2f5e87bad3c948f4d605d)
Start importing Assets/Assets/KayKit_Forest_Nature_Pack_1.0_FREE/Assets/fbx/Tree_4_B_Color1.fbx using Guid(c7f45c7d71e89924982f169d252a2c89) Importer(2089858483,b0f066a214c2f5e87bad3c948f4d605d) (ScriptedImporter) -> (artifact id: 'd951f4911273ef9bb6465209b55d98cc') in 0.0237712 seconds
Number of updated asset objects reloaded before import = 0Number of asset objects unloaded after import = 9

========================================================================
Received Import Request.
  Time since last request: 0.000032 seconds.
  path: Assets/Assets/KayKit_Forest_Nature_Pack_1.0_FREE/Assets/gltf/Bush_1_G_Color1.gltf
  artifactKey: Guid(46060a6bfd96a074ab027ae4e1128a83) Importer(2089858483,b0f066a214c2f5e87bad3c948f4d605d)
Start importing Assets/Assets/KayKit_Forest_Nature_Pack_1.0_FREE/Assets/gltf/Bush_1_G_Color1.gltf using Guid(46060a6bfd96a074ab027ae4e1128a83) Importer(2089858483,b0f066a214c2f5e87bad3c948f4d605d) (ScriptedImporter) -> (artifact id: 'e3f0f52acdbbc5f885ff2d1f3068fc1b') in 0.011498 seconds
Number of updated asset objects reloaded before import = 0Number of asset objects unloaded after import = 1

========================================================================
Received Import Request.
  Time since last request: 0.000044 seconds.
  path: Assets/Assets/KayKit_Forest_Nature_Pack_1.0_FREE/Assets/gltf/Rock_1_L_Color1.bin
  artifactKey: Guid(6c38721f19a1678408030388c48b9512) Importer(2089858483,b0f066a214c2f5e87bad3c948f4d605d)
Start importing Assets/Assets/KayKit_Forest_Nature_Pack_1.0_FREE/Assets/gltf/Rock_1_L_Color1.bin using Guid(6c38721f19a1678408030388c48b9512) Importer(2089858483,b0f066a214c2f5e87bad3c948f4d605d) (ScriptedImporter) -> (artifact id: 'c724e8db9fa4acd940b91bd391831285') in 0.0115219 seconds
Number of updated asset objects reloaded before import = 0Number of asset objects unloaded after import = 1

========================================================================
Received Import Request.
  Time since last request: 0.000028 seconds.
  path: Assets/Assets/KayKit_Forest_Nature_Pack_1.0_FREE/Assets/gltf/Rock_1_K_Color1.gltf
  artifactKey: Guid(e63439e27b7589345b514c78c58f1be6) Importer(2089858483,b0f066a214c2f5e87bad3c948f4d605d)
Start importing Assets/Assets/KayKit_Forest_Nature_Pack_1.0_FREE/Assets/gltf/Rock_1_K_Color1.gltf using Guid(e63439e27b7589345b514c78c58f1be6) Importer(2089858483,b0f066a214c2f5e87bad3c948f4d605d) (ScriptedImporter) -> (artifact id: '6bfe10e5c960865a007919d255d3ccf9') in 0.0113383 seconds
Number of updated asset objects reloaded before import = 0Number of asset objects unloaded after import = 1

========================================================================
Received Import Request.
  Time since last request: 0.000028 seconds.
  path: Assets/Assets/KayKit_Forest_Nature_Pack_1.0_FREE/Assets/fbx/Tree_Bare_2_C_Color1.fbx
  artifactKey: Guid(3b4754b4450570145adf2cb17e08c9f9) Importer(2089858483,b0f066a214c2f5e87bad3c948f4d605d)
Start importing Assets/Assets/KayKit_Forest_Nature_Pack_1.0_FREE/Assets/fbx/Tree_Bare_2_C_Color1.fbx using Guid(3b4754b4450570145adf2cb17e08c9f9) Importer(2089858483,b0f066a214c2f5e87bad3c948f4d605d) (ScriptedImporter) -> (artifact id: 'b8da7bd697f71fcb4deba32c294c6439') in 0.0196424 seconds
Number of updated asset objects reloaded before import = 0Number of asset objects unloaded after import = 9

========================================================================
Received Import Request.
  Time since last request: 0.000042 seconds.
  path: Assets/Assets/KayKit_Forest_Nature_Pack_1.0_FREE/Assets/fbx/Bush_3_B_Color1.fbx
  artifactKey: Guid(84ca37269fe64924680a2c74cffbbde8) Importer(2089858483,b0f066a214c2f5e87bad3c948f4d605d)
Start importing Assets/Assets/KayKit_Forest_Nature_Pack_1.0_FREE/Assets/fbx/Bush_3_B_Color1.fbx using Guid(84ca37269fe64924680a2c74cffbbde8) Importer(2089858483,b0f066a214c2f5e87bad3c948f4d605d) (ScriptedImporter) -> (artifact id: 'fc45267173262c10f3bd3ae6a6c2f9c4') in 0.0204818 seconds
Number of updated asset objects reloaded before import = 0Number of asset objects unloaded after import = 9

========================================================================
Received Import Request.
  Time since last request: 0.000041 seconds.
  path: Assets/Assets/KayKit_Forest_Nature_Pack_1.0_FREE/Assets/gltf/Rock_1_N_Color1.gltf
  artifactKey: Guid(811d61d9ed9244f47821a453439497f5) Importer(2089858483,b0f066a214c2f5e87bad3c948f4d605d)
Start importing Assets/Assets/KayKit_Forest_Nature_Pack_1.0_FREE/Assets/gltf/Rock_1_N_Color1.gltf using Guid(811d61d9ed9244f47821a453439497f5) Importer(2089858483,b0f066a214c2f5e87bad3c948f4d605d) (ScriptedImporter) -> (artifact id: 'a06f08ac7cca74b31f07e3f0baf89416') in 0.0112182 seconds
Number of updated asset objects reloaded before import = 0Number of asset objects unloaded after import = 1

========================================================================
Received Import Request.
  Time since last request: 0.000029 seconds.
  path: Assets/Assets/KayKit_Forest_Nature_Pack_1.0_FREE/Assets/fbx/Bush_1_D_Color1.fbx
  artifactKey: Guid(a7bade7bd55b36642bb0d7d630c9ea9c) Importer(2089858483,b0f066a214c2f5e87bad3c948f4d605d)
Start importing Assets/Assets/KayKit_Forest_Nature_Pack_1.0_FREE/Assets/fbx/Bush_1_D_Color1.fbx using Guid(a7bade7bd55b36642bb0d7d630c9ea9c) Importer(2089858483,b0f066a214c2f5e87bad3c948f4d605d) (ScriptedImporter) -> (artifact id: '2eb778b478d4cee4769d00e8af45f75c') in 0.020458 seconds
Number of updated asset objects reloaded before import = 0Number of asset objects unloaded after import = 9

========================================================================
Received Import Request.
  Time since last request: 0.000030 seconds.
  path: Assets/Assets/KayKit_Forest_Nature_Pack_1.0_FREE/Assets/fbx/Rock_3_A_Color1.fbx
  artifactKey: Guid(5d0a4bfe3081f8d4d8660e42c34081fe) Importer(2089858483,b0f066a214c2f5e87bad3c948f4d605d)
Start importing Assets/Assets/KayKit_Forest_Nature_Pack_1.0_FREE/Assets/fbx/Rock_3_A_Color1.fbx using Guid(5d0a4bfe3081f8d4d8660e42c34081fe) Importer(2089858483,b0f066a214c2f5e87bad3c948f4d605d) (ScriptedImporter) -> (artifact id: '1135bc5a33e8362fd97177cc6d9fa84b') in 0.022417 seconds
Number of updated asset objects reloaded before import = 0Number of asset objects unloaded after import = 9

========================================================================
Received Import Request.
  Time since last request: 0.000026 seconds.
  path: Assets/Assets/KayKit_Forest_Nature_Pack_1.0_FREE/Assets/gltf/Bush_1_B_Color1.bin
  artifactKey: Guid(569b79074fd2ee64a85fecfcb8e9e725) Importer(2089858483,b0f066a214c2f5e87bad3c948f4d605d)
Start importing Assets/Assets/KayKit_Forest_Nature_Pack_1.0_FREE/Assets/gltf/Bush_1_B_Color1.bin using Guid(569b79074fd2ee64a85fecfcb8e9e725) Importer(2089858483,b0f066a214c2f5e87bad3c948f4d605d) (ScriptedImporter) -> (artifact id: '5191e97e6fbef6a07e987b1a884a8bc3') in 0.0111301 seconds
Number of updated asset objects reloaded before import = 0Number of asset objects unloaded after import = 1

========================================================================
Received Import Request.
  Time since last request: 0.000024 seconds.
  path: Assets/Assets/KayKit_Forest_Nature_Pack_1.0_FREE/Assets/obj/Grass_2_B_Color1.mtl
  artifactKey: Guid(3a01605403ac6764b9bad231ed82b1ed) Importer(2089858483,b0f066a214c2f5e87bad3c948f4d605d)
Start importing Assets/Assets/KayKit_Forest_Nature_Pack_1.0_FREE/Assets/obj/Grass_2_B_Color1.mtl using Guid(3a01605403ac6764b9bad231ed82b1ed) Importer(2089858483,b0f066a214c2f5e87bad3c948f4d605d) (ScriptedImporter) -> (artifact id: '2111add0c710a665465f218d0b7e3278') in 0.0113873 seconds
Number of updated asset objects reloaded before import = 0Number of asset objects unloaded after import = 1

========================================================================
Received Import Request.
  Time since last request: 0.000031 seconds.
  path: Assets/Assets/KayKit_Forest_Nature_Pack_1.0_FREE/Assets/obj/Rock_3_H_Color1.mtl
  artifactKey: Guid(1f0421ff6c2584a44a6967463b3061de) Importer(2089858483,b0f066a214c2f5e87bad3c948f4d605d)
Start importing Assets/Assets/KayKit_Forest_Nature_Pack_1.0_FREE/Assets/obj/Rock_3_H_Color1.mtl using Guid(1f0421ff6c2584a44a6967463b3061de) Importer(2089858483,b0f066a214c2f5e87bad3c948f4d605d) (ScriptedImporter) -> (artifact id: '058014c89ec774270a43d8238099eb79') in 0.0110209 seconds
Number of updated asset objects reloaded before import = 0Number of asset objects unloaded after import = 1

========================================================================
Received Import Request.
  Time since last request: 0.000038 seconds.
  path: Assets/Assets/KayKit_Forest_Nature_Pack_1.0_FREE/Assets/obj/Bush_4_B_Color1.mtl
  artifactKey: Guid(6f042bc0b3ce1f54da411b95ebd36b60) Importer(2089858483,b0f066a214c2f5e87bad3c948f4d605d)
Start importing Assets/Assets/KayKit_Forest_Nature_Pack_1.0_FREE/Assets/obj/Bush_4_B_Color1.mtl using Guid(6f042bc0b3ce1f54da411b95ebd36b60) Importer(2089858483,b0f066a214c2f5e87bad3c948f4d605d) (ScriptedImporter) -> (artifact id: 'f04b56b5b30368398cfad672e8c66d01') in 0.011617 seconds
Number of updated asset objects reloaded before import = 0Number of asset objects unloaded after import = 1

========================================================================
Received Import Request.
  Time since last request: 0.000030 seconds.
  path: Assets/Assets/KayKit_Forest_Nature_Pack_1.0_FREE/Assets/fbx(unity)/Rock_1_P_Color1.fbx
  artifactKey: Guid(704d92ca678189c409a4876f9b394cc3) Importer(2089858483,b0f066a214c2f5e87bad3c948f4d605d)
Start importing Assets/Assets/KayKit_Forest_Nature_Pack_1.0_FREE/Assets/fbx(unity)/Rock_1_P_Color1.fbx using Guid(704d92ca678189c409a4876f9b394cc3) Importer(2089858483,b0f066a214c2f5e87bad3c948f4d605d) (ScriptedImporter) -> (artifact id: 'dc01d9ef5277b583be7095da876c36f0') in 0.0213078 seconds
Number of updated asset objects reloaded before import = 0Number of asset objects unloaded after import = 9

========================================================================
Received Import Request.
  Time since last request: 0.000030 seconds.
  path: Assets/Assets/KayKit_Forest_Nature_Pack_1.0_FREE/Assets/fbx/Bush_1_C_Color1.fbx
  artifactKey: Guid(13c9747740bfbe84ca9e114dba183180) Importer(815301076,1909f56bfc062723c751e8b465ee728b)
Start importing Assets/Assets/KayKit_Forest_Nature_Pack_1.0_FREE/Assets/fbx/Bush_1_C_Color1.fbx using Guid(13c9747740bfbe84ca9e114dba183180) Importer(815301076,1909f56bfc062723c751e8b465ee728b) (PreviewImporter) -> (artifact id: '825effbf41060355366b7e21e14d00b3') in 0.0309596 seconds
Number of updated asset objects reloaded before import = 0Number of asset objects unloaded after import = 9

========================================================================
Received Import Request.
  Time since last request: 0.000028 seconds.
  path: Assets/Assets/KayKit_Forest_Nature_Pack_1.0_FREE/Assets/gltf/Tree_2_B_Color1.bin
  artifactKey: Guid(a4c3f6ff49e026848b2f19acc2233564) Importer(2089858483,b0f066a214c2f5e87bad3c948f4d605d)
Start importing Assets/Assets/KayKit_Forest_Nature_Pack_1.0_FREE/Assets/gltf/Tree_2_B_Color1.bin using Guid(a4c3f6ff49e026848b2f19acc2233564) Importer(2089858483,b0f066a214c2f5e87bad3c948f4d605d) (ScriptedImporter) -> (artifact id: '209079233b2bb0c837abc98834f77cfc') in 0.0118243 seconds
Number of updated asset objects reloaded before import = 0Number of asset objects unloaded after import = 1

========================================================================
Received Import Request.
  Time since last request: 0.000028 seconds.
  path: Assets/Assets/KayKit_Forest_Nature_Pack_1.0_FREE/Assets/fbx/Bush_1_E_Color1.fbx
  artifactKey: Guid(11f1ed17e9bcddd4f801699ed3a9755f) Importer(815301076,1909f56bfc062723c751e8b465ee728b)
Start importing Assets/Assets/KayKit_Forest_Nature_Pack_1.0_FREE/Assets/fbx/Bush_1_E_Color1.fbx using Guid(11f1ed17e9bcddd4f801699ed3a9755f) Importer(815301076,1909f56bfc062723c751e8b465ee728b) (PreviewImporter) -> (artifact id: 'a7716ccb39a2bfbcca1a4bb48cb291e5') in 0.0313841 seconds
Number of updated asset objects reloaded before import = 0Number of asset objects unloaded after import = 9

========================================================================
Received Import Request.
  Time since last request: 0.000046 seconds.
  path: Assets/Assets/KayKit_Forest_Nature_Pack_1.0_FREE/Assets/gltf/Grass_1_A_Color1.bin
  artifactKey: Guid(0ecf6381c6d110047996085554899b86) Importer(2089858483,b0f066a214c2f5e87bad3c948f4d605d)
Start importing Assets/Assets/KayKit_Forest_Nature_Pack_1.0_FREE/Assets/gltf/Grass_1_A_Color1.bin using Guid(0ecf6381c6d110047996085554899b86) Importer(2089858483,b0f066a214c2f5e87bad3c948f4d605d) (ScriptedImporter) -> (artifact id: '3ebbbeb750ecb15b2d061b35c5d00023') in 0.0120255 seconds
Number of updated asset objects reloaded before import = 0Number of asset objects unloaded after import = 1

========================================================================
Received Import Request.
  Time since last request: 0.000021 seconds.
  path: Assets/Assets/KayKit_Forest_Nature_Pack_1.0_FREE/Assets/obj/Bush_1_F_Color1.obj
  artifactKey: Guid(8752e0d8f88748a45b0b30867803dfbc) Importer(2089858483,b0f066a214c2f5e87bad3c948f4d605d)
Start importing Assets/Assets/KayKit_Forest_Nature_Pack_1.0_FREE/Assets/obj/Bush_1_F_Color1.obj using Guid(8752e0d8f88748a45b0b30867803dfbc) Importer(2089858483,b0f066a214c2f5e87bad3c948f4d605d) (ScriptedImporter) -> (artifact id: '69aa0d31be23007bacc36a75c2a7b137') in 0.0186116 seconds
Number of updated asset objects reloaded before import = 0Number of asset objects unloaded after import = 11

========================================================================
Received Import Request.
  Time since last request: 0.000030 seconds.
  path: Assets/Assets/KayKit_Forest_Nature_Pack_1.0_FREE/Assets/gltf/Rock_3_M_Color1.bin
  artifactKey: Guid(ba39753efee71934cad887669f71b5b0) Importer(2089858483,b0f066a214c2f5e87bad3c948f4d605d)
Start importing Assets/Assets/KayKit_Forest_Nature_Pack_1.0_FREE/Assets/gltf/Rock_3_M_Color1.bin using Guid(ba39753efee71934cad887669f71b5b0) Importer(2089858483,b0f066a214c2f5e87bad3c948f4d605d) (ScriptedImporter) -> (artifact id: 'abd3b08ff65e01101f7c831296cdec28') in 0.0145772 seconds
Number of updated asset objects reloaded before import = 0Number of asset objects unloaded after import = 1

========================================================================
Received Import Request.
  Time since last request: 0.000038 seconds.
  path: Assets/Assets/KayKit_Forest_Nature_Pack_1.0_FREE/Assets/fbx/Rock_3_Q_Color1.fbx
  artifactKey: Guid(303e647b1ea5b0c49a8ad5bc1731e27d) Importer(2089858483,b0f066a214c2f5e87bad3c948f4d605d)
Start importing Assets/Assets/KayKit_Forest_Nature_Pack_1.0_FREE/Assets/fbx/Rock_3_Q_Color1.fbx using Guid(303e647b1ea5b0c49a8ad5bc1731e27d) Importer(2089858483,b0f066a214c2f5e87bad3c948f4d605d) (ScriptedImporter) -> (artifact id: '22971c9d6e1b679325caf96e824e9bc3') in 0.0250593 seconds
Number of updated asset objects reloaded before import = 0Number of asset objects unloaded after import = 9

========================================================================
Received Import Request.
  Time since last request: 0.000026 seconds.
  path: Assets/Assets/KayKit_Forest_Nature_Pack_1.0_FREE/Assets/fbx/Bush_1_F_Color1.fbx
  artifactKey: Guid(4cc9102380135034c890796fb9b7e651) Importer(815301076,1909f56bfc062723c751e8b465ee728b)
Start importing Assets/Assets/KayKit_Forest_Nature_Pack_1.0_FREE/Assets/fbx/Bush_1_F_Color1.fbx using Guid(4cc9102380135034c890796fb9b7e651) Importer(815301076,1909f56bfc062723c751e8b465ee728b) (PreviewImporter) -> (artifact id: '0199f2b504449b3acca9720f72869087') in 0.0248914 seconds
Number of updated asset objects reloaded before import = 0Number of asset objects unloaded after import = 9

========================================================================
Received Import Request.
  Time since last request: 0.000040 seconds.
  path: Assets/Assets/KayKit_Forest_Nature_Pack_1.0_FREE/Assets/obj/Bush_3_A_Color1.obj
  artifactKey: Guid(2c745e3d8d3977244a4c9798195ff51d) Importer(2089858483,b0f066a214c2f5e87bad3c948f4d605d)
Start importing Assets/Assets/KayKit_Forest_Nature_Pack_1.0_FREE/Assets/obj/Bush_3_A_Color1.obj using Guid(2c745e3d8d3977244a4c9798195ff51d) Importer(2089858483,b0f066a214c2f5e87bad3c948f4d605d) (ScriptedImporter) -> (artifact id: '0b4bea817c97f064c47b1746de352283') in 0.0218848 seconds
Number of updated asset objects reloaded before import = 0Number of asset objects unloaded after import = 11

========================================================================
Received Import Request.
  Time since last request: 0.000025 seconds.
  path: Assets/Assets/KayKit_Forest_Nature_Pack_1.0_FREE/Assets/gltf/Rock_1_C_Color1.gltf
  artifactKey: Guid(e54579f536f01f843b238dd961569fc0) Importer(2089858483,b0f066a214c2f5e87bad3c948f4d605d)
Start importing Assets/Assets/KayKit_Forest_Nature_Pack_1.0_FREE/Assets/gltf/Rock_1_C_Color1.gltf using Guid(e54579f536f01f843b238dd961569fc0) Importer(2089858483,b0f066a214c2f5e87bad3c948f4d605d) (ScriptedImporter) -> (artifact id: '8652ebeb5b1202f46c2a996218e26d40') in 0.0120007 seconds
Number of updated asset objects reloaded before import = 0Number of asset objects unloaded after import = 1

========================================================================
Received Import Request.
  Time since last request: 0.000031 seconds.
  path: Assets/Assets/KayKit_Forest_Nature_Pack_1.0_FREE/Assets/obj/Rock_1_B_Color1.mtl
  artifactKey: Guid(9a1e4a76ad90c324b8a96369f8b218c6) Importer(2089858483,b0f066a214c2f5e87bad3c948f4d605d)
Start importing Assets/Assets/KayKit_Forest_Nature_Pack_1.0_FREE/Assets/obj/Rock_1_B_Color1.mtl using Guid(9a1e4a76ad90c324b8a96369f8b218c6) Importer(2089858483,b0f066a214c2f5e87bad3c948f4d605d) (ScriptedImporter) -> (artifact id: '5ac8ed87fff6290cd10f48573ec8f2f4') in 0.0119293 seconds
Number of updated asset objects reloaded before import = 0Number of asset objects unloaded after import = 1

========================================================================
Received Import Request.
  Time since last request: 0.000056 seconds.
  path: Assets/Assets/KayKit_Forest_Nature_Pack_1.0_FREE/Assets/gltf/Bush_1_D_Color1.gltf
  artifactKey: Guid(1de882e2395008d4897f26fe7741a705) Importer(2089858483,b0f066a214c2f5e87bad3c948f4d605d)
Start importing Assets/Assets/KayKit_Forest_Nature_Pack_1.0_FREE/Assets/gltf/Bush_1_D_Color1.gltf using Guid(1de882e2395008d4897f26fe7741a705) Importer(2089858483,b0f066a214c2f5e87bad3c948f4d605d) (ScriptedImporter) -> (artifact id: 'beadfa19496e7c2720c5290381a9d31e') in 0.0124155 seconds
Number of updated asset objects reloaded before import = 0Number of asset objects unloaded after import = 1

========================================================================
Received Import Request.
  Time since last request: 0.000028 seconds.
  path: Assets/Assets/KayKit_Forest_Nature_Pack_1.0_FREE/Assets/gltf/Rock_1_B_Color1.bin
  artifactKey: Guid(3b064138d14ce8e48af68d8b74c8c8f2) Importer(2089858483,b0f066a214c2f5e87bad3c948f4d605d)
Start importing Assets/Assets/KayKit_Forest_Nature_Pack_1.0_FREE/Assets/gltf/Rock_1_B_Color1.bin using Guid(3b064138d14ce8e48af68d8b74c8c8f2) Importer(2089858483,b0f066a214c2f5e87bad3c948f4d605d) (ScriptedImporter) -> (artifact id: '5baeb7a81b7514d0a7f96bea5ceda5d9') in 0.0118632 seconds
Number of updated asset objects reloaded before import = 0Number of asset objects unloaded after import = 1

========================================================================
Received Import Request.
  Time since last request: 0.000037 seconds.
  path: Assets/Assets/KayKit_Forest_Nature_Pack_1.0_FREE/Assets/obj/Rock_1_Q_Color1.obj
  artifactKey: Guid(2bcb4924e2df44d44a9a4c47b6711632) Importer(2089858483,b0f066a214c2f5e87bad3c948f4d605d)
Start importing Assets/Assets/KayKit_Forest_Nature_Pack_1.0_FREE/Assets/obj/Rock_1_Q_Color1.obj using Guid(2bcb4924e2df44d44a9a4c47b6711632) Importer(2089858483,b0f066a214c2f5e87bad3c948f4d605d) (ScriptedImporter) -> (artifact id: '7c249da7122cdbad35054fb13dd76e1a') in 0.0212555 seconds
Number of updated asset objects reloaded before import = 0Number of asset objects unloaded after import = 11

========================================================================
Received Import Request.
  Time since last request: 0.000028 seconds.
  path: Assets/Assets/KayKit_Forest_Nature_Pack_1.0_FREE/Assets/gltf/Rock_3_I_Color1.bin
  artifactKey: Guid(f397c3fb1739aff4e9bf343498200469) Importer(2089858483,b0f066a214c2f5e87bad3c948f4d605d)
Start importing Assets/Assets/KayKit_Forest_Nature_Pack_1.0_FREE/Assets/gltf/Rock_3_I_Color1.bin using Guid(f397c3fb1739aff4e9bf343498200469) Importer(2089858483,b0f066a214c2f5e87bad3c948f4d605d) (ScriptedImporter) -> (artifact id: '725b69b828c7459f9abccb0adadcb75c') in 0.012736 seconds
Number of updated asset objects reloaded before import = 0Number of asset objects unloaded after import = 1

========================================================================
Received Import Request.
  Time since last request: 0.000025 seconds.
  path: Assets/Assets/KayKit_Forest_Nature_Pack_1.0_FREE/Assets/obj/Rock_3_E_Color1.obj
  artifactKey: Guid(49e847a8af16de845942363e78d610f9) Importer(2089858483,b0f066a214c2f5e87bad3c948f4d605d)
Start importing Assets/Assets/KayKit_Forest_Nature_Pack_1.0_FREE/Assets/obj/Rock_3_E_Color1.obj using Guid(49e847a8af16de845942363e78d610f9) Importer(2089858483,b0f066a214c2f5e87bad3c948f4d605d) (ScriptedImporter) -> (artifact id: '3a774d20f74140b7a34f286f04651287') in 0.0220355 seconds
Number of updated asset objects reloaded before import = 0Number of asset objects unloaded after import = 11

========================================================================
Received Import Request.
  Time since last request: 0.000037 seconds.
  path: Assets/Assets/KayKit_Forest_Nature_Pack_1.0_FREE/Assets/fbx/Grass_2_D_Singlesided_Color1.fbx
  artifactKey: Guid(2f4a1bace79e0124c93a5dad0d31defe) Importer(2089858483,b0f066a214c2f5e87bad3c948f4d605d)
Start importing Assets/Assets/KayKit_Forest_Nature_Pack_1.0_FREE/Assets/fbx/Grass_2_D_Singlesided_Color1.fbx using Guid(2f4a1bace79e0124c93a5dad0d31defe) Importer(2089858483,b0f066a214c2f5e87bad3c948f4d605d) (ScriptedImporter) -> (artifact id: '9397b18b6fe271e1e8a615c5dac396c1') in 0.0248753 seconds
Number of updated asset objects reloaded before import = 0Number of asset objects unloaded after import = 9

========================================================================
Received Import Request.
  Time since last request: 0.000029 seconds.
  path: Assets/Assets/KayKit_Forest_Nature_Pack_1.0_FREE/Assets/fbx(unity)/Grass_1_A_Singlesided_Color1.fbx
  artifactKey: Guid(f70924f7372eca646b48a2d0ba80177a) Importer(2089858483,b0f066a214c2f5e87bad3c948f4d605d)
Start importing Assets/Assets/KayKit_Forest_Nature_Pack_1.0_FREE/Assets/fbx(unity)/Grass_1_A_Singlesided_Color1.fbx using Guid(f70924f7372eca646b48a2d0ba80177a) Importer(2089858483,b0f066a214c2f5e87bad3c948f4d605d) (ScriptedImporter) -> (artifact id: 'b39ff15ca86845ec9cc9623739d9038a') in 0.0216169 seconds
Number of updated asset objects reloaded before import = 0Number of asset objects unloaded after import = 9

========================================================================
Received Import Request.
  Time since last request: 0.000041 seconds.
  path: Assets/Assets/KayKit_Forest_Nature_Pack_1.0_FREE/Assets/gltf/Rock_1_E_Color1.bin
  artifactKey: Guid(ff2898c0ce301504e9c6fb045d7353a9) Importer(2089858483,b0f066a214c2f5e87bad3c948f4d605d)
Start importing Assets/Assets/KayKit_Forest_Nature_Pack_1.0_FREE/Assets/gltf/Rock_1_E_Color1.bin using Guid(ff2898c0ce301504e9c6fb045d7353a9) Importer(2089858483,b0f066a214c2f5e87bad3c948f4d605d) (ScriptedImporter) -> (artifact id: '0d52c0d55964cc83862a78827062d55d') in 0.012754 seconds
Number of updated asset objects reloaded before import = 0Number of asset objects unloaded after import = 1

========================================================================
Received Import Request.
  Time since last request: 0.000022 seconds.
  path: Assets/Assets/KayKit_Forest_Nature_Pack_1.0_FREE/Assets/gltf/Grass_1_D_Singlesided_Color1.bin
  artifactKey: Guid(aef013cc2897c8d41b726e7685adbadf) Importer(2089858483,b0f066a214c2f5e87bad3c948f4d605d)
Start importing Assets/Assets/KayKit_Forest_Nature_Pack_1.0_FREE/Assets/gltf/Grass_1_D_Singlesided_Color1.bin using Guid(aef013cc2897c8d41b726e7685adbadf) Importer(2089858483,b0f066a214c2f5e87bad3c948f4d605d) (ScriptedImporter) -> (artifact id: '7dbc22e2add8a8c1f8eab51efb9734f2') in 0.0124438 seconds
Number of updated asset objects reloaded before import = 0Number of asset objects unloaded after import = 1

========================================================================
Received Import Request.
  Time since last request: 0.000030 seconds.
  path: Assets/Assets/KayKit_Forest_Nature_Pack_1.0_FREE/Assets/fbx/Rock_3_D_Color1.fbx
  artifactKey: Guid(adfd47f4b883f4b49a08daeebb45037d) Importer(2089858483,b0f066a214c2f5e87bad3c948f4d605d)
Start importing Assets/Assets/KayKit_Forest_Nature_Pack_1.0_FREE/Assets/fbx/Rock_3_D_Color1.fbx using Guid(adfd47f4b883f4b49a08daeebb45037d) Importer(2089858483,b0f066a214c2f5e87bad3c948f4d605d) (ScriptedImporter) -> (artifact id: 'ee79def0a859e82c12462dee4637a55d') in 0.0214776 seconds
Number of updated asset objects reloaded before import = 0Number of asset objects unloaded after import = 9

========================================================================
Received Import Request.
  Time since last request: 0.000030 seconds.
  path: Assets/Assets/KayKit_Forest_Nature_Pack_1.0_FREE/Assets/gltf/Grass_1_C_Singlesided_Color1.bin
  artifactKey: Guid(244efd7a0f8a6684d84bda3023114233) Importer(2089858483,b0f066a214c2f5e87bad3c948f4d605d)
Start importing Assets/Assets/KayKit_Forest_Nature_Pack_1.0_FREE/Assets/gltf/Grass_1_C_Singlesided_Color1.bin using Guid(244efd7a0f8a6684d84bda3023114233) Importer(2089858483,b0f066a214c2f5e87bad3c948f4d605d) (ScriptedImporter) -> (artifact id: 'd77f05071eae400649ab055a21a83ba6') in 0.012524 seconds
Number of updated asset objects reloaded before import = 0Number of asset objects unloaded after import = 1

========================================================================
Received Import Request.
  Time since last request: 0.000034 seconds.
  path: Assets/Assets/KayKit_Forest_Nature_Pack_1.0_FREE/Assets/gltf/Grass_2_D_Color1.gltf
  artifactKey: Guid(51e5e8a4d705800488e43bf408381611) Importer(2089858483,b0f066a214c2f5e87bad3c948f4d605d)
Start importing Assets/Assets/KayKit_Forest_Nature_Pack_1.0_FREE/Assets/gltf/Grass_2_D_Color1.gltf using Guid(51e5e8a4d705800488e43bf408381611) Importer(2089858483,b0f066a214c2f5e87bad3c948f4d605d) (ScriptedImporter) -> (artifact id: '45bd1c295058995eaff6c8f9b9d16a78') in 0.0120123 seconds
Number of updated asset objects reloaded before import = 0Number of asset objects unloaded after import = 1

========================================================================
Received Import Request.
  Time since last request: 0.000036 seconds.
  path: Assets/Assets/KayKit_Forest_Nature_Pack_1.0_FREE/Assets/obj/Rock_1_C_Color1.obj
  artifactKey: Guid(cd770c70e941e2143acc8093b0702b9a) Importer(2089858483,b0f066a214c2f5e87bad3c948f4d605d)
Start importing Assets/Assets/KayKit_Forest_Nature_Pack_1.0_FREE/Assets/obj/Rock_1_C_Color1.obj using Guid(cd770c70e941e2143acc8093b0702b9a) Importer(2089858483,b0f066a214c2f5e87bad3c948f4d605d) (ScriptedImporter) -> (artifact id: 'c5c28601c566e3e6a9119b394c3ea0aa') in 0.0202177 seconds
Number of updated asset objects reloaded before import = 0Number of asset objects unloaded after import = 11

========================================================================
Received Import Request.
  Time since last request: 0.000027 seconds.
  path: Assets/Assets/KayKit_Forest_Nature_Pack_1.0_FREE/Assets/obj/Rock_3_P_Color1.mtl
  artifactKey: Guid(b152f040a51e9c448acddccd58efd952) Importer(2089858483,b0f066a214c2f5e87bad3c948f4d605d)
Start importing Assets/Assets/KayKit_Forest_Nature_Pack_1.0_FREE/Assets/obj/Rock_3_P_Color1.mtl using Guid(b152f040a51e9c448acddccd58efd952) Importer(2089858483,b0f066a214c2f5e87bad3c948f4d605d) (ScriptedImporter) -> (artifact id: '1afc6d8844d68e0f1712c53dde3abb56') in 0.0109548 seconds
Number of updated asset objects reloaded before import = 0Number of asset objects unloaded after import = 1

========================================================================
Received Import Request.
  Time since last request: 0.000021 seconds.
  path: Assets/Assets/KayKit_Forest_Nature_Pack_1.0_FREE/Assets/obj/Grass_1_C_Singlesided_Color1.mtl
  artifactKey: Guid(afaa74bb1944e1e478dcbe949b2cdabe) Importer(2089858483,b0f066a214c2f5e87bad3c948f4d605d)
Start importing Assets/Assets/KayKit_Forest_Nature_Pack_1.0_FREE/Assets/obj/Grass_1_C_Singlesided_Color1.mtl using Guid(afaa74bb1944e1e478dcbe949b2cdabe) Importer(2089858483,b0f066a214c2f5e87bad3c948f4d605d) (ScriptedImporter) -> (artifact id: 'af194df36ae004df5921e1d7de2d8ec0') in 0.012835 seconds
Number of updated asset objects reloaded before import = 0Number of asset objects unloaded after import = 1

========================================================================
Received Import Request.
  Time since last request: 0.000029 seconds.
  path: Assets/Assets/KayKit_Forest_Nature_Pack_1.0_FREE/Assets/fbx/forest_texture.png
  artifactKey: Guid(fb133fc59eed5194ab8bd9dfe810b1b0) Importer(2089858483,b0f066a214c2f5e87bad3c948f4d605d)
Start importing Assets/Assets/KayKit_Forest_Nature_Pack_1.0_FREE/Assets/fbx/forest_texture.png using Guid(fb133fc59eed5194ab8bd9dfe810b1b0) Importer(2089858483,b0f066a214c2f5e87bad3c948f4d605d) (ScriptedImporter) -> (artifact id: '0d89f2294c308c92b5410444267d2757') in 0.0470807 seconds
Number of updated asset objects reloaded before import = 0Number of asset objects unloaded after import = 1

========================================================================
Received Import Request.
  Time since last request: 0.000042 seconds.
  path: Assets/Assets/KayKit_Forest_Nature_Pack_1.0_FREE/Assets/gltf/Rock_1_A_Color1.gltf
  artifactKey: Guid(6e29e645049ea6449a25757fd04266c3) Importer(2089858483,b0f066a214c2f5e87bad3c948f4d605d)
Start importing Assets/Assets/KayKit_Forest_Nature_Pack_1.0_FREE/Assets/gltf/Rock_1_A_Color1.gltf using Guid(6e29e645049ea6449a25757fd04266c3) Importer(2089858483,b0f066a214c2f5e87bad3c948f4d605d) (ScriptedImporter) -> (artifact id: 'cbd5f0a9c3dae57f37310aa9f29b3167') in 0.0109685 seconds
Number of updated asset objects reloaded before import = 0Number of asset objects unloaded after import = 1

========================================================================
Received Import Request.
  Time since last request: 0.000032 seconds.
  path: Assets/Assets/KayKit_Forest_Nature_Pack_1.0_FREE/Assets/obj/Bush_2_D_Color1.obj
  artifactKey: Guid(59067a5360fdc4743a945bf5266bfefe) Importer(2089858483,b0f066a214c2f5e87bad3c948f4d605d)
Start importing Assets/Assets/KayKit_Forest_Nature_Pack_1.0_FREE/Assets/obj/Bush_2_D_Color1.obj using Guid(59067a5360fdc4743a945bf5266bfefe) Importer(2089858483,b0f066a214c2f5e87bad3c948f4d605d) (ScriptedImporter) -> (artifact id: '5592549fcb653008ea21182b5286b49c') in 0.0229204 seconds
Number of updated asset objects reloaded before import = 0Number of asset objects unloaded after import = 11

========================================================================
Received Import Request.
  Time since last request: 0.000026 seconds.
  path: Assets/Assets/KayKit_Forest_Nature_Pack_1.0_FREE/Assets/obj/Rock_3_K_Color1.mtl
  artifactKey: Guid(d4505fde8aa14d24a826124fa91b7bbe) Importer(2089858483,b0f066a214c2f5e87bad3c948f4d605d)
Start importing Assets/Assets/KayKit_Forest_Nature_Pack_1.0_FREE/Assets/obj/Rock_3_K_Color1.mtl using Guid(d4505fde8aa14d24a826124fa91b7bbe) Importer(2089858483,b0f066a214c2f5e87bad3c948f4d605d) (ScriptedImporter) -> (artifact id: '41e6fff5eb9d3c090f72024d68f421b6') in 0.0138198 seconds
Number of updated asset objects reloaded before import = 0Number of asset objects unloaded after import = 1

========================================================================
Received Import Request.
  Time since last request: 0.000044 seconds.
  path: Assets/Assets/KayKit_Forest_Nature_Pack_1.0_FREE/Assets/gltf/Rock_3_P_Color1.gltf
  artifactKey: Guid(bc73f1eaf5cf2654ca44fb090542f8dd) Importer(2089858483,b0f066a214c2f5e87bad3c948f4d605d)
Start importing Assets/Assets/KayKit_Forest_Nature_Pack_1.0_FREE/Assets/gltf/Rock_3_P_Color1.gltf using Guid(bc73f1eaf5cf2654ca44fb090542f8dd) Importer(2089858483,b0f066a214c2f5e87bad3c948f4d605d) (ScriptedImporter) -> (artifact id: '50e27c804fcff46f5d35b60838c94453') in 0.0127764 seconds
Number of updated asset objects reloaded before import = 0Number of asset objects unloaded after import = 1

========================================================================
Received Import Request.
  Time since last request: 0.000023 seconds.
  path: Assets/Assets/KayKit_Forest_Nature_Pack_1.0_FREE/Assets/gltf/Grass_1_C_Color1.gltf
  artifactKey: Guid(8bdfe0035d193a2479f33d0fc374159d) Importer(2089858483,b0f066a214c2f5e87bad3c948f4d605d)
Start importing Assets/Assets/KayKit_Forest_Nature_Pack_1.0_FREE/Assets/gltf/Grass_1_C_Color1.gltf using Guid(8bdfe0035d193a2479f33d0fc374159d) Importer(2089858483,b0f066a214c2f5e87bad3c948f4d605d) (ScriptedImporter) -> (artifact id: '93584d6a3718fcb00132d4d5850c2cf1') in 0.0120492 seconds
Number of updated asset objects reloaded before import = 0Number of asset objects unloaded after import = 1

========================================================================
Received Import Request.
  Time since last request: 0.000038 seconds.
  path: Assets/Assets/KayKit_Forest_Nature_Pack_1.0_FREE/Assets/fbx(unity)/Bush_4_C_Color1.fbx
  artifactKey: Guid(95b7375facb81a34d9f8c932bde7673f) Importer(2089858483,b0f066a214c2f5e87bad3c948f4d605d)
Start importing Assets/Assets/KayKit_Forest_Nature_Pack_1.0_FREE/Assets/fbx(unity)/Bush_4_C_Color1.fbx using Guid(95b7375facb81a34d9f8c932bde7673f) Importer(2089858483,b0f066a214c2f5e87bad3c948f4d605d) (ScriptedImporter) -> (artifact id: 'dee90c8c5e64b86ccbe9d15ab6306510') in 0.0223755 seconds
Number of updated asset objects reloaded before import = 0Number of asset objects unloaded after import = 9

========================================================================
Received Import Request.
  Time since last request: 0.000031 seconds.
  path: Assets/Assets/KayKit_Forest_Nature_Pack_1.0_FREE/Assets/obj/Tree_1_A_Color1.mtl
  artifactKey: Guid(a6f28358605f7f5438b01cf33e8f0d8d) Importer(2089858483,b0f066a214c2f5e87bad3c948f4d605d)
Start importing Assets/Assets/KayKit_Forest_Nature_Pack_1.0_FREE/Assets/obj/Tree_1_A_Color1.mtl using Guid(a6f28358605f7f5438b01cf33e8f0d8d) Importer(2089858483,b0f066a214c2f5e87bad3c948f4d605d) (ScriptedImporter) -> (artifact id: '009415fee47baf2a397833496bc58a3b') in 0.0124612 seconds
Number of updated asset objects reloaded before import = 0Number of asset objects unloaded after import = 1

========================================================================
Received Import Request.
  Time since last request: 0.000025 seconds.
  path: Assets/Assets/KayKit_Forest_Nature_Pack_1.0_FREE/Assets/gltf/Tree_4_C_Color1.bin
  artifactKey: Guid(9b2163b5c9e6b6c41bc7981e3cd0a8cd) Importer(2089858483,b0f066a214c2f5e87bad3c948f4d605d)
Start importing Assets/Assets/KayKit_Forest_Nature_Pack_1.0_FREE/Assets/gltf/Tree_4_C_Color1.bin using Guid(9b2163b5c9e6b6c41bc7981e3cd0a8cd) Importer(2089858483,b0f066a214c2f5e87bad3c948f4d605d) (ScriptedImporter) -> (artifact id: 'd9d0c9b3bb351ee0c219aedcb7c20c82') in 0.012213 seconds
Number of updated asset objects reloaded before import = 0Number of asset objects unloaded after import = 1

========================================================================
Received Import Request.
  Time since last request: 0.000041 seconds.
  path: Assets/Assets/KayKit_Forest_Nature_Pack_1.0_FREE/Assets/fbx/Grass_1_Mesh.fbx
  artifactKey: Guid(40a0b24879786664a85d02f436b1e981) Importer(2089858483,b0f066a214c2f5e87bad3c948f4d605d)
Start importing Assets/Assets/KayKit_Forest_Nature_Pack_1.0_FREE/Assets/fbx/Grass_1_Mesh.fbx using Guid(40a0b24879786664a85d02f436b1e981) Importer(2089858483,b0f066a214c2f5e87bad3c948f4d605d) (ScriptedImporter) -> (artifact id: '293078aee8a685914b6c22f007f2efc7') in 0.0206667 seconds
Number of updated asset objects reloaded before import = 0Number of asset objects unloaded after import = 7

========================================================================
Received Import Request.
  Time since last request: 0.000024 seconds.
  path: Assets/Assets/KayKit_Forest_Nature_Pack_1.0_FREE/Assets/obj/Grass_2_Mesh.mtl
  artifactKey: Guid(28f2a476dbd15c141b07591ce853ede8) Importer(2089858483,b0f066a214c2f5e87bad3c948f4d605d)
Start importing Assets/Assets/KayKit_Forest_Nature_Pack_1.0_FREE/Assets/obj/Grass_2_Mesh.mtl using Guid(28f2a476dbd15c141b07591ce853ede8) Importer(2089858483,b0f066a214c2f5e87bad3c948f4d605d) (ScriptedImporter) -> (artifact id: '4664b0afa949e13828b2fa6ebc0b35c1') in 0.0121506 seconds
Number of updated asset objects reloaded before import = 0Number of asset objects unloaded after import = 1

========================================================================
Received Import Request.
  Time since last request: 0.000026 seconds.
  path: Assets/Assets/KayKit_Forest_Nature_Pack_1.0_FREE/Assets/obj/Grass_2_B_Color1.obj
  artifactKey: Guid(5adaaeaa56b163948926c6de8f7da981) Importer(2089858483,b0f066a214c2f5e87bad3c948f4d605d)
Start importing Assets/Assets/KayKit_Forest_Nature_Pack_1.0_FREE/Assets/obj/Grass_2_B_Color1.obj using Guid(5adaaeaa56b163948926c6de8f7da981) Importer(2089858483,b0f066a214c2f5e87bad3c948f4d605d) (ScriptedImporter) -> (artifact id: 'e81b1e08dadcd5a4d932820a2f0a0a1b') in 0.0211716 seconds
Number of updated asset objects reloaded before import = 0Number of asset objects unloaded after import = 11

========================================================================
Received Import Request.
  Time since last request: 0.000037 seconds.
  path: Assets/Assets/KayKit_Forest_Nature_Pack_1.0_FREE/Assets/obj/Rock_3_R_Color1.obj
  artifactKey: Guid(9e5a0765ac8059d449388a4bc91fac5a) Importer(2089858483,b0f066a214c2f5e87bad3c948f4d605d)
Start importing Assets/Assets/KayKit_Forest_Nature_Pack_1.0_FREE/Assets/obj/Rock_3_R_Color1.obj using Guid(9e5a0765ac8059d449388a4bc91fac5a) Importer(2089858483,b0f066a214c2f5e87bad3c948f4d605d) (ScriptedImporter) -> (artifact id: 'f9e565a851a47e82531fffc68ebe3cae') in 0.0223372 seconds
Number of updated asset objects reloaded before import = 0Number of asset objects unloaded after import = 11

========================================================================
Received Import Request.
  Time since last request: 0.000024 seconds.
  path: Assets/Assets/KayKit_Forest_Nature_Pack_1.0_FREE/Assets/obj/Tree_4_A_Color1.mtl
  artifactKey: Guid(0f22afa033b9109468cd824cac72f368) Importer(2089858483,b0f066a214c2f5e87bad3c948f4d605d)
Start importing Assets/Assets/KayKit_Forest_Nature_Pack_1.0_FREE/Assets/obj/Tree_4_A_Color1.mtl using Guid(0f22afa033b9109468cd824cac72f368) Importer(2089858483,b0f066a214c2f5e87bad3c948f4d605d) (ScriptedImporter) -> (artifact id: 'adf9880e535fb6a9ceda8f9fe920a47b') in 0.011243 seconds
Number of updated asset objects reloaded before import = 0Number of asset objects unloaded after import = 1

========================================================================
Received Import Request.
  Time since last request: 0.000023 seconds.
  path: Assets/Assets/KayKit_Forest_Nature_Pack_1.0_FREE/Assets/gltf/Tree_3_C_Color1.bin
  artifactKey: Guid(c741587f30ca7cf4ea407349b7286996) Importer(2089858483,b0f066a214c2f5e87bad3c948f4d605d)
Start importing Assets/Assets/KayKit_Forest_Nature_Pack_1.0_FREE/Assets/gltf/Tree_3_C_Color1.bin using Guid(c741587f30ca7cf4ea407349b7286996) Importer(2089858483,b0f066a214c2f5e87bad3c948f4d605d) (ScriptedImporter) -> (artifact id: '649c9249a2a582143d72049f29b4110b') in 0.0109964 seconds
Number of updated asset objects reloaded before import = 0Number of asset objects unloaded after import = 1

========================================================================
Received Import Request.
  Time since last request: 0.000022 seconds.
  path: Assets/Assets/KayKit_Forest_Nature_Pack_1.0_FREE/Assets/fbx/Rock_1_B_Color1.fbx
  artifactKey: Guid(c1c2270a30aeb7e41bee007c2ee60202) Importer(2089858483,b0f066a214c2f5e87bad3c948f4d605d)
Start importing Assets/Assets/KayKit_Forest_Nature_Pack_1.0_FREE/Assets/fbx/Rock_1_B_Color1.fbx using Guid(c1c2270a30aeb7e41bee007c2ee60202) Importer(2089858483,b0f066a214c2f5e87bad3c948f4d605d) (ScriptedImporter) -> (artifact id: '4e153da65d766f7fdc5ce2861e3893bf') in 0.0204896 seconds
Number of updated asset objects reloaded before import = 0Number of asset objects unloaded after import = 9

========================================================================
Received Import Request.
  Time since last request: 0.000030 seconds.
  path: Assets/Assets/KayKit_Forest_Nature_Pack_1.0_FREE/Assets/obj/Tree_Bare_2_B_Color1.mtl
  artifactKey: Guid(dec14b540f1d5764e820dbb5405a85d7) Importer(2089858483,b0f066a214c2f5e87bad3c948f4d605d)
Start importing Assets/Assets/KayKit_Forest_Nature_Pack_1.0_FREE/Assets/obj/Tree_Bare_2_B_Color1.mtl using Guid(dec14b540f1d5764e820dbb5405a85d7) Importer(2089858483,b0f066a214c2f5e87bad3c948f4d605d) (ScriptedImporter) -> (artifact id: '2f2b6742a17f5f078ee7e59b4b9fae62') in 0.0129451 seconds
Number of updated asset objects reloaded before import = 0Number of asset objects unloaded after import = 1

========================================================================
Received Import Request.
  Time since last request: 0.000039 seconds.
  path: Assets/Assets/KayKit_Forest_Nature_Pack_1.0_FREE/Assets/obj/Rock_3_I_Color1.obj
  artifactKey: Guid(d02cea9c87f5f7645ac94088d9864dbd) Importer(2089858483,b0f066a214c2f5e87bad3c948f4d605d)
Start importing Assets/Assets/KayKit_Forest_Nature_Pack_1.0_FREE/Assets/obj/Rock_3_I_Color1.obj using Guid(d02cea9c87f5f7645ac94088d9864dbd) Importer(2089858483,b0f066a214c2f5e87bad3c948f4d605d) (ScriptedImporter) -> (artifact id: 'b8eb3d0f7adf73a5e8fdee910c218093') in 0.0220027 seconds
Number of updated asset objects reloaded before import = 0Number of asset objects unloaded after import = 11

========================================================================
Received Import Request.
  Time since last request: 0.000028 seconds.
  path: Assets/Assets/KayKit_Forest_Nature_Pack_1.0_FREE/Assets/obj/Tree_2_A_Color1.mtl
  artifactKey: Guid(62def7da835c2084c85a357f3661047f) Importer(2089858483,b0f066a214c2f5e87bad3c948f4d605d)
Start importing Assets/Assets/KayKit_Forest_Nature_Pack_1.0_FREE/Assets/obj/Tree_2_A_Color1.mtl using Guid(62def7da835c2084c85a357f3661047f) Importer(2089858483,b0f066a214c2f5e87bad3c948f4d605d) (ScriptedImporter) -> (artifact id: 'a906acf8d45433e6a44332ae58ea7848') in 0.0135048 seconds
Number of updated asset objects reloaded before import = 0Number of asset objects unloaded after import = 1

========================================================================
Received Import Request.
  Time since last request: 0.000024 seconds.
  path: Assets/Assets/KayKit_Forest_Nature_Pack_1.0_FREE/Assets/fbx(unity)/Grass_2_Mesh.fbx
  artifactKey: Guid(2d1636583c78a9d43aa13705c8fe1f18) Importer(2089858483,b0f066a214c2f5e87bad3c948f4d605d)
Start importing Assets/Assets/KayKit_Forest_Nature_Pack_1.0_FREE/Assets/fbx(unity)/Grass_2_Mesh.fbx using Guid(2d1636583c78a9d43aa13705c8fe1f18) Importer(2089858483,b0f066a214c2f5e87bad3c948f4d605d) (ScriptedImporter) -> (artifact id: 'a4436126b2e37d477fdaa5b13e8da762') in 0.0194823 seconds
Number of updated asset objects reloaded before import = 0Number of asset objects unloaded after import = 7

========================================================================
Received Import Request.
  Time since last request: 0.000023 seconds.
  path: Assets/Assets/KayKit_Forest_Nature_Pack_1.0_FREE/Assets/fbx/Bush_4_E_Color1.fbx
  artifactKey: Guid(bc67e0a8b5b8a57489f3a7dfd69e8d85) Importer(815301076,1909f56bfc062723c751e8b465ee728b)
Start importing Assets/Assets/KayKit_Forest_Nature_Pack_1.0_FREE/Assets/fbx/Bush_4_E_Color1.fbx using Guid(bc67e0a8b5b8a57489f3a7dfd69e8d85) Importer(815301076,1909f56bfc062723c751e8b465ee728b) (PreviewImporter) -> (artifact id: '8d8a02daf45722d1482e411204b7953a') in 0.0305031 seconds
Number of updated asset objects reloaded before import = 0Number of asset objects unloaded after import = 9

========================================================================
Received Import Request.
  Time since last request: 0.000048 seconds.
  path: Assets/Assets/KayKit_Forest_Nature_Pack_1.0_FREE/Assets/gltf/Bush_2_E_Color1.gltf
  artifactKey: Guid(8fb7d76faff1ba941ab92125bab868fc) Importer(2089858483,b0f066a214c2f5e87bad3c948f4d605d)
Start importing Assets/Assets/KayKit_Forest_Nature_Pack_1.0_FREE/Assets/gltf/Bush_2_E_Color1.gltf using Guid(8fb7d76faff1ba941ab92125bab868fc) Importer(2089858483,b0f066a214c2f5e87bad3c948f4d605d) (ScriptedImporter) -> (artifact id: '4ad82b653629e2531b1c4605b68a7a1c') in 0.0126017 seconds
Number of updated asset objects reloaded before import = 0Number of asset objects unloaded after import = 1

========================================================================
Received Import Request.
  Time since last request: 0.000040 seconds.
  path: Assets/Assets/KayKit_Forest_Nature_Pack_1.0_FREE/Assets/gltf/Bush_1_E_Color1.bin
  artifactKey: Guid(11d2a3813f00dca4d9271cf7d31c294a) Importer(2089858483,b0f066a214c2f5e87bad3c948f4d605d)
Start importing Assets/Assets/KayKit_Forest_Nature_Pack_1.0_FREE/Assets/gltf/Bush_1_E_Color1.bin using Guid(11d2a3813f00dca4d9271cf7d31c294a) Importer(2089858483,b0f066a214c2f5e87bad3c948f4d605d) (ScriptedImporter) -> (artifact id: '002a67d02f686f21fc0a5a5a9f0801ab') in 0.012703 seconds
Number of updated asset objects reloaded before import = 0Number of asset objects unloaded after import = 1

========================================================================
Received Import Request.
  Time since last request: 0.000026 seconds.
  path: Assets/Assets/KayKit_Forest_Nature_Pack_1.0_FREE/Assets/gltf/Bush_1_E_Color1.gltf
  artifactKey: Guid(6749fc7d93cbdda4694677ecd357eb46) Importer(2089858483,b0f066a214c2f5e87bad3c948f4d605d)
Start importing Assets/Assets/KayKit_Forest_Nature_Pack_1.0_FREE/Assets/gltf/Bush_1_E_Color1.gltf using Guid(6749fc7d93cbdda4694677ecd357eb46) Importer(2089858483,b0f066a214c2f5e87bad3c948f4d605d) (ScriptedImporter) -> (artifact id: '2807acdec58b8155ed7aad0516594d4e') in 0.0114199 seconds
Number of updated asset objects reloaded before import = 0Number of asset objects unloaded after import = 1

========================================================================
Received Import Request.
  Time since last request: 0.000034 seconds.
  path: Assets/Assets/KayKit_Forest_Nature_Pack_1.0_FREE/Assets/fbx(unity)/Rock_1_N_Color1.fbx
  artifactKey: Guid(ad0272c76ad4e4049adac5bb19901b92) Importer(2089858483,b0f066a214c2f5e87bad3c948f4d605d)
Start importing Assets/Assets/KayKit_Forest_Nature_Pack_1.0_FREE/Assets/fbx(unity)/Rock_1_N_Color1.fbx using Guid(ad0272c76ad4e4049adac5bb19901b92) Importer(2089858483,b0f066a214c2f5e87bad3c948f4d605d) (ScriptedImporter) -> (artifact id: '0ec16f38ebb49a90eec803b0df5cf519') in 0.0208727 seconds
Number of updated asset objects reloaded before import = 0Number of asset objects unloaded after import = 9

========================================================================
Received Import Request.
  Time since last request: 0.000036 seconds.
  path: Assets/Assets/KayKit_Forest_Nature_Pack_1.0_FREE/Assets/gltf/Tree_3_B_Color1.gltf
  artifactKey: Guid(a6ee74ba18de9be438240268fbd64f05) Importer(2089858483,b0f066a214c2f5e87bad3c948f4d605d)
Start importing Assets/Assets/KayKit_Forest_Nature_Pack_1.0_FREE/Assets/gltf/Tree_3_B_Color1.gltf using Guid(a6ee74ba18de9be438240268fbd64f05) Importer(2089858483,b0f066a214c2f5e87bad3c948f4d605d) (ScriptedImporter) -> (artifact id: '01dc603901ae95fbc3ee47893515bec2') in 0.0120401 seconds
Number of updated asset objects reloaded before import = 0Number of asset objects unloaded after import = 1

========================================================================
Received Import Request.
  Time since last request: 0.000027 seconds.
  path: Assets/Assets/KayKit_Forest_Nature_Pack_1.0_FREE/Assets/obj/Rock_3_M_Color1.obj
  artifactKey: Guid(f95ad13fe4cb1a947b5542fc267f9438) Importer(2089858483,b0f066a214c2f5e87bad3c948f4d605d)
Start importing Assets/Assets/KayKit_Forest_Nature_Pack_1.0_FREE/Assets/obj/Rock_3_M_Color1.obj using Guid(f95ad13fe4cb1a947b5542fc267f9438) Importer(2089858483,b0f066a214c2f5e87bad3c948f4d605d) (ScriptedImporter) -> (artifact id: '30e726d085e8e2723f090452f9a01f3f') in 0.0180192 seconds
Number of updated asset objects reloaded before import = 0Number of asset objects unloaded after import = 11

========================================================================
Received Import Request.
  Time since last request: 0.000043 seconds.
  path: Assets/Assets/KayKit_Forest_Nature_Pack_1.0_FREE/Assets/fbx/Tree_Bare_1_C_Color1.fbx
  artifactKey: Guid(1788194284f578e46be04e1d9b7f825e) Importer(2089858483,b0f066a214c2f5e87bad3c948f4d605d)
Start importing Assets/Assets/KayKit_Forest_Nature_Pack_1.0_FREE/Assets/fbx/Tree_Bare_1_C_Color1.fbx using Guid(1788194284f578e46be04e1d9b7f825e) Importer(2089858483,b0f066a214c2f5e87bad3c948f4d605d) (ScriptedImporter) -> (artifact id: '160ff512ca8f081309b4617ceaf015d8') in 0.024714 seconds
Number of updated asset objects reloaded before import = 0Number of asset objects unloaded after import = 9

========================================================================
Received Import Request.
  Time since last request: 0.000032 seconds.
  path: Assets/Assets/KayKit_Forest_Nature_Pack_1.0_FREE/Assets/gltf/Tree_Bare_1_C_Color1.bin
  artifactKey: Guid(15b43c47efdbaea41920a8f3078907c0) Importer(2089858483,b0f066a214c2f5e87bad3c948f4d605d)
Start importing Assets/Assets/KayKit_Forest_Nature_Pack_1.0_FREE/Assets/gltf/Tree_Bare_1_C_Color1.bin using Guid(15b43c47efdbaea41920a8f3078907c0) Importer(2089858483,b0f066a214c2f5e87bad3c948f4d605d) (ScriptedImporter) -> (artifact id: '7cb30bc9664d8aebf9f4b01eca376327') in 0.0121566 seconds
Number of updated asset objects reloaded before import = 0Number of asset objects unloaded after import = 1

========================================================================
Received Import Request.
  Time since last request: 0.000029 seconds.
  path: Assets/Assets/KayKit_Forest_Nature_Pack_1.0_FREE/Assets/gltf/Bush_2_F_Color1.bin
  artifactKey: Guid(93282a32df3e22847b7b405d123c0422) Importer(2089858483,b0f066a214c2f5e87bad3c948f4d605d)
Start importing Assets/Assets/KayKit_Forest_Nature_Pack_1.0_FREE/Assets/gltf/Bush_2_F_Color1.bin using Guid(93282a32df3e22847b7b405d123c0422) Importer(2089858483,b0f066a214c2f5e87bad3c948f4d605d) (ScriptedImporter) -> (artifact id: '5cd6240f460abb74bf3d9e3b1392a134') in 0.0120101 seconds
Number of updated asset objects reloaded before import = 0Number of asset objects unloaded after import = 1

========================================================================
Received Import Request.
  Time since last request: 0.000023 seconds.
  path: Assets/Assets/KayKit_Forest_Nature_Pack_1.0_FREE/Assets/obj/Tree_3_B_Color1.obj
  artifactKey: Guid(0772297d260802c4283ab49da16e68bb) Importer(2089858483,b0f066a214c2f5e87bad3c948f4d605d)
Start importing Assets/Assets/KayKit_Forest_Nature_Pack_1.0_FREE/Assets/obj/Tree_3_B_Color1.obj using Guid(0772297d260802c4283ab49da16e68bb) Importer(2089858483,b0f066a214c2f5e87bad3c948f4d605d) (ScriptedImporter) -> (artifact id: 'e70c0ab748a36cd4e5a3ef737a93eb09') in 0.0190316 seconds
Number of updated asset objects reloaded before import = 0Number of asset objects unloaded after import = 11

========================================================================
Received Import Request.
  Time since last request: 0.000030 seconds.
  path: Assets/Assets/KayKit_Forest_Nature_Pack_1.0_FREE/Assets/obj/Bush_1_C_Color1.obj
  artifactKey: Guid(75b3276ca0d4522478c5f6ffb764457d) Importer(2089858483,b0f066a214c2f5e87bad3c948f4d605d)
Start importing Assets/Assets/KayKit_Forest_Nature_Pack_1.0_FREE/Assets/obj/Bush_1_C_Color1.obj using Guid(75b3276ca0d4522478c5f6ffb764457d) Importer(2089858483,b0f066a214c2f5e87bad3c948f4d605d) (ScriptedImporter) -> (artifact id: '95adb86008a21e1cb0b1487911b94658') in 0.0192707 seconds
Number of updated asset objects reloaded before import = 0Number of asset objects unloaded after import = 11

========================================================================
Received Import Request.
  Time since last request: 0.000031 seconds.
  path: Assets/Assets/KayKit_Forest_Nature_Pack_1.0_FREE/Assets/gltf/Rock_3_G_Color1.bin
  artifactKey: Guid(1c90b34351c0d2944b8e872336af648e) Importer(2089858483,b0f066a214c2f5e87bad3c948f4d605d)
Start importing Assets/Assets/KayKit_Forest_Nature_Pack_1.0_FREE/Assets/gltf/Rock_3_G_Color1.bin using Guid(1c90b34351c0d2944b8e872336af648e) Importer(2089858483,b0f066a214c2f5e87bad3c948f4d605d) (ScriptedImporter) -> (artifact id: 'bc4e797030df8e65cdb8425b8633e0b6') in 0.0128227 seconds
Number of updated asset objects reloaded before import = 0Number of asset objects unloaded after import = 1

========================================================================
Received Import Request.
  Time since last request: 0.000035 seconds.
  path: Assets/Assets/KayKit_Forest_Nature_Pack_1.0_FREE/Assets/gltf/Rock_3_H_Color1.bin
  artifactKey: Guid(9abc17e33cfa2b94591a129fd65a704d) Importer(2089858483,b0f066a214c2f5e87bad3c948f4d605d)
Start importing Assets/Assets/KayKit_Forest_Nature_Pack_1.0_FREE/Assets/gltf/Rock_3_H_Color1.bin using Guid(9abc17e33cfa2b94591a129fd65a704d) Importer(2089858483,b0f066a214c2f5e87bad3c948f4d605d) (ScriptedImporter) -> (artifact id: '5bb71f82459cdfd7ca1d91289b40f98a') in 0.0132891 seconds
Number of updated asset objects reloaded before import = 0Number of asset objects unloaded after import = 1

========================================================================
Received Import Request.
  Time since last request: 0.000033 seconds.
  path: Assets/Assets/KayKit_Forest_Nature_Pack_1.0_FREE/Assets/fbx/Bush_1_C_Color1.fbx
  artifactKey: Guid(13c9747740bfbe84ca9e114dba183180) Importer(2089858483,b0f066a214c2f5e87bad3c948f4d605d)
Start importing Assets/Assets/KayKit_Forest_Nature_Pack_1.0_FREE/Assets/fbx/Bush_1_C_Color1.fbx using Guid(13c9747740bfbe84ca9e114dba183180) Importer(2089858483,b0f066a214c2f5e87bad3c948f4d605d) (ScriptedImporter) -> (artifact id: '5c7770779a6208dfe00dce3edfa05ec9') in 0.022774 seconds
Number of updated asset objects reloaded before import = 0Number of asset objects unloaded after import = 9

========================================================================
Received Import Request.
  Time since last request: 0.000023 seconds.
  path: Assets/Assets/KayKit_Forest_Nature_Pack_1.0_FREE/Assets/obj/Tree_2_E_Color1.obj
  artifactKey: Guid(1d619844395ff0340a7a9f5d0a3e9ebd) Importer(2089858483,b0f066a214c2f5e87bad3c948f4d605d)
Start importing Assets/Assets/KayKit_Forest_Nature_Pack_1.0_FREE/Assets/obj/Tree_2_E_Color1.obj using Guid(1d619844395ff0340a7a9f5d0a3e9ebd) Importer(2089858483,b0f066a214c2f5e87bad3c948f4d605d) (ScriptedImporter) -> (artifact id: '2cd3dcef4065ee09c718c7ade12dab5d') in 0.0215852 seconds
Number of updated asset objects reloaded before import = 0Number of asset objects unloaded after import = 11

========================================================================
Received Import Request.
  Time since last request: 0.000036 seconds.
  path: Assets/Assets/KayKit_Forest_Nature_Pack_1.0_FREE/Assets/fbx/Bush_2_B_Color1.fbx
  artifactKey: Guid(a96850a511efaaf48b52058012c9ad85) Importer(2089858483,b0f066a214c2f5e87bad3c948f4d605d)
Start importing Assets/Assets/KayKit_Forest_Nature_Pack_1.0_FREE/Assets/fbx/Bush_2_B_Color1.fbx using Guid(a96850a511efaaf48b52058012c9ad85) Importer(2089858483,b0f066a214c2f5e87bad3c948f4d605d) (ScriptedImporter) -> (artifact id: '20769b963c39a7d3cd3532fe6db2febc') in 0.0193117 seconds
Number of updated asset objects reloaded before import = 0Number of asset objects unloaded after import = 9

========================================================================
Received Import Request.
  Time since last request: 0.000034 seconds.
  path: Assets/Assets/KayKit_Forest_Nature_Pack_1.0_FREE/Assets/fbx/Tree_3_C_Color1.fbx
  artifactKey: Guid(e55383aece206c74e9c49fd9e5b95639) Importer(2089858483,b0f066a214c2f5e87bad3c948f4d605d)
Start importing Assets/Assets/KayKit_Forest_Nature_Pack_1.0_FREE/Assets/fbx/Tree_3_C_Color1.fbx using Guid(e55383aece206c74e9c49fd9e5b95639) Importer(2089858483,b0f066a214c2f5e87bad3c948f4d605d) (ScriptedImporter) -> (artifact id: '3d81bd809fab79fe04007d8b475d19a2') in 0.0262084 seconds
Number of updated asset objects reloaded before import = 0Number of asset objects unloaded after import = 9

========================================================================
Received Import Request.
  Time since last request: 0.000023 seconds.
  path: Assets/Assets/KayKit_Forest_Nature_Pack_1.0_FREE/Assets/fbx(unity)/Tree_Bare_1_B_Color1.fbx
  artifactKey: Guid(42fc656b4a78baa459b65f7eb2dc6bc1) Importer(2089858483,b0f066a214c2f5e87bad3c948f4d605d)
Start importing Assets/Assets/KayKit_Forest_Nature_Pack_1.0_FREE/Assets/fbx(unity)/Tree_Bare_1_B_Color1.fbx using Guid(42fc656b4a78baa459b65f7eb2dc6bc1) Importer(2089858483,b0f066a214c2f5e87bad3c948f4d605d) (ScriptedImporter) -> (artifact id: '7c032acf2cff4de45faefa36aa116f16') in 0.0257682 seconds
Number of updated asset objects reloaded before import = 0Number of asset objects unloaded after import = 9

========================================================================
Received Import Request.
  Time since last request: 0.000026 seconds.
  path: Assets/Assets/KayKit_Forest_Nature_Pack_1.0_FREE/Assets/obj/Grass_2_C_Color1.obj
  artifactKey: Guid(aded96a8919f851449ecd18a7b52da2b) Importer(2089858483,b0f066a214c2f5e87bad3c948f4d605d)
Start importing Assets/Assets/KayKit_Forest_Nature_Pack_1.0_FREE/Assets/obj/Grass_2_C_Color1.obj using Guid(aded96a8919f851449ecd18a7b52da2b) Importer(2089858483,b0f066a214c2f5e87bad3c948f4d605d) (ScriptedImporter) -> (artifact id: '83100c4d48b313f1d79f4fc3a1629a7f') in 0.024012 seconds
Number of updated asset objects reloaded before import = 0Number of asset objects unloaded after import = 11

========================================================================
Received Import Request.
  Time since last request: 0.000029 seconds.
  path: Assets/Assets/KayKit_Forest_Nature_Pack_1.0_FREE/Assets/obj/Bush_1_D_Color1.mtl
  artifactKey: Guid(462792b6a5b2ad14ea3bce2d8d9eb774) Importer(2089858483,b0f066a214c2f5e87bad3c948f4d605d)
Start importing Assets/Assets/KayKit_Forest_Nature_Pack_1.0_FREE/Assets/obj/Bush_1_D_Color1.mtl using Guid(462792b6a5b2ad14ea3bce2d8d9eb774) Importer(2089858483,b0f066a214c2f5e87bad3c948f4d605d) (ScriptedImporter) -> (artifact id: '90b5296d91e23dd613aea4c232fc5435') in 0.0111879 seconds
Number of updated asset objects reloaded before import = 0Number of asset objects unloaded after import = 1

========================================================================
Received Import Request.
  Time since last request: 0.000036 seconds.
  path: Assets/Assets/KayKit_Forest_Nature_Pack_1.0_FREE/Assets/obj/Rock_3_N_Color1.mtl
  artifactKey: Guid(70e1800a546c742489a4e5be7c5d1de6) Importer(2089858483,b0f066a214c2f5e87bad3c948f4d605d)
Start importing Assets/Assets/KayKit_Forest_Nature_Pack_1.0_FREE/Assets/obj/Rock_3_N_Color1.mtl using Guid(70e1800a546c742489a4e5be7c5d1de6) Importer(2089858483,b0f066a214c2f5e87bad3c948f4d605d) (ScriptedImporter) -> (artifact id: 'cda184bc38bc6b1f8faebd9453dcd624') in 0.011942 seconds
Number of updated asset objects reloaded before import = 0Number of asset objects unloaded after import = 1

========================================================================
Received Import Request.
  Time since last request: 0.000040 seconds.
  path: Assets/Assets/KayKit_Forest_Nature_Pack_1.0_FREE/Assets/gltf/Grass_2_A_Singlesided_Color1.gltf
  artifactKey: Guid(7d904c51786540a4b9f41e2193a28ece) Importer(2089858483,b0f066a214c2f5e87bad3c948f4d605d)
Start importing Assets/Assets/KayKit_Forest_Nature_Pack_1.0_FREE/Assets/gltf/Grass_2_A_Singlesided_Color1.gltf using Guid(7d904c51786540a4b9f41e2193a28ece) Importer(2089858483,b0f066a214c2f5e87bad3c948f4d605d) (ScriptedImporter) -> (artifact id: 'ce63432879aeb1c0f9baaca405a3638b') in 0.0119722 seconds
Number of updated asset objects reloaded before import = 0Number of asset objects unloaded after import = 1

========================================================================
Received Import Request.
  Time since last request: 0.000027 seconds.
  path: Assets/Assets/KayKit_Forest_Nature_Pack_1.0_FREE/Assets/fbx(unity)/Rock_2_B_Color1.fbx
  artifactKey: Guid(fb85ee300a87e114cabe695079683b48) Importer(2089858483,b0f066a214c2f5e87bad3c948f4d605d)
Start importing Assets/Assets/KayKit_Forest_Nature_Pack_1.0_FREE/Assets/fbx(unity)/Rock_2_B_Color1.fbx using Guid(fb85ee300a87e114cabe695079683b48) Importer(2089858483,b0f066a214c2f5e87bad3c948f4d605d) (ScriptedImporter) -> (artifact id: '455703e44dad194bc347370ce284ed54') in 0.0232372 seconds
Number of updated asset objects reloaded before import = 0Number of asset objects unloaded after import = 9

========================================================================
Received Import Request.
  Time since last request: 0.000031 seconds.
  path: Assets/Assets/KayKit_Forest_Nature_Pack_1.0_FREE/Assets/fbx(unity)/Grass_1_B_Singlesided_Color1.fbx
  artifactKey: Guid(e5161bf33f07a8642b1499a36e11a8a3) Importer(2089858483,b0f066a214c2f5e87bad3c948f4d605d)
Start importing Assets/Assets/KayKit_Forest_Nature_Pack_1.0_FREE/Assets/fbx(unity)/Grass_1_B_Singlesided_Color1.fbx using Guid(e5161bf33f07a8642b1499a36e11a8a3) Importer(2089858483,b0f066a214c2f5e87bad3c948f4d605d) (ScriptedImporter) -> (artifact id: '540502d6b7cca63ff5cba9cfaea11fe4') in 0.022155 seconds
Number of updated asset objects reloaded before import = 0Number of asset objects unloaded after import = 9

========================================================================
Received Import Request.
  Time since last request: 0.000028 seconds.
  path: Assets/Assets/KayKit_Forest_Nature_Pack_1.0_FREE/Assets/fbx(unity)/Bush_1_B_Color1.fbx
  artifactKey: Guid(087c9003f8a6c4b49beb1598eed4cdaa) Importer(2089858483,b0f066a214c2f5e87bad3c948f4d605d)
Start importing Assets/Assets/KayKit_Forest_Nature_Pack_1.0_FREE/Assets/fbx(unity)/Bush_1_B_Color1.fbx using Guid(087c9003f8a6c4b49beb1598eed4cdaa) Importer(2089858483,b0f066a214c2f5e87bad3c948f4d605d) (ScriptedImporter) -> (artifact id: '24a965c2511d45d284e8cbb6dfe8c720') in 0.0230095 seconds
Number of updated asset objects reloaded before import = 0Number of asset objects unloaded after import = 9

========================================================================
Received Import Request.
  Time since last request: 0.000032 seconds.
  path: Assets/Assets/KayKit_Forest_Nature_Pack_1.0_FREE/Assets/gltf/Grass_1_D_Color1.gltf
  artifactKey: Guid(6d3c1d94af5808f46935b69e87fa9d99) Importer(2089858483,b0f066a214c2f5e87bad3c948f4d605d)
Start importing Assets/Assets/KayKit_Forest_Nature_Pack_1.0_FREE/Assets/gltf/Grass_1_D_Color1.gltf using Guid(6d3c1d94af5808f46935b69e87fa9d99) Importer(2089858483,b0f066a214c2f5e87bad3c948f4d605d) (ScriptedImporter) -> (artifact id: 'a1e79bfa9ba2255d7d7efe5345ba8a45') in 0.0140149 seconds
Number of updated asset objects reloaded before import = 0Number of asset objects unloaded after import = 1

========================================================================
Received Import Request.
  Time since last request: 0.000028 seconds.
  path: Assets/Assets/KayKit_Forest_Nature_Pack_1.0_FREE/Assets/fbx/Rock_1_O_Color1.fbx
  artifactKey: Guid(d1ab26583131c7c46b5cde1f0f36c91f) Importer(2089858483,b0f066a214c2f5e87bad3c948f4d605d)
Start importing Assets/Assets/KayKit_Forest_Nature_Pack_1.0_FREE/Assets/fbx/Rock_1_O_Color1.fbx using Guid(d1ab26583131c7c46b5cde1f0f36c91f) Importer(2089858483,b0f066a214c2f5e87bad3c948f4d605d) (ScriptedImporter) -> (artifact id: '6d3d4f341746b9ce1f447aceaf8b5083') in 0.0230403 seconds
Number of updated asset objects reloaded before import = 0Number of asset objects unloaded after import = 9

========================================================================
Received Import Request.
  Time since last request: 0.000026 seconds.
  path: Assets/Assets/KayKit_Forest_Nature_Pack_1.0_FREE/Assets/fbx/Bush_1_A_Color1.fbx
  artifactKey: Guid(e64ed00fc95f9ad42b6b222f77bf9a8d) Importer(2089858483,b0f066a214c2f5e87bad3c948f4d605d)
Start importing Assets/Assets/KayKit_Forest_Nature_Pack_1.0_FREE/Assets/fbx/Bush_1_A_Color1.fbx using Guid(e64ed00fc95f9ad42b6b222f77bf9a8d) Importer(2089858483,b0f066a214c2f5e87bad3c948f4d605d) (ScriptedImporter) -> (artifact id: 'a6f2ae9a06237d9a40c71854b977518c') in 0.021049 seconds
Number of updated asset objects reloaded before import = 0Number of asset objects unloaded after import = 9

========================================================================
Received Import Request.
  Time since last request: 0.000027 seconds.
  path: Assets/Assets/KayKit_Forest_Nature_Pack_1.0_FREE/Assets/obj/Rock_3_B_Color1.mtl
  artifactKey: Guid(8a74722d413d38e48b9b7b5c854ecea5) Importer(2089858483,b0f066a214c2f5e87bad3c948f4d605d)
Start importing Assets/Assets/KayKit_Forest_Nature_Pack_1.0_FREE/Assets/obj/Rock_3_B_Color1.mtl using Guid(8a74722d413d38e48b9b7b5c854ecea5) Importer(2089858483,b0f066a214c2f5e87bad3c948f4d605d) (ScriptedImporter) -> (artifact id: '554465a80188717445e9ba06ac51d443') in 0.0111001 seconds
Number of updated asset objects reloaded before import = 0Number of asset objects unloaded after import = 1

========================================================================
Received Import Request.
  Time since last request: 0.000031 seconds.
  path: Assets/Assets/KayKit_Forest_Nature_Pack_1.0_FREE/Assets/fbx/Bush_4_A_Color1.fbx
  artifactKey: Guid(fab4e737c4f9d444c8f208f765bc535d) Importer(2089858483,b0f066a214c2f5e87bad3c948f4d605d)
Start importing Assets/Assets/KayKit_Forest_Nature_Pack_1.0_FREE/Assets/fbx/Bush_4_A_Color1.fbx using Guid(fab4e737c4f9d444c8f208f765bc535d) Importer(2089858483,b0f066a214c2f5e87bad3c948f4d605d) (ScriptedImporter) -> (artifact id: 'a105144511f3895b16399bfea3050b5c') in 0.0252469 seconds
Number of updated asset objects reloaded before import = 0Number of asset objects unloaded after import = 9

========================================================================
Received Import Request.
  Time since last request: 0.000044 seconds.
  path: Assets/Assets/KayKit_Forest_Nature_Pack_1.0_FREE/Assets/obj/Bush_3_C_Color1.mtl
  artifactKey: Guid(97f4ea72edb06f44ea6605f808071bf7) Importer(2089858483,b0f066a214c2f5e87bad3c948f4d605d)
Start importing Assets/Assets/KayKit_Forest_Nature_Pack_1.0_FREE/Assets/obj/Bush_3_C_Color1.mtl using Guid(97f4ea72edb06f44ea6605f808071bf7) Importer(2089858483,b0f066a214c2f5e87bad3c948f4d605d) (ScriptedImporter) -> (artifact id: 'aed64d4e58b33fb8775fdfd5947b083e') in 0.0136484 seconds
Number of updated asset objects reloaded before import = 0Number of asset objects unloaded after import = 1

========================================================================
Received Import Request.
  Time since last request: 0.000023 seconds.
  path: Assets/Assets/KayKit_Forest_Nature_Pack_1.0_FREE/Assets/obj/Rock_3_D_Color1.mtl
  artifactKey: Guid(e5b7f6702c4e37e449bdbde67c98c33d) Importer(2089858483,b0f066a214c2f5e87bad3c948f4d605d)
Start importing Assets/Assets/KayKit_Forest_Nature_Pack_1.0_FREE/Assets/obj/Rock_3_D_Color1.mtl using Guid(e5b7f6702c4e37e449bdbde67c98c33d) Importer(2089858483,b0f066a214c2f5e87bad3c948f4d605d) (ScriptedImporter) -> (artifact id: 'ba75406fbfcc8a6c8fc88527263f4c5c') in 0.0112875 seconds
Number of updated asset objects reloaded before import = 0Number of asset objects unloaded after import = 1

========================================================================
Received Import Request.
  Time since last request: 0.000030 seconds.
  path: Assets/Assets/KayKit_Forest_Nature_Pack_1.0_FREE/Assets/gltf/Rock_1_L_Color1.gltf
  artifactKey: Guid(a7810b119a3db964c93d763001ecafbd) Importer(2089858483,b0f066a214c2f5e87bad3c948f4d605d)
Start importing Assets/Assets/KayKit_Forest_Nature_Pack_1.0_FREE/Assets/gltf/Rock_1_L_Color1.gltf using Guid(a7810b119a3db964c93d763001ecafbd) Importer(2089858483,b0f066a214c2f5e87bad3c948f4d605d) (ScriptedImporter) -> (artifact id: '2397760571377ab0e92928c4f616d844') in 0.0126002 seconds
Number of updated asset objects reloaded before import = 0Number of asset objects unloaded after import = 1

========================================================================
Received Import Request.
  Time since last request: 0.000027 seconds.
  path: Assets/Assets/KayKit_Forest_Nature_Pack_1.0_FREE/Assets/fbx/Grass_2_A_Singlesided_Color1.fbx
  artifactKey: Guid(6c0fc37854eaf6c49834d5dd09548e04) Importer(2089858483,b0f066a214c2f5e87bad3c948f4d605d)
Start importing Assets/Assets/KayKit_Forest_Nature_Pack_1.0_FREE/Assets/fbx/Grass_2_A_Singlesided_Color1.fbx using Guid(6c0fc37854eaf6c49834d5dd09548e04) Importer(2089858483,b0f066a214c2f5e87bad3c948f4d605d) (ScriptedImporter) -> (artifact id: 'b216989e230569a15dda4b5a646588cc') in 0.0234261 seconds
Number of updated asset objects reloaded before import = 0Number of asset objects unloaded after import = 9

========================================================================
Received Import Request.
  Time since last request: 0.000035 seconds.
  path: Assets/Assets/KayKit_Forest_Nature_Pack_1.0_FREE/Assets/gltf/Rock_3_D_Color1.bin
  artifactKey: Guid(af856cd89681ef34ea29da0c7311b687) Importer(2089858483,b0f066a214c2f5e87bad3c948f4d605d)
Start importing Assets/Assets/KayKit_Forest_Nature_Pack_1.0_FREE/Assets/gltf/Rock_3_D_Color1.bin using Guid(af856cd89681ef34ea29da0c7311b687) Importer(2089858483,b0f066a214c2f5e87bad3c948f4d605d) (ScriptedImporter) -> (artifact id: 'e42fe9420affbe28875b4658926bd3dc') in 0.0114208 seconds
Number of updated asset objects reloaded before import = 0Number of asset objects unloaded after import = 1

========================================================================
Received Import Request.
  Time since last request: 0.000033 seconds.
  path: Assets/Assets/KayKit_Forest_Nature_Pack_1.0_FREE/Assets/fbx(unity)/Rock_3_E_Color1.fbx
  artifactKey: Guid(89760cd2a4096c643aafc1c22949524a) Importer(2089858483,b0f066a214c2f5e87bad3c948f4d605d)
Start importing Assets/Assets/KayKit_Forest_Nature_Pack_1.0_FREE/Assets/fbx(unity)/Rock_3_E_Color1.fbx using Guid(89760cd2a4096c643aafc1c22949524a) Importer(2089858483,b0f066a214c2f5e87bad3c948f4d605d) (ScriptedImporter) -> (artifact id: 'cd81a0b2f7d9af93f37fafea7678d953') in 0.0228873 seconds
Number of updated asset objects reloaded before import = 0Number of asset objects unloaded after import = 9

========================================================================
Received Import Request.
  Time since last request: 0.000028 seconds.
  path: Assets/Assets/KayKit_Forest_Nature_Pack_1.0_FREE/Assets/obj/Rock_2_G_Color1.obj
  artifactKey: Guid(af32cf6232079ac4692079f79e24c123) Importer(2089858483,b0f066a214c2f5e87bad3c948f4d605d)
Start importing Assets/Assets/KayKit_Forest_Nature_Pack_1.0_FREE/Assets/obj/Rock_2_G_Color1.obj using Guid(af32cf6232079ac4692079f79e24c123) Importer(2089858483,b0f066a214c2f5e87bad3c948f4d605d) (ScriptedImporter) -> (artifact id: '6fb69c980690d447dba6d25ab07a15e6') in 0.021032 seconds
Number of updated asset objects reloaded before import = 0Number of asset objects unloaded after import = 11

========================================================================
Received Import Request.
  Time since last request: 0.000026 seconds.
  path: Assets/Assets/KayKit_Forest_Nature_Pack_1.0_FREE/Assets/gltf/Rock_3_C_Color1.bin
  artifactKey: Guid(f4be400472076934482428f49e400ffc) Importer(2089858483,b0f066a214c2f5e87bad3c948f4d605d)
Start importing Assets/Assets/KayKit_Forest_Nature_Pack_1.0_FREE/Assets/gltf/Rock_3_C_Color1.bin using Guid(f4be400472076934482428f49e400ffc) Importer(2089858483,b0f066a214c2f5e87bad3c948f4d605d) (ScriptedImporter) -> (artifact id: 'f193871db665400a41e2f769301ed6fe') in 0.0133875 seconds
Number of updated asset objects reloaded before import = 0Number of asset objects unloaded after import = 1

========================================================================
Received Import Request.
  Time since last request: 0.000025 seconds.
  path: Assets/Assets/KayKit_Forest_Nature_Pack_1.0_FREE/Assets/obj/Grass_1_Mesh.obj
  artifactKey: Guid(f9fd105dfaf894a49825280d6ea03e66) Importer(2089858483,b0f066a214c2f5e87bad3c948f4d605d)
Start importing Assets/Assets/KayKit_Forest_Nature_Pack_1.0_FREE/Assets/obj/Grass_1_Mesh.obj using Guid(f9fd105dfaf894a49825280d6ea03e66) Importer(2089858483,b0f066a214c2f5e87bad3c948f4d605d) (ScriptedImporter) -> (artifact id: 'bb2b9f807cad797fe2934809a1b55886') in 0.0180991 seconds
Number of updated asset objects reloaded before import = 0Number of asset objects unloaded after import = 10

========================================================================
Received Import Request.
  Time since last request: 0.000037 seconds.
  path: Assets/Assets/KayKit_Forest_Nature_Pack_1.0_FREE/Assets/obj/Rock_2_F_Color1.mtl
  artifactKey: Guid(f22adf9d7a85ed74eab3cc9ded0cc004) Importer(2089858483,b0f066a214c2f5e87bad3c948f4d605d)
Start importing Assets/Assets/KayKit_Forest_Nature_Pack_1.0_FREE/Assets/obj/Rock_2_F_Color1.mtl using Guid(f22adf9d7a85ed74eab3cc9ded0cc004) Importer(2089858483,b0f066a214c2f5e87bad3c948f4d605d) (ScriptedImporter) -> (artifact id: '0a1274842cdce7467b6a6f3b3ec63277') in 0.0126178 seconds
Number of updated asset objects reloaded before import = 0Number of asset objects unloaded after import = 1

========================================================================
Received Import Request.
  Time since last request: 0.000045 seconds.
  path: Assets/Assets/KayKit_Forest_Nature_Pack_1.0_FREE/Assets/obj/Bush_4_F_Color1.obj
  artifactKey: Guid(5711e57eec8e77e46b17ccdf36b8b5b5) Importer(2089858483,b0f066a214c2f5e87bad3c948f4d605d)
Start importing Assets/Assets/KayKit_Forest_Nature_Pack_1.0_FREE/Assets/obj/Bush_4_F_Color1.obj using Guid(5711e57eec8e77e46b17ccdf36b8b5b5) Importer(2089858483,b0f066a214c2f5e87bad3c948f4d605d) (ScriptedImporter) -> (artifact id: '2fa383f943ddf9a9262f1ba67b432c80') in 0.0187231 seconds
Number of updated asset objects reloaded before import = 0Number of asset objects unloaded after import = 11

========================================================================
Received Import Request.
  Time since last request: 0.000023 seconds.
  path: Assets/Assets/KayKit_Forest_Nature_Pack_1.0_FREE/Assets/obj/Tree_4_B_Color1.mtl
  artifactKey: Guid(58d5e3b2eae95b54f863af497b84d27a) Importer(2089858483,b0f066a214c2f5e87bad3c948f4d605d)
Start importing Assets/Assets/KayKit_Forest_Nature_Pack_1.0_FREE/Assets/obj/Tree_4_B_Color1.mtl using Guid(58d5e3b2eae95b54f863af497b84d27a) Importer(2089858483,b0f066a214c2f5e87bad3c948f4d605d) (ScriptedImporter) -> (artifact id: '2dc4fba1f89cbd853486178bbb8c5eae') in 0.0113402 seconds
Number of updated asset objects reloaded before import = 0Number of asset objects unloaded after import = 1

========================================================================
Received Import Request.
  Time since last request: 0.000027 seconds.
  path: Assets/Assets/KayKit_Forest_Nature_Pack_1.0_FREE/Assets/fbx/Grass_1_D_Singlesided_Color1.fbx
  artifactKey: Guid(b1c7d27064f48d340b90b9305962df7d) Importer(2089858483,b0f066a214c2f5e87bad3c948f4d605d)
Start importing Assets/Assets/KayKit_Forest_Nature_Pack_1.0_FREE/Assets/fbx/Grass_1_D_Singlesided_Color1.fbx using Guid(b1c7d27064f48d340b90b9305962df7d) Importer(2089858483,b0f066a214c2f5e87bad3c948f4d605d) (ScriptedImporter) -> (artifact id: '99872f858ceed9936a7d1791eb1b8f92') in 0.0220993 seconds
Number of updated asset objects reloaded before import = 0Number of asset objects unloaded after import = 9

========================================================================
Received Import Request.
  Time since last request: 0.000025 seconds.
  path: Assets/Assets/KayKit_Forest_Nature_Pack_1.0_FREE/Assets/obj/Grass_1_A_Color1.mtl
  artifactKey: Guid(805b0a1a9ca77dc4890e717f4f8a4869) Importer(2089858483,b0f066a214c2f5e87bad3c948f4d605d)
Start importing Assets/Assets/KayKit_Forest_Nature_Pack_1.0_FREE/Assets/obj/Grass_1_A_Color1.mtl using Guid(805b0a1a9ca77dc4890e717f4f8a4869) Importer(2089858483,b0f066a214c2f5e87bad3c948f4d605d) (ScriptedImporter) -> (artifact id: '9737f5e173817bd3bb0ba25efa1a184e') in 0.0116592 seconds
Number of updated asset objects reloaded before import = 0Number of asset objects unloaded after import = 1

========================================================================
Received Import Request.
  Time since last request: 0.000037 seconds.
  path: Assets/Assets/KayKit_Forest_Nature_Pack_1.0_FREE/Assets/gltf/Rock_3_F_Color1.bin
  artifactKey: Guid(258c16bc5932c884aa0a09b237e7ae49) Importer(2089858483,b0f066a214c2f5e87bad3c948f4d605d)
Start importing Assets/Assets/KayKit_Forest_Nature_Pack_1.0_FREE/Assets/gltf/Rock_3_F_Color1.bin using Guid(258c16bc5932c884aa0a09b237e7ae49) Importer(2089858483,b0f066a214c2f5e87bad3c948f4d605d) (ScriptedImporter) -> (artifact id: 'de820315b6608258e90bcbe48df55422') in 0.0100754 seconds
Number of updated asset objects reloaded before import = 0Number of asset objects unloaded after import = 1

========================================================================
Received Import Request.
  Time since last request: 0.000039 seconds.
  path: Assets/Assets/KayKit_Forest_Nature_Pack_1.0_FREE/Assets/fbx/Tree_1_B_Color1.fbx
  artifactKey: Guid(01a7fb1a101e9264eaed0b021f41de42) Importer(2089858483,b0f066a214c2f5e87bad3c948f4d605d)
Start importing Assets/Assets/KayKit_Forest_Nature_Pack_1.0_FREE/Assets/fbx/Tree_1_B_Color1.fbx using Guid(01a7fb1a101e9264eaed0b021f41de42) Importer(2089858483,b0f066a214c2f5e87bad3c948f4d605d) (ScriptedImporter) -> (artifact id: '42a3f10c82b79ae43adc2c775309f24e') in 0.0216987 seconds
Number of updated asset objects reloaded before import = 0Number of asset objects unloaded after import = 9

========================================================================
Received Import Request.
  Time since last request: 0.000034 seconds.
  path: Assets/Assets/KayKit_Forest_Nature_Pack_1.0_FREE/Assets/gltf/Rock_3_N_Color1.bin
  artifactKey: Guid(d732181ad613497428cabf60d0fd8903) Importer(2089858483,b0f066a214c2f5e87bad3c948f4d605d)
Start importing Assets/Assets/KayKit_Forest_Nature_Pack_1.0_FREE/Assets/gltf/Rock_3_N_Color1.bin using Guid(d732181ad613497428cabf60d0fd8903) Importer(2089858483,b0f066a214c2f5e87bad3c948f4d605d) (ScriptedImporter) -> (artifact id: 'c8a6fb58ef89e37823c20a03e714b294') in 0.0124491 seconds
Number of updated asset objects reloaded before import = 0Number of asset objects unloaded after import = 1

========================================================================
Received Import Request.
  Time since last request: 0.000024 seconds.
  path: Assets/Assets/KayKit_Forest_Nature_Pack_1.0_FREE/Assets/fbx(unity)/Tree_1_A_Color1.fbx
  artifactKey: Guid(0fcb8070674940b43a2bbf30a01ea79d) Importer(2089858483,b0f066a214c2f5e87bad3c948f4d605d)
Start importing Assets/Assets/KayKit_Forest_Nature_Pack_1.0_FREE/Assets/fbx(unity)/Tree_1_A_Color1.fbx using Guid(0fcb8070674940b43a2bbf30a01ea79d) Importer(2089858483,b0f066a214c2f5e87bad3c948f4d605d) (ScriptedImporter) -> (artifact id: 'f5ba6fad762f036b4020b0253f51813a') in 0.024764 seconds
Number of updated asset objects reloaded before import = 0Number of asset objects unloaded after import = 9

========================================================================
Received Import Request.
  Time since last request: 0.000022 seconds.
  path: Assets/Assets/KayKit_Forest_Nature_Pack_1.0_FREE/Assets/obj/Rock_3_F_Color1.mtl
  artifactKey: Guid(160aadfad9a652e41b8235e659a2cf9f) Importer(2089858483,b0f066a214c2f5e87bad3c948f4d605d)
Start importing Assets/Assets/KayKit_Forest_Nature_Pack_1.0_FREE/Assets/obj/Rock_3_F_Color1.mtl using Guid(160aadfad9a652e41b8235e659a2cf9f) Importer(2089858483,b0f066a214c2f5e87bad3c948f4d605d) (ScriptedImporter) -> (artifact id: 'c0c893605b6103b57625de40b243b82c') in 0.0124384 seconds
Number of updated asset objects reloaded before import = 0Number of asset objects unloaded after import = 1

========================================================================
Received Import Request.
  Time since last request: 0.000037 seconds.
  path: Assets/Assets/KayKit_Forest_Nature_Pack_1.0_FREE/Assets/obj/Tree_Bare_1_B_Color1.obj
  artifactKey: Guid(a5be3926a95170a4eae26a3646c28d28) Importer(2089858483,b0f066a214c2f5e87bad3c948f4d605d)
Start importing Assets/Assets/KayKit_Forest_Nature_Pack_1.0_FREE/Assets/obj/Tree_Bare_1_B_Color1.obj using Guid(a5be3926a95170a4eae26a3646c28d28) Importer(2089858483,b0f066a214c2f5e87bad3c948f4d605d) (ScriptedImporter) -> (artifact id: 'c1f9e1e64343a69e21129427f9c6b9c6') in 0.0187329 seconds
Number of updated asset objects reloaded before import = 0Number of asset objects unloaded after import = 11

========================================================================
Received Import Request.
  Time since last request: 0.000043 seconds.
  path: Assets/Assets/KayKit_Forest_Nature_Pack_1.0_FREE/Assets/gltf/Rock_2_E_Color1.gltf
  artifactKey: Guid(836c185209bf22a4c96b2861d16fb138) Importer(2089858483,b0f066a214c2f5e87bad3c948f4d605d)
Start importing Assets/Assets/KayKit_Forest_Nature_Pack_1.0_FREE/Assets/gltf/Rock_2_E_Color1.gltf using Guid(836c185209bf22a4c96b2861d16fb138) Importer(2089858483,b0f066a214c2f5e87bad3c948f4d605d) (ScriptedImporter) -> (artifact id: '9bd0e9dcacb2fd21af634726563be94d') in 0.0115904 seconds
Number of updated asset objects reloaded before import = 0Number of asset objects unloaded after import = 1

========================================================================
Received Import Request.
  Time since last request: 0.000023 seconds.
  path: Assets/Assets/KayKit_Forest_Nature_Pack_1.0_FREE/Assets/obj/Bush_2_A_Color1.mtl
  artifactKey: Guid(5cdf3876ee1c02f4e884334a66a1a369) Importer(2089858483,b0f066a214c2f5e87bad3c948f4d605d)
Start importing Assets/Assets/KayKit_Forest_Nature_Pack_1.0_FREE/Assets/obj/Bush_2_A_Color1.mtl using Guid(5cdf3876ee1c02f4e884334a66a1a369) Importer(2089858483,b0f066a214c2f5e87bad3c948f4d605d) (ScriptedImporter) -> (artifact id: 'd3aba4c95fcc6a71600a82aedd2f31be') in 0.0113235 seconds
Number of updated asset objects reloaded before import = 0Number of asset objects unloaded after import = 1

========================================================================
Received Import Request.
  Time since last request: 0.000032 seconds.
  path: Assets/Assets/KayKit_Forest_Nature_Pack_1.0_FREE/Assets/gltf/Bush_1_A_Color1.gltf
  artifactKey: Guid(57dd137b10829dd4e94c06cec2e8d788) Importer(2089858483,b0f066a214c2f5e87bad3c948f4d605d)
Start importing Assets/Assets/KayKit_Forest_Nature_Pack_1.0_FREE/Assets/gltf/Bush_1_A_Color1.gltf using Guid(57dd137b10829dd4e94c06cec2e8d788) Importer(2089858483,b0f066a214c2f5e87bad3c948f4d605d) (ScriptedImporter) -> (artifact id: '5f173f66061a3ca4eaec964a8f6bd859') in 0.0111951 seconds
Number of updated asset objects reloaded before import = 0Number of asset objects unloaded after import = 1

========================================================================
Received Import Request.
  Time since last request: 0.000032 seconds.
  path: Assets/Assets/KayKit_Forest_Nature_Pack_1.0_FREE/Assets/obj/Rock_2_C_Color1.obj
  artifactKey: Guid(31ab1b38143b5fe4a9e9658004811bef) Importer(2089858483,b0f066a214c2f5e87bad3c948f4d605d)
Start importing Assets/Assets/KayKit_Forest_Nature_Pack_1.0_FREE/Assets/obj/Rock_2_C_Color1.obj using Guid(31ab1b38143b5fe4a9e9658004811bef) Importer(2089858483,b0f066a214c2f5e87bad3c948f4d605d) (ScriptedImporter) -> (artifact id: 'bceb84ded1be7e15b44c1189bcd88278') in 0.0208896 seconds
Number of updated asset objects reloaded before import = 0Number of asset objects unloaded after import = 11

========================================================================
Received Import Request.
  Time since last request: 0.000027 seconds.
  path: Assets/Assets/KayKit_Forest_Nature_Pack_1.0_FREE/Assets/gltf/Rock_2_H_Color1.gltf
  artifactKey: Guid(b169629727181ef4a88d6557b037e0d8) Importer(2089858483,b0f066a214c2f5e87bad3c948f4d605d)
Start importing Assets/Assets/KayKit_Forest_Nature_Pack_1.0_FREE/Assets/gltf/Rock_2_H_Color1.gltf using Guid(b169629727181ef4a88d6557b037e0d8) Importer(2089858483,b0f066a214c2f5e87bad3c948f4d605d) (ScriptedImporter) -> (artifact id: '37e0d18af69c21c499483fcd15e7ed48') in 0.0139288 seconds
Number of updated asset objects reloaded before import = 0Number of asset objects unloaded after import = 1

========================================================================
Received Import Request.
  Time since last request: 0.000037 seconds.
  path: Assets/Assets/KayKit_Forest_Nature_Pack_1.0_FREE/Assets/obj/Bush_4_C_Color1.mtl
  artifactKey: Guid(ae642c87f93aa634bb20cc14bfb2f58c) Importer(2089858483,b0f066a214c2f5e87bad3c948f4d605d)
Start importing Assets/Assets/KayKit_Forest_Nature_Pack_1.0_FREE/Assets/obj/Bush_4_C_Color1.mtl using Guid(ae642c87f93aa634bb20cc14bfb2f58c) Importer(2089858483,b0f066a214c2f5e87bad3c948f4d605d) (ScriptedImporter) -> (artifact id: 'a7b64cc91e4e878650e9f7abfc7dcdc3') in 0.0123726 seconds
Number of updated asset objects reloaded before import = 0Number of asset objects unloaded after import = 1

========================================================================
Received Import Request.
  Time since last request: 0.000027 seconds.
  path: Assets/Assets/KayKit_Forest_Nature_Pack_1.0_FREE/Assets/fbx(unity)/Bush_2_D_Color1.fbx
  artifactKey: Guid(38e9370cd5cc9bc40977ca73402a115a) Importer(2089858483,b0f066a214c2f5e87bad3c948f4d605d)
Start importing Assets/Assets/KayKit_Forest_Nature_Pack_1.0_FREE/Assets/fbx(unity)/Bush_2_D_Color1.fbx using Guid(38e9370cd5cc9bc40977ca73402a115a) Importer(2089858483,b0f066a214c2f5e87bad3c948f4d605d) (ScriptedImporter) -> (artifact id: '19cb71da699863b23d12efd576e998f2') in 0.0215754 seconds
Number of updated asset objects reloaded before import = 0Number of asset objects unloaded after import = 9

========================================================================
Received Import Request.
  Time since last request: 0.000032 seconds.
  path: Assets/Assets/KayKit_Forest_Nature_Pack_1.0_FREE/Assets/fbx/Bush_2_C_Color1.fbx
  artifactKey: Guid(55a0eae47140f24479b2d69921ed1eb9) Importer(2089858483,b0f066a214c2f5e87bad3c948f4d605d)
Start importing Assets/Assets/KayKit_Forest_Nature_Pack_1.0_FREE/Assets/fbx/Bush_2_C_Color1.fbx using Guid(55a0eae47140f24479b2d69921ed1eb9) Importer(2089858483,b0f066a214c2f5e87bad3c948f4d605d) (ScriptedImporter) -> (artifact id: 'a259c2889973741e712a2e21bc474b01') in 0.0252939 seconds
Number of updated asset objects reloaded before import = 0Number of asset objects unloaded after import = 9

========================================================================
Received Import Request.
  Time since last request: 0.000023 seconds.
  path: Assets/Assets/KayKit_Forest_Nature_Pack_1.0_FREE/Assets/obj/Grass_2_C_Color1.mtl
  artifactKey: Guid(2b296a774381ecc4bb89c4be5454a3c3) Importer(2089858483,b0f066a214c2f5e87bad3c948f4d605d)
Start importing Assets/Assets/KayKit_Forest_Nature_Pack_1.0_FREE/Assets/obj/Grass_2_C_Color1.mtl using Guid(2b296a774381ecc4bb89c4be5454a3c3) Importer(2089858483,b0f066a214c2f5e87bad3c948f4d605d) (ScriptedImporter) -> (artifact id: '232c938b5bb4d58439ed6d2259fa0bc8') in 0.0114551 seconds
Number of updated asset objects reloaded before import = 0Number of asset objects unloaded after import = 1

========================================================================
Received Import Request.
  Time since last request: 0.000029 seconds.
  path: Assets/Assets/KayKit_Forest_Nature_Pack_1.0_FREE/Assets/obj/Bush_2_B_Color1.mtl
  artifactKey: Guid(9f9f2d0af37e80842a6e781d1dec1582) Importer(2089858483,b0f066a214c2f5e87bad3c948f4d605d)
Start importing Assets/Assets/KayKit_Forest_Nature_Pack_1.0_FREE/Assets/obj/Bush_2_B_Color1.mtl using Guid(9f9f2d0af37e80842a6e781d1dec1582) Importer(2089858483,b0f066a214c2f5e87bad3c948f4d605d) (ScriptedImporter) -> (artifact id: '49d9f248910d956589c13693b33b9025') in 0.0114769 seconds
Number of updated asset objects reloaded before import = 0Number of asset objects unloaded after import = 1

========================================================================
Received Import Request.
  Time since last request: 0.000033 seconds.
  path: Assets/Assets/KayKit_Forest_Nature_Pack_1.0_FREE/Samples/Forest_Nature_Pack_sample1.png
  artifactKey: Guid(c0ea353efc2a42a4bbf82fa95901ddee) Importer(2089858483,b0f066a214c2f5e87bad3c948f4d605d)
Start importing Assets/Assets/KayKit_Forest_Nature_Pack_1.0_FREE/Samples/Forest_Nature_Pack_sample1.png using Guid(c0ea353efc2a42a4bbf82fa95901ddee) Importer(2089858483,b0f066a214c2f5e87bad3c948f4d605d) (ScriptedImporter) -> (artifact id: 'd5eedc24d7f139f1badb6c527abee495') in 0.0181854 seconds
Number of updated asset objects reloaded before import = 0Number of asset objects unloaded after import = 1

========================================================================
Received Import Request.
  Time since last request: 0.000028 seconds.
  path: Assets/Assets/KayKit_Forest_Nature_Pack_1.0_FREE/Assets/fbx/Rock_3_O_Color1.fbx
  artifactKey: Guid(596e3b754f1a2bc40bf84c78bdb7fbc7) Importer(2089858483,b0f066a214c2f5e87bad3c948f4d605d)
Start importing Assets/Assets/KayKit_Forest_Nature_Pack_1.0_FREE/Assets/fbx/Rock_3_O_Color1.fbx using Guid(596e3b754f1a2bc40bf84c78bdb7fbc7) Importer(2089858483,b0f066a214c2f5e87bad3c948f4d605d) (ScriptedImporter) -> (artifact id: 'd5b98e7c55d5fe40399f1678f0646086') in 0.0244716 seconds
Number of updated asset objects reloaded before import = 0Number of asset objects unloaded after import = 9

========================================================================
Received Import Request.
  Time since last request: 0.000031 seconds.
  path: Assets/Assets/KayKit_Forest_Nature_Pack_1.0_FREE/Textures
  artifactKey: Guid(d90a469bfeb19dd43870d9c5a54ffa35) Importer(2089858483,b0f066a214c2f5e87bad3c948f4d605d)
Start importing Assets/Assets/KayKit_Forest_Nature_Pack_1.0_FREE/Textures using Guid(d90a469bfeb19dd43870d9c5a54ffa35) Importer(2089858483,b0f066a214c2f5e87bad3c948f4d605d) (ScriptedImporter) -> (artifact id: '805a2e50d2c172e70f6556580934bef0') in 0.013096 seconds
Number of updated asset objects reloaded before import = 0Number of asset objects unloaded after import = 1

========================================================================
Received Import Request.
  Time since last request: 0.000026 seconds.
  path: Assets/Assets/KayKit_Forest_Nature_Pack_1.0_FREE/Assets/obj/Rock_3_B_Color1.obj
  artifactKey: Guid(4b2f54e39a64ed2478fcd09179771877) Importer(2089858483,b0f066a214c2f5e87bad3c948f4d605d)
Start importing Assets/Assets/KayKit_Forest_Nature_Pack_1.0_FREE/Assets/obj/Rock_3_B_Color1.obj using Guid(4b2f54e39a64ed2478fcd09179771877) Importer(2089858483,b0f066a214c2f5e87bad3c948f4d605d) (ScriptedImporter) -> (artifact id: 'ec0dab399f345e112b5ab580872d3a9c') in 0.0202137 seconds
Number of updated asset objects reloaded before import = 0Number of asset objects unloaded after import = 11

========================================================================
Received Import Request.
  Time since last request: 0.000027 seconds.
  path: Assets/Assets/KayKit_Forest_Nature_Pack_1.0_FREE/Assets/gltf/Rock_1_E_Color1.gltf
  artifactKey: Guid(eab32561b8b033d4686f1e5b0be27c38) Importer(2089858483,b0f066a214c2f5e87bad3c948f4d605d)
Start importing Assets/Assets/KayKit_Forest_Nature_Pack_1.0_FREE/Assets/gltf/Rock_1_E_Color1.gltf using Guid(eab32561b8b033d4686f1e5b0be27c38) Importer(2089858483,b0f066a214c2f5e87bad3c948f4d605d) (ScriptedImporter) -> (artifact id: '11012d52365cec2bc298e7983a1a4d1f') in 0.0131364 seconds
Number of updated asset objects reloaded before import = 0Number of asset objects unloaded after import = 1

========================================================================
Received Import Request.
  Time since last request: 0.000033 seconds.
  path: Assets/Assets/KayKit_Forest_Nature_Pack_1.0_FREE/Assets/gltf/Grass_1_SingleSided_Mesh.bin
  artifactKey: Guid(0a2efae154d41ca479155420afc073eb) Importer(2089858483,b0f066a214c2f5e87bad3c948f4d605d)
Start importing Assets/Assets/KayKit_Forest_Nature_Pack_1.0_FREE/Assets/gltf/Grass_1_SingleSided_Mesh.bin using Guid(0a2efae154d41ca479155420afc073eb) Importer(2089858483,b0f066a214c2f5e87bad3c948f4d605d) (ScriptedImporter) -> (artifact id: '9b4e378a74a0c176223d0d92574754bd') in 0.0111788 seconds
Number of updated asset objects reloaded before import = 0Number of asset objects unloaded after import = 1

========================================================================
Received Import Request.
  Time since last request: 0.000023 seconds.
  path: Assets/Assets/KayKit_Forest_Nature_Pack_1.0_FREE/Assets/obj/Rock_3_A_Color1.obj
  artifactKey: Guid(6cbdf5c5210b89d46a1a45881edb0fcf) Importer(2089858483,b0f066a214c2f5e87bad3c948f4d605d)
Start importing Assets/Assets/KayKit_Forest_Nature_Pack_1.0_FREE/Assets/obj/Rock_3_A_Color1.obj using Guid(6cbdf5c5210b89d46a1a45881edb0fcf) Importer(2089858483,b0f066a214c2f5e87bad3c948f4d605d) (ScriptedImporter) -> (artifact id: '8c7157159b1c0a07c6005e16d9c7218a') in 0.0209098 seconds
Number of updated asset objects reloaded before import = 0Number of asset objects unloaded after import = 11

========================================================================
Received Import Request.
  Time since last request: 0.000033 seconds.
  path: Assets/Assets/KayKit_Forest_Nature_Pack_1.0_FREE/Assets/obj/Grass_2_C_Singlesided_Color1.mtl
  artifactKey: Guid(8c651a6ff0b05bb41ac50a234bee1a35) Importer(2089858483,b0f066a214c2f5e87bad3c948f4d605d)
Start importing Assets/Assets/KayKit_Forest_Nature_Pack_1.0_FREE/Assets/obj/Grass_2_C_Singlesided_Color1.mtl using Guid(8c651a6ff0b05bb41ac50a234bee1a35) Importer(2089858483,b0f066a214c2f5e87bad3c948f4d605d) (ScriptedImporter) -> (artifact id: '20b64135f1126b386d93d50df10652f4') in 0.0127647 seconds
Number of updated asset objects reloaded before import = 0Number of asset objects unloaded after import = 1

========================================================================
Received Import Request.
  Time since last request: 0.000023 seconds.
  path: Assets/Assets/KayKit_Forest_Nature_Pack_1.0_FREE/Assets/gltf/Bush_2_E_Color1.bin
  artifactKey: Guid(61efcd92f8a434a48af5af23046c7433) Importer(2089858483,b0f066a214c2f5e87bad3c948f4d605d)
Start importing Assets/Assets/KayKit_Forest_Nature_Pack_1.0_FREE/Assets/gltf/Bush_2_E_Color1.bin using Guid(61efcd92f8a434a48af5af23046c7433) Importer(2089858483,b0f066a214c2f5e87bad3c948f4d605d) (ScriptedImporter) -> (artifact id: 'b40913721771805f5cae67408a1150a6') in 0.0107875 seconds
Number of updated asset objects reloaded before import = 0Number of asset objects unloaded after import = 1

========================================================================
Received Import Request.
  Time since last request: 0.000034 seconds.
  path: Assets/Assets/KayKit_Forest_Nature_Pack_1.0_FREE/Assets/fbx(unity)/Tree_1_B_Color1.fbx
  artifactKey: Guid(8e5c4ad625f1d904da00b688052b6de1) Importer(2089858483,b0f066a214c2f5e87bad3c948f4d605d)
Start importing Assets/Assets/KayKit_Forest_Nature_Pack_1.0_FREE/Assets/fbx(unity)/Tree_1_B_Color1.fbx using Guid(8e5c4ad625f1d904da00b688052b6de1) Importer(2089858483,b0f066a214c2f5e87bad3c948f4d605d) (ScriptedImporter) -> (artifact id: '099a239edeb4ac4491baceb2896a5ff9') in 0.0234966 seconds
Number of updated asset objects reloaded before import = 0Number of asset objects unloaded after import = 9

========================================================================
Received Import Request.
  Time since last request: 0.000033 seconds.
  path: Assets/Assets/KayKit_Forest_Nature_Pack_1.0_FREE/Assets/gltf/Rock_1_F_Color1.gltf
  artifactKey: Guid(e2ff40845c8f8fc49accb6387983f7c5) Importer(2089858483,b0f066a214c2f5e87bad3c948f4d605d)
Start importing Assets/Assets/KayKit_Forest_Nature_Pack_1.0_FREE/Assets/gltf/Rock_1_F_Color1.gltf using Guid(e2ff40845c8f8fc49accb6387983f7c5) Importer(2089858483,b0f066a214c2f5e87bad3c948f4d605d) (ScriptedImporter) -> (artifact id: 'f6e855780012915690dd3464de5fec3d') in 0.0130064 seconds
Number of updated asset objects reloaded before import = 0Number of asset objects unloaded after import = 1

========================================================================
Received Import Request.
  Time since last request: 0.000025 seconds.
  path: Assets/Assets/KayKit_Forest_Nature_Pack_1.0_FREE/Assets/obj/Rock_3_G_Color1.obj
  artifactKey: Guid(33df033da6c5b22418ddf3a44901ca6b) Importer(2089858483,b0f066a214c2f5e87bad3c948f4d605d)
Start importing Assets/Assets/KayKit_Forest_Nature_Pack_1.0_FREE/Assets/obj/Rock_3_G_Color1.obj using Guid(33df033da6c5b22418ddf3a44901ca6b) Importer(2089858483,b0f066a214c2f5e87bad3c948f4d605d) (ScriptedImporter) -> (artifact id: '7beff44ae0c8fcd454fc4b8b343668c2') in 0.0190204 seconds
Number of updated asset objects reloaded before import = 0Number of asset objects unloaded after import = 11

========================================================================
Received Import Request.
  Time since last request: 0.000034 seconds.
  path: Assets/Assets/KayKit_Forest_Nature_Pack_1.0_FREE/Assets/fbx/Bush_1_D_Color1.fbx
  artifactKey: Guid(a7bade7bd55b36642bb0d7d630c9ea9c) Importer(815301076,1909f56bfc062723c751e8b465ee728b)
Start importing Assets/Assets/KayKit_Forest_Nature_Pack_1.0_FREE/Assets/fbx/Bush_1_D_Color1.fbx using Guid(a7bade7bd55b36642bb0d7d630c9ea9c) Importer(815301076,1909f56bfc062723c751e8b465ee728b) (PreviewImporter) -> (artifact id: '50936e830a23438c95699b5786b5e765') in 0.0285383 seconds
Number of updated asset objects reloaded before import = 0Number of asset objects unloaded after import = 9

========================================================================
Received Import Request.
  Time since last request: 0.000034 seconds.
  path: Assets/Assets/KayKit_Forest_Nature_Pack_1.0_FREE/Assets/fbx(unity)/Rock_2_G_Color1.fbx
  artifactKey: Guid(67623dd9fc6cb0b47afed4d28ea9c3cd) Importer(2089858483,b0f066a214c2f5e87bad3c948f4d605d)
Start importing Assets/Assets/KayKit_Forest_Nature_Pack_1.0_FREE/Assets/fbx(unity)/Rock_2_G_Color1.fbx using Guid(67623dd9fc6cb0b47afed4d28ea9c3cd) Importer(2089858483,b0f066a214c2f5e87bad3c948f4d605d) (ScriptedImporter) -> (artifact id: '60b4d22dd9a33f966ab37096ecef433c') in 0.0233552 seconds
Number of updated asset objects reloaded before import = 0Number of asset objects unloaded after import = 9

========================================================================
Received Import Request.
  Time since last request: 0.000036 seconds.
  path: Assets/Assets/KayKit_Forest_Nature_Pack_1.0_FREE/Assets/fbx/Rock_3_E_Color1.fbx
  artifactKey: Guid(3cbf0e73bcf922943bfc4a0a74ca5c61) Importer(2089858483,b0f066a214c2f5e87bad3c948f4d605d)
Start importing Assets/Assets/KayKit_Forest_Nature_Pack_1.0_FREE/Assets/fbx/Rock_3_E_Color1.fbx using Guid(3cbf0e73bcf922943bfc4a0a74ca5c61) Importer(2089858483,b0f066a214c2f5e87bad3c948f4d605d) (ScriptedImporter) -> (artifact id: 'b2c609f4bb3779c4793d30df67a7e79e') in 0.0237603 seconds
Number of updated asset objects reloaded before import = 0Number of asset objects unloaded after import = 9

========================================================================
Received Import Request.
  Time since last request: 0.000030 seconds.
  path: Assets/Assets/KayKit_Forest_Nature_Pack_1.0_FREE/Assets/fbx/Tree_Bare_1_A_Color1.fbx
  artifactKey: Guid(e347167c8d1bdeb468a925e179aa5028) Importer(2089858483,b0f066a214c2f5e87bad3c948f4d605d)
Start importing Assets/Assets/KayKit_Forest_Nature_Pack_1.0_FREE/Assets/fbx/Tree_Bare_1_A_Color1.fbx using Guid(e347167c8d1bdeb468a925e179aa5028) Importer(2089858483,b0f066a214c2f5e87bad3c948f4d605d) (ScriptedImporter) -> (artifact id: 'b6c6af729b99fc4d6f9ef90ca8fd8d8e') in 0.0193779 seconds
Number of updated asset objects reloaded before import = 0Number of asset objects unloaded after import = 9

========================================================================
Received Import Request.
  Time since last request: 0.000028 seconds.
  path: Assets/Assets/KayKit_Forest_Nature_Pack_1.0_FREE/Assets/gltf/Rock_3_R_Color1.gltf
  artifactKey: Guid(531ef5743c7b5fa47a0264aad596f3d4) Importer(2089858483,b0f066a214c2f5e87bad3c948f4d605d)
Start importing Assets/Assets/KayKit_Forest_Nature_Pack_1.0_FREE/Assets/gltf/Rock_3_R_Color1.gltf using Guid(531ef5743c7b5fa47a0264aad596f3d4) Importer(2089858483,b0f066a214c2f5e87bad3c948f4d605d) (ScriptedImporter) -> (artifact id: 'd36bc818e9d8de1bff381e2b26f52df8') in 0.0125418 seconds
Number of updated asset objects reloaded before import = 0Number of asset objects unloaded after import = 1

========================================================================
Received Import Request.
  Time since last request: 0.000025 seconds.
  path: Assets/Assets/KayKit_Forest_Nature_Pack_1.0_FREE/Assets/obj/Tree_Bare_1_B_Color1.mtl
  artifactKey: Guid(4ca4604916fc7a148a38fa9e2fa4bc00) Importer(2089858483,b0f066a214c2f5e87bad3c948f4d605d)
Start importing Assets/Assets/KayKit_Forest_Nature_Pack_1.0_FREE/Assets/obj/Tree_Bare_1_B_Color1.mtl using Guid(4ca4604916fc7a148a38fa9e2fa4bc00) Importer(2089858483,b0f066a214c2f5e87bad3c948f4d605d) (ScriptedImporter) -> (artifact id: 'f4c9a0ed79d1731ea8bec5bd105f347b') in 0.0126523 seconds
Number of updated asset objects reloaded before import = 0Number of asset objects unloaded after import = 1

========================================================================
Received Import Request.
  Time since last request: 0.000026 seconds.
  path: Assets/Assets/KayKit_Forest_Nature_Pack_1.0_FREE/More KayKit Assets.url
  artifactKey: Guid(ecf80caabfbb7e44990df7d83eb50c65) Importer(2089858483,b0f066a214c2f5e87bad3c948f4d605d)
Start importing Assets/Assets/KayKit_Forest_Nature_Pack_1.0_FREE/More KayKit Assets.url using Guid(ecf80caabfbb7e44990df7d83eb50c65) Importer(2089858483,b0f066a214c2f5e87bad3c948f4d605d) (ScriptedImporter) -> (artifact id: '0b633f478f8da058fbb4afd94040d5c4') in 0.0117248 seconds
Number of updated asset objects reloaded before import = 0Number of asset objects unloaded after import = 1

========================================================================
Received Import Request.
  Time since last request: 0.000025 seconds.
  path: Assets/Assets/KayKit_Forest_Nature_Pack_1.0_FREE/Assets/obj/Rock_2_H_Color1.obj
  artifactKey: Guid(2a30d823a7a524c42976e532e612ac0b) Importer(2089858483,b0f066a214c2f5e87bad3c948f4d605d)
Start importing Assets/Assets/KayKit_Forest_Nature_Pack_1.0_FREE/Assets/obj/Rock_2_H_Color1.obj using Guid(2a30d823a7a524c42976e532e612ac0b) Importer(2089858483,b0f066a214c2f5e87bad3c948f4d605d) (ScriptedImporter) -> (artifact id: 'c1bc30486343bbb1a8475d6429eec005') in 0.0194163 seconds
Number of updated asset objects reloaded before import = 0Number of asset objects unloaded after import = 11

========================================================================
Received Import Request.
  Time since last request: 0.000041 seconds.
  path: Assets/Assets/KayKit_Forest_Nature_Pack_1.0_FREE/Assets/gltf/Bush_2_B_Color1.gltf
  artifactKey: Guid(956d28dd10e9b08409f82b390520405c) Importer(2089858483,b0f066a214c2f5e87bad3c948f4d605d)
Start importing Assets/Assets/KayKit_Forest_Nature_Pack_1.0_FREE/Assets/gltf/Bush_2_B_Color1.gltf using Guid(956d28dd10e9b08409f82b390520405c) Importer(2089858483,b0f066a214c2f5e87bad3c948f4d605d) (ScriptedImporter) -> (artifact id: 'd48d8448caa5672e446a616a56e087c3') in 0.0107311 seconds
Number of updated asset objects reloaded before import = 0Number of asset objects unloaded after import = 1

========================================================================
Received Import Request.
  Time since last request: 0.000026 seconds.
  path: Assets/Assets/KayKit_Forest_Nature_Pack_1.0_FREE/Assets/gltf/Grass_1_B_Color1.gltf
  artifactKey: Guid(b9b0451f49e0f774da29b2318fcdbd0a) Importer(2089858483,b0f066a214c2f5e87bad3c948f4d605d)
Start importing Assets/Assets/KayKit_Forest_Nature_Pack_1.0_FREE/Assets/gltf/Grass_1_B_Color1.gltf using Guid(b9b0451f49e0f774da29b2318fcdbd0a) Importer(2089858483,b0f066a214c2f5e87bad3c948f4d605d) (ScriptedImporter) -> (artifact id: 'dfe8c70ce2de3426d47e2e18db850e10') in 0.0115643 seconds
Number of updated asset objects reloaded before import = 0Number of asset objects unloaded after import = 1

========================================================================
Received Import Request.
  Time since last request: 0.000023 seconds.
  path: Assets/Assets/KayKit_Forest_Nature_Pack_1.0_FREE/Assets/obj/Rock_1_L_Color1.obj
  artifactKey: Guid(1937b2bacdb4bb541a67f163f9b60dfc) Importer(2089858483,b0f066a214c2f5e87bad3c948f4d605d)
Start importing Assets/Assets/KayKit_Forest_Nature_Pack_1.0_FREE/Assets/obj/Rock_1_L_Color1.obj using Guid(1937b2bacdb4bb541a67f163f9b60dfc) Importer(2089858483,b0f066a214c2f5e87bad3c948f4d605d) (ScriptedImporter) -> (artifact id: '50348c189013ae6b759801abd11548b6') in 0.0200143 seconds
Number of updated asset objects reloaded before import = 0Number of asset objects unloaded after import = 11

========================================================================
Received Import Request.
  Time since last request: 0.000027 seconds.
  path: Assets/Assets/KayKit_Forest_Nature_Pack_1.0_FREE/Assets/obj/Bush_1_C_Color1.mtl
  artifactKey: Guid(011b3d317ad14554a904d91b8e5ee3b4) Importer(2089858483,b0f066a214c2f5e87bad3c948f4d605d)
Start importing Assets/Assets/KayKit_Forest_Nature_Pack_1.0_FREE/Assets/obj/Bush_1_C_Color1.mtl using Guid(011b3d317ad14554a904d91b8e5ee3b4) Importer(2089858483,b0f066a214c2f5e87bad3c948f4d605d) (ScriptedImporter) -> (artifact id: 'bbb52e68f4aeda97bb38550e1e201951') in 0.0139222 seconds
Number of updated asset objects reloaded before import = 0Number of asset objects unloaded after import = 1

========================================================================
Received Import Request.
  Time since last request: 0.000035 seconds.
  path: Assets/Assets/KayKit_Forest_Nature_Pack_1.0_FREE/Assets/fbx(unity)/Grass_2_A_Singlesided_Color1.fbx
  artifactKey: Guid(60f11ffbc13452b4cbab696de6fe7b2d) Importer(2089858483,b0f066a214c2f5e87bad3c948f4d605d)
Start importing Assets/Assets/KayKit_Forest_Nature_Pack_1.0_FREE/Assets/fbx(unity)/Grass_2_A_Singlesided_Color1.fbx using Guid(60f11ffbc13452b4cbab696de6fe7b2d) Importer(2089858483,b0f066a214c2f5e87bad3c948f4d605d) (ScriptedImporter) -> (artifact id: '4d7177f092326de8749affbcfca2f514') in 0.0235897 seconds
Number of updated asset objects reloaded before import = 0Number of asset objects unloaded after import = 9

========================================================================
Received Import Request.
  Time since last request: 0.000037 seconds.
  path: Assets/Assets/KayKit_Forest_Nature_Pack_1.0_FREE/Assets/obj/Rock_3_Q_Color1.mtl
  artifactKey: Guid(97ddae114a7ff1f46a90c11ce0a678a1) Importer(2089858483,b0f066a214c2f5e87bad3c948f4d605d)
Start importing Assets/Assets/KayKit_Forest_Nature_Pack_1.0_FREE/Assets/obj/Rock_3_Q_Color1.mtl using Guid(97ddae114a7ff1f46a90c11ce0a678a1) Importer(2089858483,b0f066a214c2f5e87bad3c948f4d605d) (ScriptedImporter) -> (artifact id: '4a95c51e38ffabc50835d26664c35688') in 0.0112827 seconds
Number of updated asset objects reloaded before import = 0Number of asset objects unloaded after import = 1

========================================================================
Received Import Request.
  Time since last request: 0.000022 seconds.
  path: Assets/Assets/KayKit_Forest_Nature_Pack_1.0_FREE/Assets/obj/Rock_3_C_Color1.obj
  artifactKey: Guid(20eaf466f9fd105498b35aca070cc43d) Importer(2089858483,b0f066a214c2f5e87bad3c948f4d605d)
Start importing Assets/Assets/KayKit_Forest_Nature_Pack_1.0_FREE/Assets/obj/Rock_3_C_Color1.obj using Guid(20eaf466f9fd105498b35aca070cc43d) Importer(2089858483,b0f066a214c2f5e87bad3c948f4d605d) (ScriptedImporter) -> (artifact id: 'a0836e790389d51dc43dddc68aa59424') in 0.0199741 seconds
Number of updated asset objects reloaded before import = 0Number of asset objects unloaded after import = 11

========================================================================
Received Import Request.
  Time since last request: 0.000023 seconds.
  path: Assets/Assets/KayKit_Forest_Nature_Pack_1.0_FREE/Assets/gltf/Tree_4_A_Color1.bin
  artifactKey: Guid(e5b848bc3bf497b49aac2eac7cb8ca6f) Importer(2089858483,b0f066a214c2f5e87bad3c948f4d605d)
Start importing Assets/Assets/KayKit_Forest_Nature_Pack_1.0_FREE/Assets/gltf/Tree_4_A_Color1.bin using Guid(e5b848bc3bf497b49aac2eac7cb8ca6f) Importer(2089858483,b0f066a214c2f5e87bad3c948f4d605d) (ScriptedImporter) -> (artifact id: 'b90008687ced733efcd961487b983444') in 0.0117589 seconds
Number of updated asset objects reloaded before import = 0Number of asset objects unloaded after import = 1

========================================================================
Received Import Request.
  Time since last request: 2.946329 seconds.
  path: Assets/Assets/KayKit_Forest_Nature_Pack_1.0_FREE/Assets/fbx/Bush_4_F_Color1.fbx
  artifactKey: Guid(9f14d6b59f2a4fa4d84e36911d4a9b17) Importer(815301076,1909f56bfc062723c751e8b465ee728b)
Start importing Assets/Assets/KayKit_Forest_Nature_Pack_1.0_FREE/Assets/fbx/Bush_4_F_Color1.fbx using Guid(9f14d6b59f2a4fa4d84e36911d4a9b17) Importer(815301076,1909f56bfc062723c751e8b465ee728b) (PreviewImporter) -> (artifact id: 'df0b51631f4389088ee562ce1fc4518e') in 0.0254242 seconds
Number of updated asset objects reloaded before import = 0Number of asset objects unloaded after import = 9

========================================================================
Received Import Request.
  Time since last request: 0.002252 seconds.
  path: Assets/Assets/KayKit_Forest_Nature_Pack_1.0_FREE/Assets/fbx/Grass_1_B_Color1.fbx
  artifactKey: Guid(bdfe24e8d7ade124ebd0e6e9d349f1f4) Importer(815301076,1909f56bfc062723c751e8b465ee728b)
Start importing Assets/Assets/KayKit_Forest_Nature_Pack_1.0_FREE/Assets/fbx/Grass_1_B_Color1.fbx using Guid(bdfe24e8d7ade124ebd0e6e9d349f1f4) Importer(815301076,1909f56bfc062723c751e8b465ee728b) (PreviewImporter) -> (artifact id: 'ea6d6523f68ec55f7f2e55c7d3d05bae') in 0.0280937 seconds
Number of updated asset objects reloaded before import = 0Number of asset objects unloaded after import = 9

========================================================================
Received Import Request.
  Time since last request: 0.000027 seconds.
  path: Assets/Assets/KayKit_Forest_Nature_Pack_1.0_FREE/Assets/fbx/Grass_1_C_Singlesided_Color1.fbx
  artifactKey: Guid(ab59b678932460243811f2d0b1223461) Importer(815301076,1909f56bfc062723c751e8b465ee728b)
Start importing Assets/Assets/KayKit_Forest_Nature_Pack_1.0_FREE/Assets/fbx/Grass_1_C_Singlesided_Color1.fbx using Guid(ab59b678932460243811f2d0b1223461) Importer(815301076,1909f56bfc062723c751e8b465ee728b) (PreviewImporter) -> (artifact id: 'acf3dff1be05fc4e6877398f146771ee') in 0.0238592 seconds
Number of updated asset objects reloaded before import = 0Number of asset objects unloaded after import = 9

========================================================================
Received Import Request.
  Time since last request: 0.489305 seconds.
  path: Assets/Assets/KayKit_Forest_Nature_Pack_1.0_FREE/Assets/fbx/Grass_1_D_Color1.fbx
  artifactKey: Guid(6e180ae743f8647458bf55007f73c92b) Importer(815301076,1909f56bfc062723c751e8b465ee728b)
Start importing Assets/Assets/KayKit_Forest_Nature_Pack_1.0_FREE/Assets/fbx/Grass_1_D_Color1.fbx using Guid(6e180ae743f8647458bf55007f73c92b) Importer(815301076,1909f56bfc062723c751e8b465ee728b) (PreviewImporter) -> (artifact id: '21546a00bac3807adec90f8849a407cf') in 0.0243483 seconds
Number of updated asset objects reloaded before import = 0Number of asset objects unloaded after import = 9

========================================================================
Received Import Request.
  Time since last request: 0.610107 seconds.
  path: Assets/Assets/KayKit_Forest_Nature_Pack_1.0_FREE/Assets/fbx/Grass_2_A_Color1.fbx
  artifactKey: Guid(a6751315022eece499504dad84302bc8) Importer(815301076,1909f56bfc062723c751e8b465ee728b)
Start importing Assets/Assets/KayKit_Forest_Nature_Pack_1.0_FREE/Assets/fbx/Grass_2_A_Color1.fbx using Guid(a6751315022eece499504dad84302bc8) Importer(815301076,1909f56bfc062723c751e8b465ee728b) (PreviewImporter) -> (artifact id: '86cc04eb97dc2873eae983593cf9cc2f') in 0.0260471 seconds
Number of updated asset objects reloaded before import = 0Number of asset objects unloaded after import = 9

========================================================================
Received Import Request.
  Time since last request: 1.093927 seconds.
  path: Assets/Assets/KayKit_Forest_Nature_Pack_1.0_FREE/Assets/fbx/Grass_2_B_Color1.fbx
  artifactKey: Guid(7c02902d295f90644a8795f183a47ff9) Importer(815301076,1909f56bfc062723c751e8b465ee728b)
Start importing Assets/Assets/KayKit_Forest_Nature_Pack_1.0_FREE/Assets/fbx/Grass_2_B_Color1.fbx using Guid(7c02902d295f90644a8795f183a47ff9) Importer(815301076,1909f56bfc062723c751e8b465ee728b) (PreviewImporter) -> (artifact id: '2a1b38f0d7186ff7479ee5dfa8cb00d3') in 0.0289788 seconds
Number of updated asset objects reloaded before import = 0Number of asset objects unloaded after import = 9

========================================================================
Received Import Request.
  Time since last request: 0.000035 seconds.
  path: Assets/Assets/KayKit_Forest_Nature_Pack_1.0_FREE/Assets/fbx/Grass_2_C_Singlesided_Color1.fbx
  artifactKey: Guid(a8dafc6842e5e8a4f89c918bdc6030be) Importer(815301076,1909f56bfc062723c751e8b465ee728b)
Start importing Assets/Assets/KayKit_Forest_Nature_Pack_1.0_FREE/Assets/fbx/Grass_2_C_Singlesided_Color1.fbx using Guid(a8dafc6842e5e8a4f89c918bdc6030be) Importer(815301076,1909f56bfc062723c751e8b465ee728b) (PreviewImporter) -> (artifact id: '48e313c15405fa47da8349332cea5ad6') in 0.0229041 seconds
Number of updated asset objects reloaded before import = 0Number of asset objects unloaded after import = 9

========================================================================
Received Import Request.
  Time since last request: 0.601644 seconds.
  path: Assets/Assets/KayKit_Forest_Nature_Pack_1.0_FREE/Assets/fbx/Grass_2_D_Color1.fbx
  artifactKey: Guid(42953ceda1553b748a40464e0f6facb3) Importer(815301076,1909f56bfc062723c751e8b465ee728b)
Start importing Assets/Assets/KayKit_Forest_Nature_Pack_1.0_FREE/Assets/fbx/Grass_2_D_Color1.fbx using Guid(42953ceda1553b748a40464e0f6facb3) Importer(815301076,1909f56bfc062723c751e8b465ee728b) (PreviewImporter) -> (artifact id: '6d17c785ab63abf8ac7bd43ecbac8834') in 0.0244633 seconds
Number of updated asset objects reloaded before import = 0Number of asset objects unloaded after import = 9

========================================================================
Received Import Request.
  Time since last request: 6.643173 seconds.
  path: Assets/Assets/KayKit_Forest_Nature_Pack_1.0_FREE/Assets/fbx/Grass_2_Mesh.fbx
  artifactKey: Guid(7a25bc51a2e7c4544a7fd49d0bc97c95) Importer(815301076,1909f56bfc062723c751e8b465ee728b)
Start importing Assets/Assets/KayKit_Forest_Nature_Pack_1.0_FREE/Assets/fbx/Grass_2_Mesh.fbx using Guid(7a25bc51a2e7c4544a7fd49d0bc97c95) Importer(815301076,1909f56bfc062723c751e8b465ee728b) (PreviewImporter) -> (artifact id: '89482497d8a4fc0098c947971d60cdd3') in 0.0201369 seconds
Number of updated asset objects reloaded before import = 0Number of asset objects unloaded after import = 7

========================================================================
Received Import Request.
  Time since last request: 0.000032 seconds.
  path: Assets/Assets/KayKit_Forest_Nature_Pack_1.0_FREE/Assets/fbx/Rock_1_B_Color1.fbx
  artifactKey: Guid(c1c2270a30aeb7e41bee007c2ee60202) Importer(815301076,1909f56bfc062723c751e8b465ee728b)
Start importing Assets/Assets/KayKit_Forest_Nature_Pack_1.0_FREE/Assets/fbx/Rock_1_B_Color1.fbx using Guid(c1c2270a30aeb7e41bee007c2ee60202) Importer(815301076,1909f56bfc062723c751e8b465ee728b) (PreviewImporter) -> (artifact id: '861753883b4d965c747d421597aefa78') in 0.0259264 seconds
Number of updated asset objects reloaded before import = 0Number of asset objects unloaded after import = 9

========================================================================
Received Import Request.
  Time since last request: 0.000039 seconds.
  path: Assets/Assets/KayKit_Forest_Nature_Pack_1.0_FREE/Assets/fbx/Rock_1_E_Color1.fbx
  artifactKey: Guid(ea4d5416649659f42bcfa4a5f0c7137e) Importer(815301076,1909f56bfc062723c751e8b465ee728b)
Start importing Assets/Assets/KayKit_Forest_Nature_Pack_1.0_FREE/Assets/fbx/Rock_1_E_Color1.fbx using Guid(ea4d5416649659f42bcfa4a5f0c7137e) Importer(815301076,1909f56bfc062723c751e8b465ee728b) (PreviewImporter) -> (artifact id: '2b395a19b4e392b25b5a7b9d131656ad') in 0.0270277 seconds
Number of updated asset objects reloaded before import = 0Number of asset objects unloaded after import = 9

========================================================================
Received Import Request.
  Time since last request: 0.000025 seconds.
  path: Assets/Assets/KayKit_Forest_Nature_Pack_1.0_FREE/Assets/fbx/Rock_1_F_Color1.fbx
  artifactKey: Guid(a15d5512f244e61458de67a2c60dad29) Importer(815301076,1909f56bfc062723c751e8b465ee728b)
Start importing Assets/Assets/KayKit_Forest_Nature_Pack_1.0_FREE/Assets/fbx/Rock_1_F_Color1.fbx using Guid(a15d5512f244e61458de67a2c60dad29) Importer(815301076,1909f56bfc062723c751e8b465ee728b) (PreviewImporter) -> (artifact id: 'a4fdaef84b94deaff461d970fc7face1') in 0.0245213 seconds
Number of updated asset objects reloaded before import = 0Number of asset objects unloaded after import = 9

========================================================================
Received Import Request.
  Time since last request: 0.187126 seconds.
  path: Assets/Assets/KayKit_Forest_Nature_Pack_1.0_FREE/Assets/fbx/Rock_1_I_Color1.fbx
  artifactKey: Guid(0df2681d36e911d418378bdd4627e3b2) Importer(815301076,1909f56bfc062723c751e8b465ee728b)
Start importing Assets/Assets/KayKit_Forest_Nature_Pack_1.0_FREE/Assets/fbx/Rock_1_I_Color1.fbx using Guid(0df2681d36e911d418378bdd4627e3b2) Importer(815301076,1909f56bfc062723c751e8b465ee728b) (PreviewImporter) -> (artifact id: '6eaf10c8de448a941cb32bdb03edcafb') in 0.0270233 seconds
Number of updated asset objects reloaded before import = 0Number of asset objects unloaded after import = 9

========================================================================
Received Import Request.
  Time since last request: 0.000024 seconds.
  path: Assets/Assets/KayKit_Forest_Nature_Pack_1.0_FREE/Assets/fbx/Rock_1_L_Color1.fbx
  artifactKey: Guid(5e33ddc52631efe48bed4e70b557af6a) Importer(815301076,1909f56bfc062723c751e8b465ee728b)
Start importing Assets/Assets/KayKit_Forest_Nature_Pack_1.0_FREE/Assets/fbx/Rock_1_L_Color1.fbx using Guid(5e33ddc52631efe48bed4e70b557af6a) Importer(815301076,1909f56bfc062723c751e8b465ee728b) (PreviewImporter) -> (artifact id: '3f0877c86500fda15570369ac45cb969') in 0.0268035 seconds
Number of updated asset objects reloaded before import = 0Number of asset objects unloaded after import = 9

========================================================================
Received Import Request.
  Time since last request: 0.000028 seconds.
  path: Assets/Assets/KayKit_Forest_Nature_Pack_1.0_FREE/Assets/fbx/Rock_1_O_Color1.fbx
  artifactKey: Guid(d1ab26583131c7c46b5cde1f0f36c91f) Importer(815301076,1909f56bfc062723c751e8b465ee728b)
Start importing Assets/Assets/KayKit_Forest_Nature_Pack_1.0_FREE/Assets/fbx/Rock_1_O_Color1.fbx using Guid(d1ab26583131c7c46b5cde1f0f36c91f) Importer(815301076,1909f56bfc062723c751e8b465ee728b) (PreviewImporter) -> (artifact id: '61806396b92609cbe46debaf86de9f0c') in 0.0281809 seconds
Number of updated asset objects reloaded before import = 0Number of asset objects unloaded after import = 9

========================================================================
Received Import Request.
  Time since last request: 117.086213 seconds.
  path: Assets/Settings/Mobile_RPAsset.asset
  artifactKey: Guid(5e6cbd92db86f4b18aec3ed561671858) Importer(2089858483,b0f066a214c2f5e87bad3c948f4d605d)
Start importing Assets/Settings/Mobile_RPAsset.asset using Guid(5e6cbd92db86f4b18aec3ed561671858) Importer(2089858483,b0f066a214c2f5e87bad3c948f4d605d) (ScriptedImporter) -> (artifact id: 'efde949741a1e235374f7d8edc080d99') in 0.0809871 seconds
Number of updated asset objects reloaded before import = 0Number of asset objects unloaded after import = 2

========================================================================
Received Prepare
Begin MonoManager ReloadAssembly
[Licensing::Client] Successfully resolved entitlement details
- Loaded All Assemblies, in  0.874 seconds
Refreshing native plugins compatible for Editor in 0.75 ms, found 3 plugins.
Native extension for iOS target not found
Native extension for Android target not found
Native extension for WindowsStandalone target not found
Native extension for OSXStandalone target not found
[Package Manager] Failed to launch server process. Reason: Unity was launched with the -noUpm command-line argument
[Package Manager] Unable to send message (not connected to server process).
[Package Manager] Cannot connect to Unity Package Manager local server
[Package Manager] Failed to launch server process. Reason: Unity was launched with the -noUpm command-line argument
[Package Manager] Unable to send message (not connected to server process).
[Package Manager] Cannot connect to Unity Package Manager local server
ScheduleIndexationOnStartup MainProcess:False IndexOnStartup:True
Mono: successfully reloaded assembly
- Finished resetting the current domain, in  0.817 seconds
Domain Reload Profiling: 1694ms
	BeginReloadAssembly (284ms)
		ExecutionOrderSort (0ms)
		DisableScriptedObjects (9ms)
		BackupInstance (0ms)
		ReleaseScriptingObjects (0ms)
		CreateAndSetChildDomain (81ms)
	RebuildCommonClasses (48ms)
	RebuildNativeTypeToScriptingClass (19ms)
	initialDomainReloadingComplete (29ms)
	LoadAllAssembliesAndSetupDomain (498ms)
		LoadAssemblies (382ms)
		RebuildTransferFunctionScriptingTraits (0ms)
		AnalyzeDomain (236ms)
			TypeCache.Refresh (9ms)
				TypeCache.ScanAssembly (0ms)
			BuildScriptInfoCaches (209ms)
			ResolveRequiredComponents (12ms)
	FinalizeReload (817ms)
		ReleaseScriptCaches (0ms)
		RebuildScriptCaches (0ms)
		SetupLoadedEditorAssemblies (623ms)
			LogAssemblyErrors (0ms)
			InitializePlatformSupportModulesInManaged (14ms)
			SetLoadedEditorAssemblies (6ms)
			BeforeProcessingInitializeOnLoad (165ms)
			ProcessInitializeOnLoadAttributes (360ms)
			ProcessInitializeOnLoadMethodAttributes (76ms)
			AfterProcessingInitializeOnLoad (3ms)
			EditorAssembliesLoaded (0ms)
		ExecutionOrderSort2 (0ms)
		AwakeInstancesAfterBackupRestoration (23ms)
Refreshing native plugins compatible for Editor in 1.02 ms, found 3 plugins.
Preloading 0 native plugins for Editor in 0.00 ms.
Unloading 16 Unused Serialized files (Serialized files now loaded: 0)
Unloading 6186 unused Assets / (4.4 MB). Loaded Objects now: 7187.
Memory consumption went from 159.0 MB to 154.6 MB.
Total: 12.664700 ms (FindLiveObjects: 0.845600 ms CreateObjectMapping: 1.351100 ms MarkObjects: 6.737500 ms  DeleteObjects: 3.729500 ms)

Prepare: number of updated asset objects reloaded= 0
========================================================================
Received Prepare
Refreshing native plugins compatible for Editor in 0.85 ms, found 3 plugins.
Preloading 0 native plugins for Editor in 0.00 ms.
Unloading 16 Unused Serialized files (Serialized files now loaded: 0)
Unloading 6176 unused Assets / (4.5 MB). Loaded Objects now: 7187.
Memory consumption went from 158.9 MB to 154.4 MB.
Total: 12.093600 ms (FindLiveObjects: 0.869800 ms CreateObjectMapping: 1.409200 ms MarkObjects: 6.787100 ms  DeleteObjects: 3.026200 ms)

Prepare: number of updated asset objects reloaded= 0
========================================================================
Received Prepare
Begin MonoManager ReloadAssembly
- Loaded All Assemblies, in  0.940 seconds
Refreshing native plugins compatible for Editor in 0.87 ms, found 3 plugins.
Native extension for iOS target not found
Native extension for Android target not found
Native extension for WindowsStandalone target not found
Native extension for OSXStandalone target not found
[Package Manager] Failed to launch server process. Reason: Unity was launched with the -noUpm command-line argument
[Package Manager] Unable to send message (not connected to server process).
[Package Manager] Cannot connect to Unity Package Manager local server
[Package Manager] Failed to launch server process. Reason: Unity was launched with the -noUpm command-line argument
[Package Manager] Unable to send message (not connected to server process).
[Package Manager] Cannot connect to Unity Package Manager local server
ScheduleIndexationOnStartup MainProcess:False IndexOnStartup:True
Mono: successfully reloaded assembly
- Finished resetting the current domain, in  0.856 seconds
Domain Reload Profiling: 1801ms
	BeginReloadAssembly (275ms)
		ExecutionOrderSort (0ms)
		DisableScriptedObjects (8ms)
		BackupInstance (0ms)
		ReleaseScriptingObjects (0ms)
		CreateAndSetChildDomain (53ms)
	RebuildCommonClasses (44ms)
	RebuildNativeTypeToScriptingClass (18ms)
	initialDomainReloadingComplete (30ms)
	LoadAllAssembliesAndSetupDomain (578ms)
		LoadAssemblies (450ms)
		RebuildTransferFunctionScriptingTraits (0ms)
		AnalyzeDomain (268ms)
			TypeCache.Refresh (16ms)
				TypeCache.ScanAssembly (0ms)
			BuildScriptInfoCaches (232ms)
			ResolveRequiredComponents (13ms)
	FinalizeReload (857ms)
		ReleaseScriptCaches (0ms)
		RebuildScriptCaches (0ms)
		SetupLoadedEditorAssemblies (631ms)
			LogAssemblyErrors (0ms)
			InitializePlatformSupportModulesInManaged (13ms)
			SetLoadedEditorAssemblies (5ms)
			BeforeProcessingInitializeOnLoad (160ms)
			ProcessInitializeOnLoadAttributes (367ms)
			ProcessInitializeOnLoadMethodAttributes (81ms)
			AfterProcessingInitializeOnLoad (4ms)
			EditorAssembliesLoaded (0ms)
		ExecutionOrderSort2 (0ms)
		AwakeInstancesAfterBackupRestoration (23ms)
Refreshing native plugins compatible for Editor in 0.91 ms, found 3 plugins.
Preloading 0 native plugins for Editor in 0.00 ms.
Unloading 16 Unused Serialized files (Serialized files now loaded: 0)
Unloading 6182 unused Assets / (4.3 MB). Loaded Objects now: 7190.
Memory consumption went from 158.8 MB to 154.5 MB.
Total: 11.944100 ms (FindLiveObjects: 1.109700 ms CreateObjectMapping: 1.440500 ms MarkObjects: 6.280200 ms  DeleteObjects: 3.112600 ms)

Prepare: number of updated asset objects reloaded= 0
========================================================================
Received Prepare
Refreshing native plugins compatible for Editor in 0.86 ms, found 3 plugins.
Preloading 0 native plugins for Editor in 0.00 ms.
Unloading 16 Unused Serialized files (Serialized files now loaded: 0)
Unloading 6176 unused Assets / (4.8 MB). Loaded Objects now: 7190.
Memory consumption went from 159.0 MB to 154.2 MB.
Total: 13.970600 ms (FindLiveObjects: 0.925700 ms CreateObjectMapping: 1.360300 ms MarkObjects: 8.081900 ms  DeleteObjects: 3.601600 ms)

Prepare: number of updated asset objects reloaded= 0
========================================================================
Received Prepare
Begin MonoManager ReloadAssembly
[Licensing::Client] Successfully resolved entitlement details
- Loaded All Assemblies, in  0.848 seconds
Refreshing native plugins compatible for Editor in 1.03 ms, found 3 plugins.
Native extension for iOS target not found
Native extension for Android target not found
Native extension for WindowsStandalone target not found
Native extension for OSXStandalone target not found
[Package Manager] Failed to launch server process. Reason: Unity was launched with the -noUpm command-line argument
[Package Manager] Unable to send message (not connected to server process).
[Package Manager] Cannot connect to Unity Package Manager local server
[Package Manager] Failed to launch server process. Reason: Unity was launched with the -noUpm command-line argument
[Package Manager] Unable to send message (not connected to server process).
[Package Manager] Cannot connect to Unity Package Manager local server
ScheduleIndexationOnStartup MainProcess:False IndexOnStartup:True
Mono: successfully reloaded assembly
- Finished resetting the current domain, in  0.818 seconds
Domain Reload Profiling: 1671ms
	BeginReloadAssembly (242ms)
		ExecutionOrderSort (0ms)
		DisableScriptedObjects (9ms)
		BackupInstance (0ms)
		ReleaseScriptingObjects (0ms)
		CreateAndSetChildDomain (51ms)
	RebuildCommonClasses (53ms)
	RebuildNativeTypeToScriptingClass (17ms)
	initialDomainReloadingComplete (29ms)
	LoadAllAssembliesAndSetupDomain (511ms)
		LoadAssemblies (375ms)
		RebuildTransferFunctionScriptingTraits (0ms)
		AnalyzeDomain (250ms)
			TypeCache.Refresh (14ms)
				TypeCache.ScanAssembly (0ms)
			BuildScriptInfoCaches (214ms)
			ResolveRequiredComponents (17ms)
	FinalizeReload (819ms)
		ReleaseScriptCaches (0ms)
		RebuildScriptCaches (0ms)
		SetupLoadedEditorAssemblies (618ms)
			LogAssemblyErrors (0ms)
			InitializePlatformSupportModulesInManaged (12ms)
			SetLoadedEditorAssemblies (6ms)
			BeforeProcessingInitializeOnLoad (175ms)
			ProcessInitializeOnLoadAttributes (346ms)
			ProcessInitializeOnLoadMethodAttributes (75ms)
			AfterProcessingInitializeOnLoad (3ms)
			EditorAssembliesLoaded (0ms)
		ExecutionOrderSort2 (0ms)
		AwakeInstancesAfterBackupRestoration (25ms)
Refreshing native plugins compatible for Editor in 0.75 ms, found 3 plugins.
Preloading 0 native plugins for Editor in 0.00 ms.
Unloading 16 Unused Serialized files (Serialized files now loaded: 0)
Unloading 6182 unused Assets / (4.4 MB). Loaded Objects now: 7193.
Memory consumption went from 158.8 MB to 154.5 MB.
Total: 10.137400 ms (FindLiveObjects: 0.910200 ms CreateObjectMapping: 1.310700 ms MarkObjects: 5.314000 ms  DeleteObjects: 2.601800 ms)

Prepare: number of updated asset objects reloaded= 0
========================================================================
Received Prepare
Begin MonoManager ReloadAssembly
- Loaded All Assemblies, in  0.838 seconds
Refreshing native plugins compatible for Editor in 0.72 ms, found 3 plugins.
Native extension for iOS target not found
Native extension for Android target not found
Native extension for WindowsStandalone target not found
Native extension for OSXStandalone target not found
[Package Manager] Failed to launch server process. Reason: Unity was launched with the -noUpm command-line argument
[Package Manager] Unable to send message (not connected to server process).
[Package Manager] Cannot connect to Unity Package Manager local server
[Package Manager] Failed to launch server process. Reason: Unity was launched with the -noUpm command-line argument
[Package Manager] Unable to send message (not connected to server process).
[Package Manager] Cannot connect to Unity Package Manager local server
ScheduleIndexationOnStartup MainProcess:False IndexOnStartup:True
Mono: successfully reloaded assembly
- Finished resetting the current domain, in  0.831 seconds
Domain Reload Profiling: 1672ms
	BeginReloadAssembly (226ms)
		ExecutionOrderSort (0ms)
		DisableScriptedObjects (7ms)
		BackupInstance (0ms)
		ReleaseScriptingObjects (0ms)
		CreateAndSetChildDomain (48ms)
	RebuildCommonClasses (46ms)
	RebuildNativeTypeToScriptingClass (17ms)
	initialDomainReloadingComplete (34ms)
	LoadAllAssembliesAndSetupDomain (518ms)
		LoadAssemblies (366ms)
		RebuildTransferFunctionScriptingTraits (0ms)
		AnalyzeDomain (261ms)
			TypeCache.Refresh (9ms)
				TypeCache.ScanAssembly (0ms)
			BuildScriptInfoCaches (233ms)
			ResolveRequiredComponents (13ms)
	FinalizeReload (831ms)
		ReleaseScriptCaches (0ms)
		RebuildScriptCaches (0ms)
		SetupLoadedEditorAssemblies (632ms)
			LogAssemblyErrors (0ms)
			InitializePlatformSupportModulesInManaged (13ms)
			SetLoadedEditorAssemblies (6ms)
			BeforeProcessingInitializeOnLoad (146ms)
			ProcessInitializeOnLoadAttributes (379ms)
			ProcessInitializeOnLoadMethodAttributes (84ms)
			AfterProcessingInitializeOnLoad (3ms)
			EditorAssembliesLoaded (0ms)
		ExecutionOrderSort2 (0ms)
		AwakeInstancesAfterBackupRestoration (21ms)
Refreshing native plugins compatible for Editor in 1.01 ms, found 3 plugins.
Preloading 0 native plugins for Editor in 0.00 ms.
Unloading 16 Unused Serialized files (Serialized files now loaded: 0)
Unloading 6182 unused Assets / (4.9 MB). Loaded Objects now: 7196.
Memory consumption went from 158.9 MB to 154.0 MB.
Total: 11.602600 ms (FindLiveObjects: 0.991900 ms CreateObjectMapping: 1.267300 ms MarkObjects: 5.733900 ms  DeleteObjects: 3.607700 ms)

Prepare: number of updated asset objects reloaded= 0
========================================================================
Received Prepare
Refreshing native plugins compatible for Editor in 0.87 ms, found 3 plugins.
Preloading 0 native plugins for Editor in 0.00 ms.
Unloading 16 Unused Serialized files (Serialized files now loaded: 0)
Unloading 6176 unused Assets / (4.2 MB). Loaded Objects now: 7196.
Memory consumption went from 159.1 MB to 154.9 MB.
Total: 10.884300 ms (FindLiveObjects: 0.815900 ms CreateObjectMapping: 1.123100 ms MarkObjects: 6.231900 ms  DeleteObjects: 2.712000 ms)

Prepare: number of updated asset objects reloaded= 0
========================================================================
Received Prepare
Begin MonoManager ReloadAssembly
[Licensing::Client] Successfully resolved entitlement details
- Loaded All Assemblies, in  0.900 seconds
Refreshing native plugins compatible for Editor in 0.66 ms, found 3 plugins.
Native extension for iOS target not found
Native extension for Android target not found
Native extension for WindowsStandalone target not found
Native extension for OSXStandalone target not found
[Package Manager] Failed to launch server process. Reason: Unity was launched with the -noUpm command-line argument
[Package Manager] Unable to send message (not connected to server process).
[Package Manager] Cannot connect to Unity Package Manager local server
[Package Manager] Failed to launch server process. Reason: Unity was launched with the -noUpm command-line argument
[Package Manager] Unable to send message (not connected to server process).
[Package Manager] Cannot connect to Unity Package Manager local server
ScheduleIndexationOnStartup MainProcess:False IndexOnStartup:True
Mono: successfully reloaded assembly
- Finished resetting the current domain, in  0.995 seconds
Domain Reload Profiling: 1900ms
	BeginReloadAssembly (239ms)
		ExecutionOrderSort (0ms)
		DisableScriptedObjects (10ms)
		BackupInstance (0ms)
		ReleaseScriptingObjects (0ms)
		CreateAndSetChildDomain (46ms)
	RebuildCommonClasses (47ms)
	RebuildNativeTypeToScriptingClass (17ms)
	initialDomainReloadingComplete (29ms)
	LoadAllAssembliesAndSetupDomain (572ms)
		LoadAssemblies (396ms)
		RebuildTransferFunctionScriptingTraits (0ms)
		AnalyzeDomain (291ms)
			TypeCache.Refresh (17ms)
				TypeCache.ScanAssembly (0ms)
			BuildScriptInfoCaches (255ms)
			ResolveRequiredComponents (14ms)
	FinalizeReload (996ms)
		ReleaseScriptCaches (0ms)
		RebuildScriptCaches (0ms)
		SetupLoadedEditorAssemblies (789ms)
			LogAssemblyErrors (0ms)
			InitializePlatformSupportModulesInManaged (12ms)
			SetLoadedEditorAssemblies (7ms)
			BeforeProcessingInitializeOnLoad (192ms)
			ProcessInitializeOnLoadAttributes (470ms)
			ProcessInitializeOnLoadMethodAttributes (102ms)
			AfterProcessingInitializeOnLoad (4ms)
			EditorAssembliesLoaded (0ms)
		ExecutionOrderSort2 (0ms)
		AwakeInstancesAfterBackupRestoration (25ms)
Refreshing native plugins compatible for Editor in 1.08 ms, found 3 plugins.
Preloading 0 native plugins for Editor in 0.00 ms.
Unloading 16 Unused Serialized files (Serialized files now loaded: 0)
Unloading 6182 unused Assets / (5.2 MB). Loaded Objects now: 7199.
Memory consumption went from 158.9 MB to 153.7 MB.
Total: 16.424100 ms (FindLiveObjects: 1.053500 ms CreateObjectMapping: 1.956000 ms MarkObjects: 8.394600 ms  DeleteObjects: 5.018500 ms)

Prepare: number of updated asset objects reloaded= 0
========================================================================
Received Prepare
Refreshing native plugins compatible for Editor in 0.81 ms, found 3 plugins.
Preloading 0 native plugins for Editor in 0.00 ms.
Unloading 16 Unused Serialized files (Serialized files now loaded: 0)
Unloading 6176 unused Assets / (4.9 MB). Loaded Objects now: 7199.
Memory consumption went from 159.1 MB to 154.2 MB.
Total: 10.827900 ms (FindLiveObjects: 1.040700 ms CreateObjectMapping: 1.265400 ms MarkObjects: 5.173500 ms  DeleteObjects: 3.346800 ms)

Prepare: number of updated asset objects reloaded= 0
========================================================================
Received Prepare
Refreshing native plugins compatible for Editor in 2.69 ms, found 3 plugins.
Preloading 0 native plugins for Editor in 0.00 ms.
Unloading 16 Unused Serialized files (Serialized files now loaded: 0)
Unloading 6176 unused Assets / (4.6 MB). Loaded Objects now: 7199.
Memory consumption went from 159.1 MB to 154.6 MB.
Total: 15.100100 ms (FindLiveObjects: 2.197100 ms CreateObjectMapping: 1.679400 ms MarkObjects: 7.577700 ms  DeleteObjects: 3.644900 ms)

Prepare: number of updated asset objects reloaded= 0
========================================================================
Received Prepare
Begin MonoManager ReloadAssembly
[Licensing::Client] Successfully resolved entitlement details
- Loaded All Assemblies, in  0.864 seconds
Refreshing native plugins compatible for Editor in 0.87 ms, found 3 plugins.
Native extension for iOS target not found
Native extension for Android target not found
Native extension for WindowsStandalone target not found
Native extension for OSXStandalone target not found
[Package Manager] Failed to launch server process. Reason: Unity was launched with the -noUpm command-line argument
[Package Manager] Unable to send message (not connected to server process).
[Package Manager] Cannot connect to Unity Package Manager local server
[Package Manager] Failed to launch server process. Reason: Unity was launched with the -noUpm command-line argument
[Package Manager] Unable to send message (not connected to server process).
[Package Manager] Cannot connect to Unity Package Manager local server
ScheduleIndexationOnStartup MainProcess:False IndexOnStartup:True
Mono: successfully reloaded assembly
- Finished resetting the current domain, in  0.827 seconds
Domain Reload Profiling: 1694ms
	BeginReloadAssembly (263ms)
		ExecutionOrderSort (0ms)
		DisableScriptedObjects (8ms)
		BackupInstance (0ms)
		ReleaseScriptingObjects (0ms)
		CreateAndSetChildDomain (53ms)
	RebuildCommonClasses (50ms)
	RebuildNativeTypeToScriptingClass (17ms)
	initialDomainReloadingComplete (30ms)
	LoadAllAssembliesAndSetupDomain (507ms)
		LoadAssemblies (386ms)
		RebuildTransferFunctionScriptingTraits (0ms)
		AnalyzeDomain (247ms)
			TypeCache.Refresh (13ms)
				TypeCache.ScanAssembly (0ms)
			BuildScriptInfoCaches (215ms)
			ResolveRequiredComponents (13ms)
	FinalizeReload (827ms)
		ReleaseScriptCaches (0ms)
		RebuildScriptCaches (0ms)
		SetupLoadedEditorAssemblies (620ms)
			LogAssemblyErrors (0ms)
			InitializePlatformSupportModulesInManaged (12ms)
			SetLoadedEditorAssemblies (6ms)
			BeforeProcessingInitializeOnLoad (160ms)
			ProcessInitializeOnLoadAttributes (351ms)
			ProcessInitializeOnLoadMethodAttributes (86ms)
			AfterProcessingInitializeOnLoad (4ms)
			EditorAssembliesLoaded (0ms)
		ExecutionOrderSort2 (0ms)
		AwakeInstancesAfterBackupRestoration (20ms)
Refreshing native plugins compatible for Editor in 0.82 ms, found 3 plugins.
Preloading 0 native plugins for Editor in 0.00 ms.
Unloading 16 Unused Serialized files (Serialized files now loaded: 0)
Unloading 6182 unused Assets / (4.3 MB). Loaded Objects now: 7202.
Memory consumption went from 159.0 MB to 154.7 MB.
Total: 11.948500 ms (FindLiveObjects: 0.969600 ms CreateObjectMapping: 1.247100 ms MarkObjects: 7.175600 ms  DeleteObjects: 2.555100 ms)

Prepare: number of updated asset objects reloaded= 0
========================================================================
Received Prepare
Begin MonoManager ReloadAssembly
- Loaded All Assemblies, in  0.825 seconds
Refreshing native plugins compatible for Editor in 0.86 ms, found 3 plugins.
Native extension for iOS target not found
Native extension for Android target not found
Native extension for WindowsStandalone target not found
Native extension for OSXStandalone target not found
[Package Manager] Failed to launch server process. Reason: Unity was launched with the -noUpm command-line argument
[Package Manager] Unable to send message (not connected to server process).
[Package Manager] Cannot connect to Unity Package Manager local server
[Package Manager] Failed to launch server process. Reason: Unity was launched with the -noUpm command-line argument
[Package Manager] Unable to send message (not connected to server process).
[Package Manager] Cannot connect to Unity Package Manager local server
ScheduleIndexationOnStartup MainProcess:False IndexOnStartup:True
Mono: successfully reloaded assembly
- Finished resetting the current domain, in  0.804 seconds
Domain Reload Profiling: 1633ms
	BeginReloadAssembly (233ms)
		ExecutionOrderSort (0ms)
		DisableScriptedObjects (7ms)
		BackupInstance (0ms)
		ReleaseScriptingObjects (0ms)
		CreateAndSetChildDomain (49ms)
	RebuildCommonClasses (51ms)
	RebuildNativeTypeToScriptingClass (17ms)
	initialDomainReloadingComplete (28ms)
	LoadAllAssembliesAndSetupDomain (500ms)
		LoadAssemblies (368ms)
		RebuildTransferFunctionScriptingTraits (0ms)
		AnalyzeDomain (242ms)
			TypeCache.Refresh (9ms)
				TypeCache.ScanAssembly (0ms)
			BuildScriptInfoCaches (212ms)
			ResolveRequiredComponents (15ms)
	FinalizeReload (805ms)
		ReleaseScriptCaches (0ms)
		RebuildScriptCaches (0ms)
		SetupLoadedEditorAssemblies (601ms)
			LogAssemblyErrors (0ms)
			InitializePlatformSupportModulesInManaged (12ms)
			SetLoadedEditorAssemblies (6ms)
			BeforeProcessingInitializeOnLoad (155ms)
			ProcessInitializeOnLoadAttributes (345ms)
			ProcessInitializeOnLoadMethodAttributes (80ms)
			AfterProcessingInitializeOnLoad (3ms)
			EditorAssembliesLoaded (0ms)
		ExecutionOrderSort2 (0ms)
		AwakeInstancesAfterBackupRestoration (23ms)
Refreshing native plugins compatible for Editor in 0.94 ms, found 3 plugins.
Preloading 0 native plugins for Editor in 0.00 ms.
Unloading 16 Unused Serialized files (Serialized files now loaded: 0)
Unloading 6182 unused Assets / (4.3 MB). Loaded Objects now: 7205.
Memory consumption went from 159.0 MB to 154.7 MB.
Total: 11.385800 ms (FindLiveObjects: 1.048800 ms CreateObjectMapping: 1.595800 ms MarkObjects: 6.086900 ms  DeleteObjects: 2.653200 ms)

Prepare: number of updated asset objects reloaded= 0
========================================================================
Received Prepare
Begin MonoManager ReloadAssembly
[Licensing::Client] Successfully resolved entitlement details
- Loaded All Assemblies, in  0.834 seconds
Refreshing native plugins compatible for Editor in 0.73 ms, found 3 plugins.
Native extension for iOS target not found
Native extension for Android target not found
Native extension for WindowsStandalone target not found
Native extension for OSXStandalone target not found
[Package Manager] Failed to launch server process. Reason: Unity was launched with the -noUpm command-line argument
[Package Manager] Unable to send message (not connected to server process).
[Package Manager] Cannot connect to Unity Package Manager local server
[Package Manager] Failed to launch server process. Reason: Unity was launched with the -noUpm command-line argument
[Package Manager] Unable to send message (not connected to server process).
[Package Manager] Cannot connect to Unity Package Manager local server
ScheduleIndexationOnStartup MainProcess:False IndexOnStartup:True
Mono: successfully reloaded assembly
- Finished resetting the current domain, in  0.810 seconds
Domain Reload Profiling: 1647ms
	BeginReloadAssembly (245ms)
		ExecutionOrderSort (0ms)
		DisableScriptedObjects (10ms)
		BackupInstance (0ms)
		ReleaseScriptingObjects (0ms)
		CreateAndSetChildDomain (48ms)
	RebuildCommonClasses (50ms)
	RebuildNativeTypeToScriptingClass (17ms)
	initialDomainReloadingComplete (31ms)
	LoadAllAssembliesAndSetupDomain (495ms)
		LoadAssemblies (380ms)
		RebuildTransferFunctionScriptingTraits (0ms)
		AnalyzeDomain (234ms)
			TypeCache.Refresh (9ms)
				TypeCache.ScanAssembly (0ms)
			BuildScriptInfoCaches (208ms)
			ResolveRequiredComponents (12ms)
	FinalizeReload (810ms)
		ReleaseScriptCaches (0ms)
		RebuildScriptCaches (0ms)
		SetupLoadedEditorAssemblies (608ms)
			LogAssemblyErrors (0ms)
			InitializePlatformSupportModulesInManaged (12ms)
			SetLoadedEditorAssemblies (6ms)
			BeforeProcessingInitializeOnLoad (159ms)
			ProcessInitializeOnLoadAttributes (343ms)
			ProcessInitializeOnLoadMethodAttributes (84ms)
			AfterProcessingInitializeOnLoad (4ms)
			EditorAssembliesLoaded (0ms)
		ExecutionOrderSort2 (0ms)
		AwakeInstancesAfterBackupRestoration (22ms)
Refreshing native plugins compatible for Editor in 0.98 ms, found 3 plugins.
Preloading 0 native plugins for Editor in 0.00 ms.
Unloading 16 Unused Serialized files (Serialized files now loaded: 0)
Unloading 6182 unused Assets / (4.3 MB). Loaded Objects now: 7208.
Memory consumption went from 159.1 MB to 154.7 MB.
Total: 10.729300 ms (FindLiveObjects: 0.849300 ms CreateObjectMapping: 1.468500 ms MarkObjects: 5.886100 ms  DeleteObjects: 2.524400 ms)

Prepare: number of updated asset objects reloaded= 0
========================================================================
Received Prepare
Refreshing native plugins compatible for Editor in 1.04 ms, found 3 plugins.
Preloading 0 native plugins for Editor in 0.00 ms.
Unloading 16 Unused Serialized files (Serialized files now loaded: 0)
Unloading 6176 unused Assets / (4.3 MB). Loaded Objects now: 7208.
Memory consumption went from 159.3 MB to 154.9 MB.
Total: 10.713600 ms (FindLiveObjects: 0.829300 ms CreateObjectMapping: 1.556800 ms MarkObjects: 5.646200 ms  DeleteObjects: 2.680400 ms)

Prepare: number of updated asset objects reloaded= 0
========================================================================
Received Prepare
Begin MonoManager ReloadAssembly
[Licensing::Client] Successfully resolved entitlement details
- Loaded All Assemblies, in  0.831 seconds
Refreshing native plugins compatible for Editor in 0.78 ms, found 3 plugins.
Native extension for iOS target not found
Native extension for Android target not found
Native extension for WindowsStandalone target not found
Native extension for OSXStandalone target not found
[Package Manager] Failed to launch server process. Reason: Unity was launched with the -noUpm command-line argument
[Package Manager] Unable to send message (not connected to server process).
[Package Manager] Cannot connect to Unity Package Manager local server
[Package Manager] Failed to launch server process. Reason: Unity was launched with the -noUpm command-line argument
[Package Manager] Unable to send message (not connected to server process).
[Package Manager] Cannot connect to Unity Package Manager local server
ScheduleIndexationOnStartup MainProcess:False IndexOnStartup:True
Mono: successfully reloaded assembly
- Finished resetting the current domain, in  0.823 seconds
Domain Reload Profiling: 1659ms
	BeginReloadAssembly (236ms)
		ExecutionOrderSort (0ms)
		DisableScriptedObjects (7ms)
		BackupInstance (0ms)
		ReleaseScriptingObjects (0ms)
		CreateAndSetChildDomain (54ms)
	RebuildCommonClasses (46ms)
	RebuildNativeTypeToScriptingClass (17ms)
	initialDomainReloadingComplete (33ms)
	LoadAllAssembliesAndSetupDomain (502ms)
		LoadAssemblies (366ms)
		RebuildTransferFunctionScriptingTraits (0ms)
		AnalyzeDomain (246ms)
			TypeCache.Refresh (14ms)
				TypeCache.ScanAssembly (0ms)
			BuildScriptInfoCaches (209ms)
			ResolveRequiredComponents (17ms)
	FinalizeReload (824ms)
		ReleaseScriptCaches (0ms)
		RebuildScriptCaches (0ms)
		SetupLoadedEditorAssemblies (623ms)
			LogAssemblyErrors (0ms)
			InitializePlatformSupportModulesInManaged (14ms)
			SetLoadedEditorAssemblies (6ms)
			BeforeProcessingInitializeOnLoad (161ms)
			ProcessInitializeOnLoadAttributes (359ms)
			ProcessInitializeOnLoadMethodAttributes (80ms)
			AfterProcessingInitializeOnLoad (3ms)
			EditorAssembliesLoaded (0ms)
		ExecutionOrderSort2 (0ms)
		AwakeInstancesAfterBackupRestoration (22ms)
Refreshing native plugins compatible for Editor in 1.36 ms, found 3 plugins.
Preloading 0 native plugins for Editor in 0.00 ms.
Unloading 16 Unused Serialized files (Serialized files now loaded: 0)
Unloading 6182 unused Assets / (4.8 MB). Loaded Objects now: 7211.
Memory consumption went from 159.1 MB to 154.3 MB.
Total: 13.155700 ms (FindLiveObjects: 1.077500 ms CreateObjectMapping: 1.586800 ms MarkObjects: 6.827300 ms  DeleteObjects: 3.662800 ms)

Prepare: number of updated asset objects reloaded= 0
========================================================================
Received Prepare
Begin MonoManager ReloadAssembly
- Loaded All Assemblies, in  0.897 seconds
Refreshing native plugins compatible for Editor in 1.05 ms, found 3 plugins.
Native extension for iOS target not found
Native extension for Android target not found
Native extension for WindowsStandalone target not found
Native extension for OSXStandalone target not found
[Package Manager] Failed to launch server process. Reason: Unity was launched with the -noUpm command-line argument
[Package Manager] Unable to send message (not connected to server process).
[Package Manager] Cannot connect to Unity Package Manager local server
[Package Manager] Failed to launch server process. Reason: Unity was launched with the -noUpm command-line argument
[Package Manager] Unable to send message (not connected to server process).
[Package Manager] Cannot connect to Unity Package Manager local server
ScheduleIndexationOnStartup MainProcess:False IndexOnStartup:True
Mono: successfully reloaded assembly
- Finished resetting the current domain, in  0.813 seconds
Domain Reload Profiling: 1713ms
	BeginReloadAssembly (251ms)
		ExecutionOrderSort (0ms)
		DisableScriptedObjects (7ms)
		BackupInstance (0ms)
		ReleaseScriptingObjects (0ms)
		CreateAndSetChildDomain (52ms)
	RebuildCommonClasses (48ms)
	RebuildNativeTypeToScriptingClass (21ms)
	initialDomainReloadingComplete (30ms)
	LoadAllAssembliesAndSetupDomain (550ms)
		LoadAssemblies (429ms)
		RebuildTransferFunctionScriptingTraits (0ms)
		AnalyzeDomain (248ms)
			TypeCache.Refresh (11ms)
				TypeCache.ScanAssembly (0ms)
			BuildScriptInfoCaches (217ms)
			ResolveRequiredComponents (13ms)
	FinalizeReload (814ms)
		ReleaseScriptCaches (0ms)
		RebuildScriptCaches (0ms)
		SetupLoadedEditorAssemblies (621ms)
			LogAssemblyErrors (0ms)
			InitializePlatformSupportModulesInManaged (15ms)
			SetLoadedEditorAssemblies (5ms)
			BeforeProcessingInitializeOnLoad (155ms)
			ProcessInitializeOnLoadAttributes (362ms)
			ProcessInitializeOnLoadMethodAttributes (81ms)
			AfterProcessingInitializeOnLoad (3ms)
			EditorAssembliesLoaded (0ms)
		ExecutionOrderSort2 (0ms)
		AwakeInstancesAfterBackupRestoration (19ms)
Refreshing native plugins compatible for Editor in 0.83 ms, found 3 plugins.
Preloading 0 native plugins for Editor in 0.00 ms.
Unloading 16 Unused Serialized files (Serialized files now loaded: 0)
Unloading 6182 unused Assets / (4.9 MB). Loaded Objects now: 7214.
Memory consumption went from 159.2 MB to 154.2 MB.
Total: 13.729200 ms (FindLiveObjects: 0.864500 ms CreateObjectMapping: 1.232300 ms MarkObjects: 8.300100 ms  DeleteObjects: 3.330800 ms)

Prepare: number of updated asset objects reloaded= 0
========================================================================
Received Prepare
Begin MonoManager ReloadAssembly
[Licensing::Client] Successfully resolved entitlement details
- Loaded All Assemblies, in  0.822 seconds
Refreshing native plugins compatible for Editor in 0.87 ms, found 3 plugins.
Native extension for iOS target not found
Native extension for Android target not found
Native extension for WindowsStandalone target not found
Native extension for OSXStandalone target not found
[Package Manager] Failed to launch server process. Reason: Unity was launched with the -noUpm command-line argument
[Package Manager] Unable to send message (not connected to server process).
[Package Manager] Cannot connect to Unity Package Manager local server
[Package Manager] Failed to launch server process. Reason: Unity was launched with the -noUpm command-line argument
[Package Manager] Unable to send message (not connected to server process).
[Package Manager] Cannot connect to Unity Package Manager local server
ScheduleIndexationOnStartup MainProcess:False IndexOnStartup:True
Mono: successfully reloaded assembly
- Finished resetting the current domain, in  0.812 seconds
Domain Reload Profiling: 1638ms
	BeginReloadAssembly (231ms)
		ExecutionOrderSort (0ms)
		DisableScriptedObjects (7ms)
		BackupInstance (0ms)
		ReleaseScriptingObjects (0ms)
		CreateAndSetChildDomain (48ms)
	RebuildCommonClasses (49ms)
	RebuildNativeTypeToScriptingClass (17ms)
	initialDomainReloadingComplete (30ms)
	LoadAllAssembliesAndSetupDomain (499ms)
		LoadAssemblies (369ms)
		RebuildTransferFunctionScriptingTraits (0ms)
		AnalyzeDomain (240ms)
			TypeCache.Refresh (9ms)
				TypeCache.ScanAssembly (0ms)
			BuildScriptInfoCaches (213ms)
			ResolveRequiredComponents (12ms)
	FinalizeReload (813ms)
		ReleaseScriptCaches (0ms)
		RebuildScriptCaches (0ms)
		SetupLoadedEditorAssemblies (619ms)
			LogAssemblyErrors (0ms)
			InitializePlatformSupportModulesInManaged (12ms)
			SetLoadedEditorAssemblies (5ms)
			BeforeProcessingInitializeOnLoad (161ms)
			ProcessInitializeOnLoadAttributes (356ms)
			ProcessInitializeOnLoadMethodAttributes (81ms)
			AfterProcessingInitializeOnLoad (4ms)
			EditorAssembliesLoaded (0ms)
		ExecutionOrderSort2 (0ms)
		AwakeInstancesAfterBackupRestoration (19ms)
Refreshing native plugins compatible for Editor in 0.84 ms, found 3 plugins.
Preloading 0 native plugins for Editor in 0.00 ms.
Unloading 16 Unused Serialized files (Serialized files now loaded: 0)
Unloading 6182 unused Assets / (4.3 MB). Loaded Objects now: 7217.
Memory consumption went from 159.2 MB to 154.9 MB.
Total: 11.744900 ms (FindLiveObjects: 0.972400 ms CreateObjectMapping: 1.251000 ms MarkObjects: 6.701000 ms  DeleteObjects: 2.819300 ms)

Prepare: number of updated asset objects reloaded= 0
========================================================================
Received Import Request.
  Time since last request: 915.619411 seconds.
  path: Assets/Assets/KayKit_Forest_Nature_Pack_1.0_FREE/Assets/fbx/Rock_1_Q_Color1.fbx
  artifactKey: Guid(47938fde6e7c68e4c904dda2ee9ba741) Importer(815301076,1909f56bfc062723c751e8b465ee728b)
Start importing Assets/Assets/KayKit_Forest_Nature_Pack_1.0_FREE/Assets/fbx/Rock_1_Q_Color1.fbx using Guid(47938fde6e7c68e4c904dda2ee9ba741) Importer(815301076,1909f56bfc062723c751e8b465ee728b) (PreviewImporter) -> (artifact id: '2b27acae666f34d49ea2ac3cbf6f476d') in 0.7822288 seconds
Number of updated asset objects reloaded before import = 0Number of asset objects unloaded after import = 9

========================================================================
Received Import Request.
  Time since last request: 0.000025 seconds.
  path: Assets/Assets/KayKit_Forest_Nature_Pack_1.0_FREE/Assets/fbx/Rock_2_B_Color1.fbx
  artifactKey: Guid(f872d2aeb0a7f1d46b08b27042695fef) Importer(815301076,1909f56bfc062723c751e8b465ee728b)
Start importing Assets/Assets/KayKit_Forest_Nature_Pack_1.0_FREE/Assets/fbx/Rock_2_B_Color1.fbx using Guid(f872d2aeb0a7f1d46b08b27042695fef) Importer(815301076,1909f56bfc062723c751e8b465ee728b) (PreviewImporter) -> (artifact id: '8500b53f1349e87ecf2345a2d2692940') in 0.0254141 seconds
Number of updated asset objects reloaded before import = 0Number of asset objects unloaded after import = 9

========================================================================
Received Prepare
Begin MonoManager ReloadAssembly
[Licensing::Client] Successfully resolved entitlement details
- Loaded All Assemblies, in  0.907 seconds
Refreshing native plugins compatible for Editor in 0.72 ms, found 3 plugins.
Native extension for iOS target not found
Native extension for Android target not found
Native extension for WindowsStandalone target not found
Native extension for OSXStandalone target not found
[Package Manager] Failed to launch server process. Reason: Unity was launched with the -noUpm command-line argument
[Package Manager] Unable to send message (not connected to server process).
[Package Manager] Cannot connect to Unity Package Manager local server
[Package Manager] Failed to launch server process. Reason: Unity was launched with the -noUpm command-line argument
[Package Manager] Unable to send message (not connected to server process).
[Package Manager] Cannot connect to Unity Package Manager local server
ScheduleIndexationOnStartup MainProcess:False IndexOnStartup:True
Mono: successfully reloaded assembly
- Finished resetting the current domain, in  0.808 seconds
Domain Reload Profiling: 1717ms
	BeginReloadAssembly (294ms)
		ExecutionOrderSort (0ms)
		DisableScriptedObjects (32ms)
		BackupInstance (0ms)
		ReleaseScriptingObjects (0ms)
		CreateAndSetChildDomain (69ms)
	RebuildCommonClasses (47ms)
	RebuildNativeTypeToScriptingClass (18ms)
	initialDomainReloadingComplete (39ms)
	LoadAllAssembliesAndSetupDomain (512ms)
		LoadAssemblies (384ms)
		RebuildTransferFunctionScriptingTraits (0ms)
		AnalyzeDomain (242ms)
			TypeCache.Refresh (9ms)
				TypeCache.ScanAssembly (0ms)
			BuildScriptInfoCaches (212ms)
			ResolveRequiredComponents (14ms)
	FinalizeReload (808ms)
		ReleaseScriptCaches (0ms)
		RebuildScriptCaches (0ms)
		SetupLoadedEditorAssemblies (614ms)
			LogAssemblyErrors (0ms)
			InitializePlatformSupportModulesInManaged (12ms)
			SetLoadedEditorAssemblies (6ms)
			BeforeProcessingInitializeOnLoad (160ms)
			ProcessInitializeOnLoadAttributes (355ms)
			ProcessInitializeOnLoadMethodAttributes (78ms)
			AfterProcessingInitializeOnLoad (3ms)
			EditorAssembliesLoaded (0ms)
		ExecutionOrderSort2 (0ms)
		AwakeInstancesAfterBackupRestoration (22ms)
Refreshing native plugins compatible for Editor in 1.97 ms, found 3 plugins.
Preloading 0 native plugins for Editor in 0.00 ms.
Unloading 16 Unused Serialized files (Serialized files now loaded: 0)
Unloading 6183 unused Assets / (4.0 MB). Loaded Objects now: 7240.
Memory consumption went from 159.4 MB to 155.4 MB.
Total: 12.956100 ms (FindLiveObjects: 0.996700 ms CreateObjectMapping: 2.405500 ms MarkObjects: 6.459800 ms  DeleteObjects: 3.093000 ms)

Prepare: number of updated asset objects reloaded= 0
========================================================================
Received Prepare
Refreshing native plugins compatible for Editor in 1.12 ms, found 3 plugins.
Preloading 0 native plugins for Editor in 0.00 ms.
Unloading 16 Unused Serialized files (Serialized files now loaded: 0)
Unloading 6176 unused Assets / (4.5 MB). Loaded Objects now: 7240.
Memory consumption went from 159.4 MB to 155.0 MB.
Total: 10.824400 ms (FindLiveObjects: 0.863500 ms CreateObjectMapping: 1.263700 ms MarkObjects: 5.517900 ms  DeleteObjects: 3.177900 ms)

Prepare: number of updated asset objects reloaded= 0
========================================================================
Received Prepare
Begin MonoManager ReloadAssembly
- Loaded All Assemblies, in  0.906 seconds
Refreshing native plugins compatible for Editor in 0.76 ms, found 3 plugins.
Native extension for iOS target not found
Native extension for Android target not found
Native extension for WindowsStandalone target not found
Native extension for OSXStandalone target not found
[Package Manager] Failed to launch server process. Reason: Unity was launched with the -noUpm command-line argument
[Package Manager] Unable to send message (not connected to server process).
[Package Manager] Cannot connect to Unity Package Manager local server
[Package Manager] Failed to launch server process. Reason: Unity was launched with the -noUpm command-line argument
[Package Manager] Unable to send message (not connected to server process).
[Package Manager] Cannot connect to Unity Package Manager local server
ScheduleIndexationOnStartup MainProcess:False IndexOnStartup:True
Mono: successfully reloaded assembly
- Finished resetting the current domain, in  0.820 seconds
Domain Reload Profiling: 1730ms
	BeginReloadAssembly (283ms)
		ExecutionOrderSort (0ms)
		DisableScriptedObjects (9ms)
		BackupInstance (0ms)
		ReleaseScriptingObjects (0ms)
		CreateAndSetChildDomain (46ms)
	RebuildCommonClasses (68ms)
	RebuildNativeTypeToScriptingClass (17ms)
	initialDomainReloadingComplete (32ms)
	LoadAllAssembliesAndSetupDomain (509ms)
		LoadAssemblies (419ms)
		RebuildTransferFunctionScriptingTraits (0ms)
		AnalyzeDomain (255ms)
			TypeCache.Refresh (15ms)
				TypeCache.ScanAssembly (0ms)
			BuildScriptInfoCaches (223ms)
			ResolveRequiredComponents (12ms)
	FinalizeReload (821ms)
		ReleaseScriptCaches (0ms)
		RebuildScriptCaches (0ms)
		SetupLoadedEditorAssemblies (631ms)
			LogAssemblyErrors (0ms)
			InitializePlatformSupportModulesInManaged (13ms)
			SetLoadedEditorAssemblies (5ms)
			BeforeProcessingInitializeOnLoad (161ms)
			ProcessInitializeOnLoadAttributes (366ms)
			ProcessInitializeOnLoadMethodAttributes (82ms)
			AfterProcessingInitializeOnLoad (3ms)
			EditorAssembliesLoaded (0ms)
		ExecutionOrderSort2 (0ms)
		AwakeInstancesAfterBackupRestoration (22ms)
Refreshing native plugins compatible for Editor in 1.40 ms, found 3 plugins.
Preloading 0 native plugins for Editor in 0.00 ms.
Unloading 16 Unused Serialized files (Serialized files now loaded: 0)
Unloading 6182 unused Assets / (4.2 MB). Loaded Objects now: 7243.
Memory consumption went from 159.3 MB to 155.1 MB.
Total: 15.945400 ms (FindLiveObjects: 0.925900 ms CreateObjectMapping: 1.583500 ms MarkObjects: 8.927800 ms  DeleteObjects: 4.506900 ms)

Prepare: number of updated asset objects reloaded= 0
========================================================================
Received Prepare
Refreshing native plugins compatible for Editor in 0.81 ms, found 3 plugins.
Preloading 0 native plugins for Editor in 0.00 ms.
Unloading 16 Unused Serialized files (Serialized files now loaded: 0)
Unloading 6176 unused Assets / (4.3 MB). Loaded Objects now: 7243.
Memory consumption went from 159.5 MB to 155.2 MB.
Total: 10.473700 ms (FindLiveObjects: 0.874900 ms CreateObjectMapping: 1.275500 ms MarkObjects: 5.736900 ms  DeleteObjects: 2.585400 ms)

Prepare: number of updated asset objects reloaded= 0
========================================================================
Received Prepare
Begin MonoManager ReloadAssembly
[Licensing::Client] Successfully resolved entitlement details
- Loaded All Assemblies, in  0.959 seconds
Refreshing native plugins compatible for Editor in 0.70 ms, found 3 plugins.
Native extension for iOS target not found
Native extension for Android target not found
Native extension for WindowsStandalone target not found
Native extension for OSXStandalone target not found
[Package Manager] Failed to launch server process. Reason: Unity was launched with the -noUpm command-line argument
[Package Manager] Unable to send message (not connected to server process).
[Package Manager] Cannot connect to Unity Package Manager local server
[Package Manager] Failed to launch server process. Reason: Unity was launched with the -noUpm command-line argument
[Package Manager] Unable to send message (not connected to server process).
[Package Manager] Cannot connect to Unity Package Manager local server
ScheduleIndexationOnStartup MainProcess:False IndexOnStartup:True
Mono: successfully reloaded assembly
- Finished resetting the current domain, in  0.860 seconds
Domain Reload Profiling: 1823ms
	BeginReloadAssembly (309ms)
		ExecutionOrderSort (0ms)
		DisableScriptedObjects (11ms)
		BackupInstance (0ms)
		ReleaseScriptingObjects (0ms)
		CreateAndSetChildDomain (55ms)
	RebuildCommonClasses (62ms)
	RebuildNativeTypeToScriptingClass (20ms)
	initialDomainReloadingComplete (35ms)
	LoadAllAssembliesAndSetupDomain (536ms)
		LoadAssemblies (423ms)
		RebuildTransferFunctionScriptingTraits (0ms)
		AnalyzeDomain (249ms)
			TypeCache.Refresh (16ms)
				TypeCache.ScanAssembly (0ms)
			BuildScriptInfoCaches (215ms)
			ResolveRequiredComponents (12ms)
	FinalizeReload (861ms)
		ReleaseScriptCaches (0ms)
		RebuildScriptCaches (0ms)
		SetupLoadedEditorAssemblies (638ms)
			LogAssemblyErrors (0ms)
			InitializePlatformSupportModulesInManaged (13ms)
			SetLoadedEditorAssemblies (6ms)
			BeforeProcessingInitializeOnLoad (185ms)
			ProcessInitializeOnLoadAttributes (350ms)
			ProcessInitializeOnLoadMethodAttributes (81ms)
			AfterProcessingInitializeOnLoad (3ms)
			EditorAssembliesLoaded (0ms)
		ExecutionOrderSort2 (0ms)
		AwakeInstancesAfterBackupRestoration (25ms)
Refreshing native plugins compatible for Editor in 0.85 ms, found 3 plugins.
Preloading 0 native plugins for Editor in 0.00 ms.
Unloading 16 Unused Serialized files (Serialized files now loaded: 0)
Unloading 6182 unused Assets / (4.3 MB). Loaded Objects now: 7246.
Memory consumption went from 159.3 MB to 155.1 MB.
Total: 10.740200 ms (FindLiveObjects: 0.859000 ms CreateObjectMapping: 1.225600 ms MarkObjects: 5.285600 ms  DeleteObjects: 3.367900 ms)

Prepare: number of updated asset objects reloaded= 0
========================================================================
Received Prepare
Refreshing native plugins compatible for Editor in 0.99 ms, found 3 plugins.
Preloading 0 native plugins for Editor in 0.00 ms.
Unloading 16 Unused Serialized files (Serialized files now loaded: 0)
Unloading 6176 unused Assets / (4.3 MB). Loaded Objects now: 7246.
Memory consumption went from 159.5 MB to 155.3 MB.
Total: 11.331700 ms (FindLiveObjects: 1.026200 ms CreateObjectMapping: 1.609600 ms MarkObjects: 5.818000 ms  DeleteObjects: 2.876100 ms)

Prepare: number of updated asset objects reloaded= 0
========================================================================
Received Prepare
Begin MonoManager ReloadAssembly
- Loaded All Assemblies, in  0.896 seconds
Refreshing native plugins compatible for Editor in 0.82 ms, found 3 plugins.
Native extension for iOS target not found
Native extension for Android target not found
Native extension for WindowsStandalone target not found
Native extension for OSXStandalone target not found
[Package Manager] Failed to launch server process. Reason: Unity was launched with the -noUpm command-line argument
[Package Manager] Unable to send message (not connected to server process).
[Package Manager] Cannot connect to Unity Package Manager local server
[Package Manager] Failed to launch server process. Reason: Unity was launched with the -noUpm command-line argument
[Package Manager] Unable to send message (not connected to server process).
[Package Manager] Cannot connect to Unity Package Manager local server
ScheduleIndexationOnStartup MainProcess:False IndexOnStartup:True
Mono: successfully reloaded assembly
- Finished resetting the current domain, in  0.812 seconds
Domain Reload Profiling: 1711ms
	BeginReloadAssembly (300ms)
		ExecutionOrderSort (0ms)
		DisableScriptedObjects (12ms)
		BackupInstance (0ms)
		ReleaseScriptingObjects (0ms)
		CreateAndSetChildDomain (56ms)
	RebuildCommonClasses (56ms)
	RebuildNativeTypeToScriptingClass (17ms)
	initialDomainReloadingComplete (28ms)
	LoadAllAssembliesAndSetupDomain (498ms)
		LoadAssemblies (397ms)
		RebuildTransferFunctionScriptingTraits (0ms)
		AnalyzeDomain (243ms)
			TypeCache.Refresh (13ms)
				TypeCache.ScanAssembly (0ms)
			BuildScriptInfoCaches (213ms)
			ResolveRequiredComponents (12ms)
	FinalizeReload (812ms)
		ReleaseScriptCaches (0ms)
		RebuildScriptCaches (0ms)
		SetupLoadedEditorAssemblies (613ms)
			LogAssemblyErrors (0ms)
			InitializePlatformSupportModulesInManaged (14ms)
			SetLoadedEditorAssemblies (6ms)
			BeforeProcessingInitializeOnLoad (154ms)
			ProcessInitializeOnLoadAttributes (355ms)
			ProcessInitializeOnLoadMethodAttributes (80ms)
			AfterProcessingInitializeOnLoad (4ms)
			EditorAssembliesLoaded (0ms)
		ExecutionOrderSort2 (0ms)
		AwakeInstancesAfterBackupRestoration (24ms)
Refreshing native plugins compatible for Editor in 0.82 ms, found 3 plugins.
Preloading 0 native plugins for Editor in 0.00 ms.
Unloading 16 Unused Serialized files (Serialized files now loaded: 0)
Unloading 6182 unused Assets / (4.3 MB). Loaded Objects now: 7249.
Memory consumption went from 159.4 MB to 155.1 MB.
Total: 10.237000 ms (FindLiveObjects: 0.857200 ms CreateObjectMapping: 1.302000 ms MarkObjects: 5.505300 ms  DeleteObjects: 2.571500 ms)

Prepare: number of updated asset objects reloaded= 0
========================================================================
Received Prepare
Refreshing native plugins compatible for Editor in 1.14 ms, found 3 plugins.
Preloading 0 native plugins for Editor in 0.00 ms.
Unloading 16 Unused Serialized files (Serialized files now loaded: 0)
Unloading 6176 unused Assets / (4.8 MB). Loaded Objects now: 7249.
Memory consumption went from 159.6 MB to 154.8 MB.
Total: 12.541500 ms (FindLiveObjects: 1.017100 ms CreateObjectMapping: 1.654100 ms MarkObjects: 6.263000 ms  DeleteObjects: 3.605900 ms)

Prepare: number of updated asset objects reloaded= 0
========================================================================
Received Prepare
Begin MonoManager ReloadAssembly
- Loaded All Assemblies, in  0.872 seconds
Refreshing native plugins compatible for Editor in 0.74 ms, found 3 plugins.
Native extension for iOS target not found
Native extension for Android target not found
Native extension for WindowsStandalone target not found
Native extension for OSXStandalone target not found
[Package Manager] Failed to launch server process. Reason: Unity was launched with the -noUpm command-line argument
[Package Manager] Unable to send message (not connected to server process).
[Package Manager] Cannot connect to Unity Package Manager local server
[Package Manager] Failed to launch server process. Reason: Unity was launched with the -noUpm command-line argument
[Package Manager] Unable to send message (not connected to server process).
[Package Manager] Cannot connect to Unity Package Manager local server
ScheduleIndexationOnStartup MainProcess:False IndexOnStartup:True
Mono: successfully reloaded assembly
- Finished resetting the current domain, in  0.852 seconds
Domain Reload Profiling: 1727ms
	BeginReloadAssembly (262ms)
		ExecutionOrderSort (0ms)
		DisableScriptedObjects (9ms)
		BackupInstance (0ms)
		ReleaseScriptingObjects (0ms)
		CreateAndSetChildDomain (60ms)
	RebuildCommonClasses (47ms)
	RebuildNativeTypeToScriptingClass (22ms)
	initialDomainReloadingComplete (30ms)
	LoadAllAssembliesAndSetupDomain (514ms)
		LoadAssemblies (389ms)
		RebuildTransferFunctionScriptingTraits (0ms)
		AnalyzeDomain (249ms)
			TypeCache.Refresh (12ms)
				TypeCache.ScanAssembly (0ms)
			BuildScriptInfoCaches (217ms)
			ResolveRequiredComponents (13ms)
	FinalizeReload (852ms)
		ReleaseScriptCaches (0ms)
		RebuildScriptCaches (0ms)
		SetupLoadedEditorAssemblies (641ms)
			LogAssemblyErrors (0ms)
			InitializePlatformSupportModulesInManaged (16ms)
			SetLoadedEditorAssemblies (9ms)
			BeforeProcessingInitializeOnLoad (163ms)
			ProcessInitializeOnLoadAttributes (372ms)
			ProcessInitializeOnLoadMethodAttributes (78ms)
			AfterProcessingInitializeOnLoad (3ms)
			EditorAssembliesLoaded (0ms)
		ExecutionOrderSort2 (0ms)
		AwakeInstancesAfterBackupRestoration (22ms)
Refreshing native plugins compatible for Editor in 1.12 ms, found 3 plugins.
Preloading 0 native plugins for Editor in 0.00 ms.
Unloading 16 Unused Serialized files (Serialized files now loaded: 0)
Unloading 6182 unused Assets / (5.0 MB). Loaded Objects now: 7252.
Memory consumption went from 159.4 MB to 154.4 MB.
Total: 12.140800 ms (FindLiveObjects: 1.406200 ms CreateObjectMapping: 1.335000 ms MarkObjects: 5.865800 ms  DeleteObjects: 3.532500 ms)

Prepare: number of updated asset objects reloaded= 0
========================================================================
Received Prepare
Begin MonoManager ReloadAssembly
- Loaded All Assemblies, in  0.817 seconds
Refreshing native plugins compatible for Editor in 0.73 ms, found 3 plugins.
Native extension for iOS target not found
Native extension for Android target not found
Native extension for WindowsStandalone target not found
Native extension for OSXStandalone target not found
[Package Manager] Failed to launch server process. Reason: Unity was launched with the -noUpm command-line argument
[Package Manager] Unable to send message (not connected to server process).
[Package Manager] Cannot connect to Unity Package Manager local server
[Package Manager] Failed to launch server process. Reason: Unity was launched with the -noUpm command-line argument
[Package Manager] Unable to send message (not connected to server process).
[Package Manager] Cannot connect to Unity Package Manager local server
ScheduleIndexationOnStartup MainProcess:False IndexOnStartup:True
Mono: successfully reloaded assembly
- Finished resetting the current domain, in  0.862 seconds
Domain Reload Profiling: 1682ms
	BeginReloadAssembly (234ms)
		ExecutionOrderSort (0ms)
		DisableScriptedObjects (7ms)
		BackupInstance (0ms)
		ReleaseScriptingObjects (0ms)
		CreateAndSetChildDomain (51ms)
	RebuildCommonClasses (45ms)
	RebuildNativeTypeToScriptingClass (22ms)
	initialDomainReloadingComplete (30ms)
	LoadAllAssembliesAndSetupDomain (489ms)
		LoadAssemblies (358ms)
		RebuildTransferFunctionScriptingTraits (0ms)
		AnalyzeDomain (241ms)
			TypeCache.Refresh (9ms)
				TypeCache.ScanAssembly (0ms)
			BuildScriptInfoCaches (214ms)
			ResolveRequiredComponents (12ms)
	FinalizeReload (862ms)
		ReleaseScriptCaches (0ms)
		RebuildScriptCaches (0ms)
		SetupLoadedEditorAssemblies (655ms)
			LogAssemblyErrors (0ms)
			InitializePlatformSupportModulesInManaged (12ms)
			SetLoadedEditorAssemblies (5ms)
			BeforeProcessingInitializeOnLoad (165ms)
			ProcessInitializeOnLoadAttributes (387ms)
			ProcessInitializeOnLoadMethodAttributes (82ms)
			AfterProcessingInitializeOnLoad (3ms)
			EditorAssembliesLoaded (0ms)
		ExecutionOrderSort2 (0ms)
		AwakeInstancesAfterBackupRestoration (22ms)
Refreshing native plugins compatible for Editor in 0.95 ms, found 3 plugins.
Preloading 0 native plugins for Editor in 0.00 ms.
Unloading 16 Unused Serialized files (Serialized files now loaded: 0)
Unloading 6182 unused Assets / (4.4 MB). Loaded Objects now: 7255.
Memory consumption went from 159.5 MB to 155.1 MB.
Total: 10.013800 ms (FindLiveObjects: 0.833000 ms CreateObjectMapping: 1.177000 ms MarkObjects: 5.356700 ms  DeleteObjects: 2.645500 ms)

Prepare: number of updated asset objects reloaded= 0
========================================================================
Received Prepare
Begin MonoManager ReloadAssembly
- Loaded All Assemblies, in  0.815 seconds
Refreshing native plugins compatible for Editor in 0.76 ms, found 3 plugins.
Native extension for iOS target not found
Native extension for Android target not found
Native extension for WindowsStandalone target not found
Native extension for OSXStandalone target not found
[Package Manager] Failed to launch server process. Reason: Unity was launched with the -noUpm command-line argument
[Package Manager] Unable to send message (not connected to server process).
[Package Manager] Cannot connect to Unity Package Manager local server
[Package Manager] Failed to launch server process. Reason: Unity was launched with the -noUpm command-line argument
[Package Manager] Unable to send message (not connected to server process).
[Package Manager] Cannot connect to Unity Package Manager local server
ScheduleIndexationOnStartup MainProcess:False IndexOnStartup:True
Mono: successfully reloaded assembly
- Finished resetting the current domain, in  0.809 seconds
Domain Reload Profiling: 1627ms
	BeginReloadAssembly (229ms)
		ExecutionOrderSort (0ms)
		DisableScriptedObjects (10ms)
		BackupInstance (0ms)
		ReleaseScriptingObjects (0ms)
		CreateAndSetChildDomain (47ms)
	RebuildCommonClasses (44ms)
	RebuildNativeTypeToScriptingClass (20ms)
	initialDomainReloadingComplete (34ms)
	LoadAllAssembliesAndSetupDomain (492ms)
		LoadAssemblies (353ms)
		RebuildTransferFunctionScriptingTraits (0ms)
		AnalyzeDomain (243ms)
			TypeCache.Refresh (10ms)
				TypeCache.ScanAssembly (0ms)
			BuildScriptInfoCaches (215ms)
			ResolveRequiredComponents (13ms)
	FinalizeReload (809ms)
		ReleaseScriptCaches (0ms)
		RebuildScriptCaches (0ms)
		SetupLoadedEditorAssemblies (613ms)
			LogAssemblyErrors (0ms)
			InitializePlatformSupportModulesInManaged (12ms)
			SetLoadedEditorAssemblies (5ms)
			BeforeProcessingInitializeOnLoad (162ms)
			ProcessInitializeOnLoadAttributes (353ms)
			ProcessInitializeOnLoadMethodAttributes (78ms)
			AfterProcessingInitializeOnLoad (3ms)
			EditorAssembliesLoaded (0ms)
		ExecutionOrderSort2 (0ms)
		AwakeInstancesAfterBackupRestoration (21ms)
Refreshing native plugins compatible for Editor in 1.20 ms, found 3 plugins.
Preloading 0 native plugins for Editor in 0.00 ms.
Unloading 16 Unused Serialized files (Serialized files now loaded: 0)
Unloading 6182 unused Assets / (4.3 MB). Loaded Objects now: 7258.
Memory consumption went from 159.5 MB to 155.2 MB.
Total: 11.596300 ms (FindLiveObjects: 1.072600 ms CreateObjectMapping: 1.457800 ms MarkObjects: 6.076000 ms  DeleteObjects: 2.988900 ms)

Prepare: number of updated asset objects reloaded= 0
========================================================================
Received Prepare
Refreshing native plugins compatible for Editor in 1.35 ms, found 3 plugins.
Preloading 0 native plugins for Editor in 0.00 ms.
Unloading 16 Unused Serialized files (Serialized files now loaded: 0)
Unloading 6176 unused Assets / (4.9 MB). Loaded Objects now: 7258.
Memory consumption went from 159.7 MB to 154.8 MB.
Total: 14.387800 ms (FindLiveObjects: 0.910300 ms CreateObjectMapping: 1.639700 ms MarkObjects: 7.541000 ms  DeleteObjects: 4.295300 ms)

Prepare: number of updated asset objects reloaded= 0
========================================================================
Received Prepare
Begin MonoManager ReloadAssembly
[Licensing::Client] Successfully resolved entitlement details
- Loaded All Assemblies, in  0.911 seconds
Refreshing native plugins compatible for Editor in 0.88 ms, found 3 plugins.
Native extension for iOS target not found
Native extension for Android target not found
Native extension for WindowsStandalone target not found
Native extension for OSXStandalone target not found
[Package Manager] Failed to launch server process. Reason: Unity was launched with the -noUpm command-line argument
[Package Manager] Unable to send message (not connected to server process).
[Package Manager] Cannot connect to Unity Package Manager local server
[Package Manager] Failed to launch server process. Reason: Unity was launched with the -noUpm command-line argument
[Package Manager] Unable to send message (not connected to server process).
[Package Manager] Cannot connect to Unity Package Manager local server
ScheduleIndexationOnStartup MainProcess:False IndexOnStartup:True
Mono: successfully reloaded assembly
- Finished resetting the current domain, in  1.684 seconds
Domain Reload Profiling: 2599ms
	BeginReloadAssembly (254ms)
		ExecutionOrderSort (0ms)
		DisableScriptedObjects (10ms)
		BackupInstance (0ms)
		ReleaseScriptingObjects (0ms)
		CreateAndSetChildDomain (48ms)
	RebuildCommonClasses (49ms)
	RebuildNativeTypeToScriptingClass (18ms)
	initialDomainReloadingComplete (34ms)
	LoadAllAssembliesAndSetupDomain (561ms)
		LoadAssemblies (411ms)
		RebuildTransferFunctionScriptingTraits (0ms)
		AnalyzeDomain (271ms)
			TypeCache.Refresh (13ms)
				TypeCache.ScanAssembly (0ms)
			BuildScriptInfoCaches (235ms)
			ResolveRequiredComponents (16ms)
	FinalizeReload (1685ms)
		ReleaseScriptCaches (0ms)
		RebuildScriptCaches (0ms)
		SetupLoadedEditorAssemblies (1462ms)
			LogAssemblyErrors (0ms)
			InitializePlatformSupportModulesInManaged (16ms)
			SetLoadedEditorAssemblies (6ms)
			BeforeProcessingInitializeOnLoad (287ms)
			ProcessInitializeOnLoadAttributes (984ms)
			ProcessInitializeOnLoadMethodAttributes (165ms)
			AfterProcessingInitializeOnLoad (5ms)
			EditorAssembliesLoaded (0ms)
		ExecutionOrderSort2 (0ms)
		AwakeInstancesAfterBackupRestoration (27ms)
Refreshing native plugins compatible for Editor in 0.79 ms, found 3 plugins.
Preloading 0 native plugins for Editor in 0.00 ms.
Unloading 16 Unused Serialized files (Serialized files now loaded: 0)
Unloading 6182 unused Assets / (4.3 MB). Loaded Objects now: 7261.
Memory consumption went from 159.6 MB to 155.2 MB.
Total: 8.950500 ms (FindLiveObjects: 0.792800 ms CreateObjectMapping: 1.057900 ms MarkObjects: 4.830700 ms  DeleteObjects: 2.268100 ms)

Prepare: number of updated asset objects reloaded= 0
========================================================================
Received Prepare
Begin MonoManager ReloadAssembly
- Loaded All Assemblies, in  0.851 seconds
Refreshing native plugins compatible for Editor in 0.72 ms, found 3 plugins.
Native extension for iOS target not found
Native extension for Android target not found
Native extension for WindowsStandalone target not found
Native extension for OSXStandalone target not found
[Package Manager] Failed to launch server process. Reason: Unity was launched with the -noUpm command-line argument
[Package Manager] Unable to send message (not connected to server process).
[Package Manager] Cannot connect to Unity Package Manager local server
[Package Manager] Failed to launch server process. Reason: Unity was launched with the -noUpm command-line argument
[Package Manager] Unable to send message (not connected to server process).
[Package Manager] Cannot connect to Unity Package Manager local server
ScheduleIndexationOnStartup MainProcess:False IndexOnStartup:True
Mono: successfully reloaded assembly
- Finished resetting the current domain, in  0.841 seconds
Domain Reload Profiling: 1695ms
	BeginReloadAssembly (241ms)
		ExecutionOrderSort (0ms)
		DisableScriptedObjects (7ms)
		BackupInstance (0ms)
		ReleaseScriptingObjects (0ms)
		CreateAndSetChildDomain (48ms)
	RebuildCommonClasses (44ms)
	RebuildNativeTypeToScriptingClass (17ms)
	initialDomainReloadingComplete (30ms)
	LoadAllAssembliesAndSetupDomain (522ms)
		LoadAssemblies (379ms)
		RebuildTransferFunctionScriptingTraits (0ms)
		AnalyzeDomain (259ms)
			TypeCache.Refresh (10ms)
				TypeCache.ScanAssembly (0ms)
			BuildScriptInfoCaches (231ms)
			ResolveRequiredComponents (13ms)
	FinalizeReload (841ms)
		ReleaseScriptCaches (0ms)
		RebuildScriptCaches (0ms)
		SetupLoadedEditorAssemblies (607ms)
			LogAssemblyErrors (0ms)
			InitializePlatformSupportModulesInManaged (13ms)
			SetLoadedEditorAssemblies (7ms)
			BeforeProcessingInitializeOnLoad (161ms)
			ProcessInitializeOnLoadAttributes (349ms)
			ProcessInitializeOnLoadMethodAttributes (75ms)
			AfterProcessingInitializeOnLoad (3ms)
			EditorAssembliesLoaded (0ms)
		ExecutionOrderSort2 (0ms)
		AwakeInstancesAfterBackupRestoration (24ms)
Refreshing native plugins compatible for Editor in 1.12 ms, found 3 plugins.
Preloading 0 native plugins for Editor in 0.00 ms.
Unloading 16 Unused Serialized files (Serialized files now loaded: 0)
Unloading 6182 unused Assets / (4.3 MB). Loaded Objects now: 7264.
Memory consumption went from 159.6 MB to 155.3 MB.
Total: 11.115500 ms (FindLiveObjects: 1.014100 ms CreateObjectMapping: 1.279700 ms MarkObjects: 5.968600 ms  DeleteObjects: 2.851900 ms)

Prepare: number of updated asset objects reloaded= 0
========================================================================
Received Prepare
Begin MonoManager ReloadAssembly
[Licensing::Client] Successfully resolved entitlement details
- Loaded All Assemblies, in  0.864 seconds
Refreshing native plugins compatible for Editor in 0.71 ms, found 3 plugins.
Native extension for iOS target not found
Native extension for Android target not found
Native extension for WindowsStandalone target not found
Native extension for OSXStandalone target not found
[Package Manager] Failed to launch server process. Reason: Unity was launched with the -noUpm command-line argument
[Package Manager] Unable to send message (not connected to server process).
[Package Manager] Cannot connect to Unity Package Manager local server
[Package Manager] Failed to launch server process. Reason: Unity was launched with the -noUpm command-line argument
[Package Manager] Unable to send message (not connected to server process).
[Package Manager] Cannot connect to Unity Package Manager local server
ScheduleIndexationOnStartup MainProcess:False IndexOnStartup:True
Mono: successfully reloaded assembly
- Finished resetting the current domain, in  0.830 seconds
Domain Reload Profiling: 1699ms
	BeginReloadAssembly (255ms)
		ExecutionOrderSort (0ms)
		DisableScriptedObjects (10ms)
		BackupInstance (0ms)
		ReleaseScriptingObjects (0ms)
		CreateAndSetChildDomain (52ms)
	RebuildCommonClasses (54ms)
	RebuildNativeTypeToScriptingClass (22ms)
	initialDomainReloadingComplete (30ms)
	LoadAllAssembliesAndSetupDomain (506ms)
		LoadAssemblies (387ms)
		RebuildTransferFunctionScriptingTraits (0ms)
		AnalyzeDomain (244ms)
			TypeCache.Refresh (10ms)
				TypeCache.ScanAssembly (0ms)
			BuildScriptInfoCaches (216ms)
			ResolveRequiredComponents (12ms)
	FinalizeReload (831ms)
		ReleaseScriptCaches (0ms)
		RebuildScriptCaches (0ms)
		SetupLoadedEditorAssemblies (632ms)
			LogAssemblyErrors (0ms)
			InitializePlatformSupportModulesInManaged (12ms)
			SetLoadedEditorAssemblies (7ms)
			BeforeProcessingInitializeOnLoad (157ms)
			ProcessInitializeOnLoadAttributes (359ms)
			ProcessInitializeOnLoadMethodAttributes (94ms)
			AfterProcessingInitializeOnLoad (4ms)
			EditorAssembliesLoaded (0ms)
		ExecutionOrderSort2 (0ms)
		AwakeInstancesAfterBackupRestoration (24ms)
Refreshing native plugins compatible for Editor in 0.94 ms, found 3 plugins.
Preloading 0 native plugins for Editor in 0.00 ms.
Unloading 16 Unused Serialized files (Serialized files now loaded: 0)
Unloading 6182 unused Assets / (4.1 MB). Loaded Objects now: 7267.
Memory consumption went from 159.7 MB to 155.6 MB.
Total: 10.435400 ms (FindLiveObjects: 0.919900 ms CreateObjectMapping: 1.339300 ms MarkObjects: 5.694200 ms  DeleteObjects: 2.481000 ms)

Prepare: number of updated asset objects reloaded= 0
========================================================================
Received Prepare
Refreshing native plugins compatible for Editor in 0.95 ms, found 3 plugins.
Preloading 0 native plugins for Editor in 0.00 ms.
Unloading 16 Unused Serialized files (Serialized files now loaded: 0)
Unloading 6176 unused Assets / (4.1 MB). Loaded Objects now: 7267.
Memory consumption went from 159.8 MB to 155.7 MB.
Total: 11.492900 ms (FindLiveObjects: 0.990600 ms CreateObjectMapping: 1.594500 ms MarkObjects: 6.347200 ms  DeleteObjects: 2.558400 ms)

Prepare: number of updated asset objects reloaded= 0
========================================================================
Received Prepare
Begin MonoManager ReloadAssembly
[Licensing::Client] Successfully resolved entitlement details
- Loaded All Assemblies, in  0.885 seconds
Refreshing native plugins compatible for Editor in 0.83 ms, found 3 plugins.
Native extension for iOS target not found
Native extension for Android target not found
Native extension for WindowsStandalone target not found
Native extension for OSXStandalone target not found
[Package Manager] Failed to launch server process. Reason: Unity was launched with the -noUpm command-line argument
[Package Manager] Unable to send message (not connected to server process).
[Package Manager] Cannot connect to Unity Package Manager local server
[Package Manager] Failed to launch server process. Reason: Unity was launched with the -noUpm command-line argument
[Package Manager] Unable to send message (not connected to server process).
[Package Manager] Cannot connect to Unity Package Manager local server
ScheduleIndexationOnStartup MainProcess:False IndexOnStartup:True
Mono: successfully reloaded assembly
- Finished resetting the current domain, in  0.861 seconds
Domain Reload Profiling: 1750ms
	BeginReloadAssembly (254ms)
		ExecutionOrderSort (0ms)
		DisableScriptedObjects (10ms)
		BackupInstance (0ms)
		ReleaseScriptingObjects (0ms)
		CreateAndSetChildDomain (51ms)
	RebuildCommonClasses (50ms)
	RebuildNativeTypeToScriptingClass (18ms)
	initialDomainReloadingComplete (38ms)
	LoadAllAssembliesAndSetupDomain (528ms)
		LoadAssemblies (387ms)
		RebuildTransferFunctionScriptingTraits (0ms)
		AnalyzeDomain (263ms)
			TypeCache.Refresh (13ms)
				TypeCache.ScanAssembly (0ms)
			BuildScriptInfoCaches (232ms)
			ResolveRequiredComponents (13ms)
	FinalizeReload (862ms)
		ReleaseScriptCaches (0ms)
		RebuildScriptCaches (0ms)
		SetupLoadedEditorAssemblies (664ms)
			LogAssemblyErrors (0ms)
			InitializePlatformSupportModulesInManaged (13ms)
			SetLoadedEditorAssemblies (6ms)
			BeforeProcessingInitializeOnLoad (170ms)
			ProcessInitializeOnLoadAttributes (384ms)
			ProcessInitializeOnLoadMethodAttributes (87ms)
			AfterProcessingInitializeOnLoad (3ms)
			EditorAssembliesLoaded (0ms)
		ExecutionOrderSort2 (0ms)
		AwakeInstancesAfterBackupRestoration (26ms)
Refreshing native plugins compatible for Editor in 0.93 ms, found 3 plugins.
Preloading 0 native plugins for Editor in 0.00 ms.
Unloading 16 Unused Serialized files (Serialized files now loaded: 0)
Unloading 6182 unused Assets / (4.3 MB). Loaded Objects now: 7270.
Memory consumption went from 159.7 MB to 155.4 MB.
Total: 10.635600 ms (FindLiveObjects: 0.973100 ms CreateObjectMapping: 1.190800 ms MarkObjects: 5.481000 ms  DeleteObjects: 2.989600 ms)

Prepare: number of updated asset objects reloaded= 0
========================================================================
Received Prepare
Begin MonoManager ReloadAssembly
- Loaded All Assemblies, in  0.803 seconds
Refreshing native plugins compatible for Editor in 0.94 ms, found 3 plugins.
Native extension for iOS target not found
Native extension for Android target not found
Native extension for WindowsStandalone target not found
Native extension for OSXStandalone target not found
[Package Manager] Failed to launch server process. Reason: Unity was launched with the -noUpm command-line argument
[Package Manager] Unable to send message (not connected to server process).
[Package Manager] Cannot connect to Unity Package Manager local server
[Package Manager] Failed to launch server process. Reason: Unity was launched with the -noUpm command-line argument
[Package Manager] Unable to send message (not connected to server process).
[Package Manager] Cannot connect to Unity Package Manager local server
ScheduleIndexationOnStartup MainProcess:False IndexOnStartup:True
Mono: successfully reloaded assembly
- Finished resetting the current domain, in  0.832 seconds
Domain Reload Profiling: 1638ms
	BeginReloadAssembly (226ms)
		ExecutionOrderSort (0ms)
		DisableScriptedObjects (8ms)
		BackupInstance (0ms)
		ReleaseScriptingObjects (0ms)
		CreateAndSetChildDomain (45ms)
	RebuildCommonClasses (45ms)
	RebuildNativeTypeToScriptingClass (17ms)
	initialDomainReloadingComplete (29ms)
	LoadAllAssembliesAndSetupDomain (488ms)
		LoadAssemblies (367ms)
		RebuildTransferFunctionScriptingTraits (0ms)
		AnalyzeDomain (233ms)
			TypeCache.Refresh (9ms)
				TypeCache.ScanAssembly (0ms)
			BuildScriptInfoCaches (206ms)
			ResolveRequiredComponents (13ms)
	FinalizeReload (832ms)
		ReleaseScriptCaches (0ms)
		RebuildScriptCaches (0ms)
		SetupLoadedEditorAssemblies (635ms)
			LogAssemblyErrors (0ms)
			InitializePlatformSupportModulesInManaged (12ms)
			SetLoadedEditorAssemblies (6ms)
			BeforeProcessingInitializeOnLoad (155ms)
			ProcessInitializeOnLoadAttributes (377ms)
			ProcessInitializeOnLoadMethodAttributes (81ms)
			AfterProcessingInitializeOnLoad (3ms)
			EditorAssembliesLoaded (0ms)
		ExecutionOrderSort2 (0ms)
		AwakeInstancesAfterBackupRestoration (22ms)
Refreshing native plugins compatible for Editor in 0.99 ms, found 3 plugins.
Preloading 0 native plugins for Editor in 0.00 ms.
Unloading 16 Unused Serialized files (Serialized files now loaded: 0)
Unloading 6182 unused Assets / (4.6 MB). Loaded Objects now: 7273.
Memory consumption went from 159.7 MB to 155.2 MB.
Total: 11.068000 ms (FindLiveObjects: 0.813300 ms CreateObjectMapping: 1.288600 ms MarkObjects: 5.648400 ms  DeleteObjects: 3.316500 ms)

Prepare: number of updated asset objects reloaded= 0
========================================================================
Received Prepare
Refreshing native plugins compatible for Editor in 0.96 ms, found 3 plugins.
Preloading 0 native plugins for Editor in 0.00 ms.
Unloading 16 Unused Serialized files (Serialized files now loaded: 0)
Unloading 6176 unused Assets / (4.4 MB). Loaded Objects now: 7273.
Memory consumption went from 159.9 MB to 155.5 MB.
Total: 11.054200 ms (FindLiveObjects: 1.084700 ms CreateObjectMapping: 1.466400 ms MarkObjects: 5.767600 ms  DeleteObjects: 2.734400 ms)

Prepare: number of updated asset objects reloaded= 0
========================================================================
Received Prepare
Refreshing native plugins compatible for Editor in 0.86 ms, found 3 plugins.
Preloading 0 native plugins for Editor in 0.00 ms.
Unloading 16 Unused Serialized files (Serialized files now loaded: 0)
Unloading 6176 unused Assets / (4.4 MB). Loaded Objects now: 7273.
Memory consumption went from 159.9 MB to 155.5 MB.
Total: 10.370000 ms (FindLiveObjects: 0.935900 ms CreateObjectMapping: 1.404500 ms MarkObjects: 5.226700 ms  DeleteObjects: 2.801700 ms)

Prepare: number of updated asset objects reloaded= 0
========================================================================
Received Prepare
Refreshing native plugins compatible for Editor in 1.00 ms, found 3 plugins.
Preloading 0 native plugins for Editor in 0.00 ms.
Unloading 16 Unused Serialized files (Serialized files now loaded: 0)
Unloading 6176 unused Assets / (4.6 MB). Loaded Objects now: 7273.
Memory consumption went from 159.9 MB to 155.3 MB.
Total: 14.190800 ms (FindLiveObjects: 1.014000 ms CreateObjectMapping: 1.491700 ms MarkObjects: 8.267700 ms  DeleteObjects: 3.415900 ms)

Prepare: number of updated asset objects reloaded= 0
========================================================================
Received Prepare
Refreshing native plugins compatible for Editor in 1.05 ms, found 3 plugins.
Preloading 0 native plugins for Editor in 0.00 ms.
Unloading 16 Unused Serialized files (Serialized files now loaded: 0)
Unloading 6176 unused Assets / (4.5 MB). Loaded Objects now: 7273.
Memory consumption went from 159.9 MB to 155.5 MB.
Total: 11.127100 ms (FindLiveObjects: 0.854700 ms CreateObjectMapping: 1.439000 ms MarkObjects: 5.457900 ms  DeleteObjects: 3.374300 ms)

Prepare: number of updated asset objects reloaded= 0
========================================================================
Received Prepare
Refreshing native plugins compatible for Editor in 1.55 ms, found 3 plugins.
Preloading 0 native plugins for Editor in 0.00 ms.
Unloading 16 Unused Serialized files (Serialized files now loaded: 0)
Unloading 6176 unused Assets / (4.4 MB). Loaded Objects now: 7273.
Memory consumption went from 159.9 MB to 155.5 MB.
Total: 13.609800 ms (FindLiveObjects: 1.372300 ms CreateObjectMapping: 2.106800 ms MarkObjects: 6.880200 ms  DeleteObjects: 3.248900 ms)

Prepare: number of updated asset objects reloaded= 0
========================================================================
Received Prepare
Begin MonoManager ReloadAssembly
[Licensing::Client] Successfully resolved entitlement details
- Loaded All Assemblies, in  0.880 seconds
Refreshing native plugins compatible for Editor in 0.84 ms, found 3 plugins.
Native extension for iOS target not found
Native extension for Android target not found
Native extension for WindowsStandalone target not found
Native extension for OSXStandalone target not found
[Package Manager] Failed to launch server process. Reason: Unity was launched with the -noUpm command-line argument
[Package Manager] Unable to send message (not connected to server process).
[Package Manager] Cannot connect to Unity Package Manager local server
[Package Manager] Failed to launch server process. Reason: Unity was launched with the -noUpm command-line argument
[Package Manager] Unable to send message (not connected to server process).
[Package Manager] Cannot connect to Unity Package Manager local server
ScheduleIndexationOnStartup MainProcess:False IndexOnStartup:True
Mono: successfully reloaded assembly
- Finished resetting the current domain, in  0.872 seconds
Domain Reload Profiling: 1755ms
	BeginReloadAssembly (261ms)
		ExecutionOrderSort (0ms)
		DisableScriptedObjects (8ms)
		BackupInstance (0ms)
		ReleaseScriptingObjects (0ms)
		CreateAndSetChildDomain (50ms)
	RebuildCommonClasses (48ms)
	RebuildNativeTypeToScriptingClass (18ms)
	initialDomainReloadingComplete (32ms)
	LoadAllAssembliesAndSetupDomain (523ms)
		LoadAssemblies (398ms)
		RebuildTransferFunctionScriptingTraits (0ms)
		AnalyzeDomain (255ms)
			TypeCache.Refresh (16ms)
				TypeCache.ScanAssembly (0ms)
			BuildScriptInfoCaches (221ms)
			ResolveRequiredComponents (13ms)
	FinalizeReload (873ms)
		ReleaseScriptCaches (0ms)
		RebuildScriptCaches (0ms)
		SetupLoadedEditorAssemblies (662ms)
			LogAssemblyErrors (0ms)
			InitializePlatformSupportModulesInManaged (13ms)
			SetLoadedEditorAssemblies (7ms)
			BeforeProcessingInitializeOnLoad (173ms)
			ProcessInitializeOnLoadAttributes (374ms)
			ProcessInitializeOnLoadMethodAttributes (90ms)
			AfterProcessingInitializeOnLoad (5ms)
			EditorAssembliesLoaded (0ms)
		ExecutionOrderSort2 (0ms)
		AwakeInstancesAfterBackupRestoration (26ms)
Refreshing native plugins compatible for Editor in 1.00 ms, found 3 plugins.
Preloading 0 native plugins for Editor in 0.00 ms.
Unloading 16 Unused Serialized files (Serialized files now loaded: 0)
Unloading 6182 unused Assets / (4.6 MB). Loaded Objects now: 7276.
Memory consumption went from 159.8 MB to 155.2 MB.
Total: 14.684800 ms (FindLiveObjects: 0.987100 ms CreateObjectMapping: 1.343000 ms MarkObjects: 7.460000 ms  DeleteObjects: 4.893300 ms)

Prepare: number of updated asset objects reloaded= 0
========================================================================
Received Prepare
Begin MonoManager ReloadAssembly
- Loaded All Assemblies, in  0.853 seconds
Refreshing native plugins compatible for Editor in 0.73 ms, found 3 plugins.
Native extension for iOS target not found
Native extension for Android target not found
Native extension for WindowsStandalone target not found
Native extension for OSXStandalone target not found
[Package Manager] Failed to launch server process. Reason: Unity was launched with the -noUpm command-line argument
[Package Manager] Unable to send message (not connected to server process).
[Package Manager] Cannot connect to Unity Package Manager local server
[Package Manager] Failed to launch server process. Reason: Unity was launched with the -noUpm command-line argument
[Package Manager] Unable to send message (not connected to server process).
[Package Manager] Cannot connect to Unity Package Manager local server
ScheduleIndexationOnStartup MainProcess:False IndexOnStartup:True
Mono: successfully reloaded assembly
- Finished resetting the current domain, in  0.859 seconds
Domain Reload Profiling: 1716ms
	BeginReloadAssembly (236ms)
		ExecutionOrderSort (0ms)
		DisableScriptedObjects (8ms)
		BackupInstance (0ms)
		ReleaseScriptingObjects (0ms)
		CreateAndSetChildDomain (47ms)
	RebuildCommonClasses (50ms)
	RebuildNativeTypeToScriptingClass (19ms)
	initialDomainReloadingComplete (29ms)
	LoadAllAssembliesAndSetupDomain (522ms)
		LoadAssemblies (377ms)
		RebuildTransferFunctionScriptingTraits (0ms)
		AnalyzeDomain (256ms)
			TypeCache.Refresh (8ms)
				TypeCache.ScanAssembly (0ms)
			BuildScriptInfoCaches (230ms)
			ResolveRequiredComponents (13ms)
	FinalizeReload (860ms)
		ReleaseScriptCaches (0ms)
		RebuildScriptCaches (0ms)
		SetupLoadedEditorAssemblies (648ms)
			LogAssemblyErrors (0ms)
			InitializePlatformSupportModulesInManaged (14ms)
			SetLoadedEditorAssemblies (7ms)
			BeforeProcessingInitializeOnLoad (166ms)
			ProcessInitializeOnLoadAttributes (383ms)
			ProcessInitializeOnLoadMethodAttributes (75ms)
			AfterProcessingInitializeOnLoad (3ms)
			EditorAssembliesLoaded (0ms)
		ExecutionOrderSort2 (0ms)
		AwakeInstancesAfterBackupRestoration (21ms)
Refreshing native plugins compatible for Editor in 0.86 ms, found 3 plugins.
Preloading 0 native plugins for Editor in 0.00 ms.
Unloading 16 Unused Serialized files (Serialized files now loaded: 0)
Unloading 6182 unused Assets / (4.3 MB). Loaded Objects now: 7279.
Memory consumption went from 159.8 MB to 155.5 MB.
Total: 9.544000 ms (FindLiveObjects: 0.821700 ms CreateObjectMapping: 1.030100 ms MarkObjects: 4.872200 ms  DeleteObjects: 2.819200 ms)

Prepare: number of updated asset objects reloaded= 0
========================================================================
Received Prepare
Refreshing native plugins compatible for Editor in 1.13 ms, found 3 plugins.
Preloading 0 native plugins for Editor in 0.00 ms.
Unloading 16 Unused Serialized files (Serialized files now loaded: 0)
Unloading 6176 unused Assets / (4.5 MB). Loaded Objects now: 7279.
Memory consumption went from 160.0 MB to 155.5 MB.
Total: 11.463700 ms (FindLiveObjects: 0.849700 ms CreateObjectMapping: 1.292400 ms MarkObjects: 6.082600 ms  DeleteObjects: 3.238100 ms)

Prepare: number of updated asset objects reloaded= 0
========================================================================
Received Prepare
Begin MonoManager ReloadAssembly
[Licensing::Client] Successfully resolved entitlement details
- Loaded All Assemblies, in  0.912 seconds
Refreshing native plugins compatible for Editor in 0.72 ms, found 3 plugins.
Native extension for iOS target not found
Native extension for Android target not found
Native extension for WindowsStandalone target not found
Native extension for OSXStandalone target not found
[Package Manager] Failed to launch server process. Reason: Unity was launched with the -noUpm command-line argument
[Package Manager] Unable to send message (not connected to server process).
[Package Manager] Cannot connect to Unity Package Manager local server
[Package Manager] Failed to launch server process. Reason: Unity was launched with the -noUpm command-line argument
[Package Manager] Unable to send message (not connected to server process).
[Package Manager] Cannot connect to Unity Package Manager local server
ScheduleIndexationOnStartup MainProcess:False IndexOnStartup:True
Mono: successfully reloaded assembly
- Finished resetting the current domain, in  0.867 seconds
Domain Reload Profiling: 1782ms
	BeginReloadAssembly (249ms)
		ExecutionOrderSort (0ms)
		DisableScriptedObjects (8ms)
		BackupInstance (0ms)
		ReleaseScriptingObjects (0ms)
		CreateAndSetChildDomain (54ms)
	RebuildCommonClasses (52ms)
	RebuildNativeTypeToScriptingClass (17ms)
	initialDomainReloadingComplete (36ms)
	LoadAllAssembliesAndSetupDomain (560ms)
		LoadAssemblies (411ms)
		RebuildTransferFunctionScriptingTraits (0ms)
		AnalyzeDomain (265ms)
			TypeCache.Refresh (15ms)
				TypeCache.ScanAssembly (0ms)
			BuildScriptInfoCaches (231ms)
			ResolveRequiredComponents (14ms)
	FinalizeReload (868ms)
		ReleaseScriptCaches (0ms)
		RebuildScriptCaches (0ms)
		SetupLoadedEditorAssemblies (659ms)
			LogAssemblyErrors (0ms)
			InitializePlatformSupportModulesInManaged (13ms)
			SetLoadedEditorAssemblies (7ms)
			BeforeProcessingInitializeOnLoad (171ms)
			ProcessInitializeOnLoadAttributes (379ms)
			ProcessInitializeOnLoadMethodAttributes (85ms)
			AfterProcessingInitializeOnLoad (4ms)
			EditorAssembliesLoaded (0ms)
		ExecutionOrderSort2 (0ms)
		AwakeInstancesAfterBackupRestoration (22ms)
Refreshing native plugins compatible for Editor in 0.86 ms, found 3 plugins.
Preloading 0 native plugins for Editor in 0.00 ms.
Unloading 16 Unused Serialized files (Serialized files now loaded: 0)
Unloading 6182 unused Assets / (4.3 MB). Loaded Objects now: 7282.
Memory consumption went from 159.9 MB to 155.6 MB.
Total: 11.045400 ms (FindLiveObjects: 0.957900 ms CreateObjectMapping: 1.563900 ms MarkObjects: 5.740400 ms  DeleteObjects: 2.782400 ms)

Prepare: number of updated asset objects reloaded= 0
========================================================================
Received Import Request.
  Time since last request: 1088.815094 seconds.
  path: Assets/Assets/KayKit_Forest_Nature_Pack_1.0_FREE/Assets/fbx/Rock_2_D_Color1.fbx
  artifactKey: Guid(b3030ac87067c5a4c831cfb6c87fe25e) Importer(815301076,1909f56bfc062723c751e8b465ee728b)
Start importing Assets/Assets/KayKit_Forest_Nature_Pack_1.0_FREE/Assets/fbx/Rock_2_D_Color1.fbx using Guid(b3030ac87067c5a4c831cfb6c87fe25e) Importer(815301076,1909f56bfc062723c751e8b465ee728b) (PreviewImporter) -> (artifact id: '21a7a07df33c6df245e8f4e1321f1228') in 1.0772042 seconds
Number of updated asset objects reloaded before import = 0Number of asset objects unloaded after import = 9

========================================================================
Received Prepare
Refreshing native plugins compatible for Editor in 1.12 ms, found 3 plugins.
Preloading 0 native plugins for Editor in 0.00 ms.
Unloading 16 Unused Serialized files (Serialized files now loaded: 0)
Unloading 6177 unused Assets / (4.2 MB). Loaded Objects now: 7394.
Memory consumption went from 165.0 MB to 160.8 MB.
Total: 13.979000 ms (FindLiveObjects: 0.940400 ms CreateObjectMapping: 1.394900 ms MarkObjects: 8.753400 ms  DeleteObjects: 2.888900 ms)

Prepare: number of updated asset objects reloaded= 0
========================================================================
Received Prepare
Begin MonoManager ReloadAssembly
[Licensing::Client] Successfully resolved entitlement details
- Loaded All Assemblies, in  0.978 seconds
Refreshing native plugins compatible for Editor in 0.81 ms, found 3 plugins.
Native extension for iOS target not found
Native extension for Android target not found
Native extension for WindowsStandalone target not found
Native extension for OSXStandalone target not found
[Package Manager] Failed to launch server process. Reason: Unity was launched with the -noUpm command-line argument
[Package Manager] Unable to send message (not connected to server process).
[Package Manager] Cannot connect to Unity Package Manager local server
[Package Manager] Failed to launch server process. Reason: Unity was launched with the -noUpm command-line argument
[Package Manager] Unable to send message (not connected to server process).
[Package Manager] Cannot connect to Unity Package Manager local server
ScheduleIndexationOnStartup MainProcess:False IndexOnStartup:True
Mono: successfully reloaded assembly
- Finished resetting the current domain, in  0.823 seconds
Domain Reload Profiling: 1804ms
	BeginReloadAssembly (311ms)
		ExecutionOrderSort (0ms)
		DisableScriptedObjects (30ms)
		BackupInstance (0ms)
		ReleaseScriptingObjects (1ms)
		CreateAndSetChildDomain (74ms)
	RebuildCommonClasses (52ms)
	RebuildNativeTypeToScriptingClass (22ms)
	initialDomainReloadingComplete (39ms)
	LoadAllAssembliesAndSetupDomain (556ms)
		LoadAssemblies (427ms)
		RebuildTransferFunctionScriptingTraits (0ms)
		AnalyzeDomain (263ms)
			TypeCache.Refresh (14ms)
				TypeCache.ScanAssembly (0ms)
			BuildScriptInfoCaches (226ms)
			ResolveRequiredComponents (15ms)
	FinalizeReload (823ms)
		ReleaseScriptCaches (0ms)
		RebuildScriptCaches (0ms)
		SetupLoadedEditorAssemblies (623ms)
			LogAssemblyErrors (0ms)
			InitializePlatformSupportModulesInManaged (13ms)
			SetLoadedEditorAssemblies (6ms)
			BeforeProcessingInitializeOnLoad (159ms)
			ProcessInitializeOnLoadAttributes (364ms)
			ProcessInitializeOnLoadMethodAttributes (78ms)
			AfterProcessingInitializeOnLoad (3ms)
			EditorAssembliesLoaded (0ms)
		ExecutionOrderSort2 (0ms)
		AwakeInstancesAfterBackupRestoration (20ms)
Refreshing native plugins compatible for Editor in 0.98 ms, found 3 plugins.
Preloading 0 native plugins for Editor in 0.00 ms.
Unloading 16 Unused Serialized files (Serialized files now loaded: 0)
Unloading 6182 unused Assets / (4.4 MB). Loaded Objects now: 7305.
Memory consumption went from 160.1 MB to 155.7 MB.
Total: 14.504500 ms (FindLiveObjects: 0.950900 ms CreateObjectMapping: 1.764300 ms MarkObjects: 7.727900 ms  DeleteObjects: 4.059900 ms)

Prepare: number of updated asset objects reloaded= 0
========================================================================
Received Prepare
Refreshing native plugins compatible for Editor in 0.82 ms, found 3 plugins.
Preloading 0 native plugins for Editor in 0.00 ms.
Unloading 16 Unused Serialized files (Serialized files now loaded: 0)
Unloading 6176 unused Assets / (4.4 MB). Loaded Objects now: 7305.
Memory consumption went from 160.1 MB to 155.7 MB.
Total: 10.543200 ms (FindLiveObjects: 0.816400 ms CreateObjectMapping: 1.439700 ms MarkObjects: 5.619700 ms  DeleteObjects: 2.666200 ms)

Prepare: number of updated asset objects reloaded= 0
========================================================================
Received Prepare
Begin MonoManager ReloadAssembly
- Loaded All Assemblies, in  0.847 seconds
Refreshing native plugins compatible for Editor in 0.72 ms, found 3 plugins.
Native extension for iOS target not found
Native extension for Android target not found
Native extension for WindowsStandalone target not found
Native extension for OSXStandalone target not found
[Package Manager] Failed to launch server process. Reason: Unity was launched with the -noUpm command-line argument
[Package Manager] Unable to send message (not connected to server process).
[Package Manager] Cannot connect to Unity Package Manager local server
[Package Manager] Failed to launch server process. Reason: Unity was launched with the -noUpm command-line argument
[Package Manager] Unable to send message (not connected to server process).
[Package Manager] Cannot connect to Unity Package Manager local server
ScheduleIndexationOnStartup MainProcess:False IndexOnStartup:True
Mono: successfully reloaded assembly
- Finished resetting the current domain, in  0.825 seconds
Domain Reload Profiling: 1677ms
	BeginReloadAssembly (242ms)
		ExecutionOrderSort (0ms)
		DisableScriptedObjects (8ms)
		BackupInstance (0ms)
		ReleaseScriptingObjects (0ms)
		CreateAndSetChildDomain (50ms)
	RebuildCommonClasses (56ms)
	RebuildNativeTypeToScriptingClass (18ms)
	initialDomainReloadingComplete (34ms)
	LoadAllAssembliesAndSetupDomain (501ms)
		LoadAssemblies (375ms)
		RebuildTransferFunctionScriptingTraits (0ms)
		AnalyzeDomain (243ms)
			TypeCache.Refresh (13ms)
				TypeCache.ScanAssembly (0ms)
			BuildScriptInfoCaches (212ms)
			ResolveRequiredComponents (12ms)
	FinalizeReload (825ms)
		ReleaseScriptCaches (0ms)
		RebuildScriptCaches (0ms)
		SetupLoadedEditorAssemblies (632ms)
			LogAssemblyErrors (0ms)
			InitializePlatformSupportModulesInManaged (14ms)
			SetLoadedEditorAssemblies (6ms)
			BeforeProcessingInitializeOnLoad (161ms)
			ProcessInitializeOnLoadAttributes (366ms)
			ProcessInitializeOnLoadMethodAttributes (80ms)
			AfterProcessingInitializeOnLoad (5ms)
			EditorAssembliesLoaded (0ms)
		ExecutionOrderSort2 (0ms)
		AwakeInstancesAfterBackupRestoration (23ms)
Refreshing native plugins compatible for Editor in 1.12 ms, found 3 plugins.
Preloading 0 native plugins for Editor in 0.00 ms.
Unloading 16 Unused Serialized files (Serialized files now loaded: 0)
Unloading 6182 unused Assets / (4.3 MB). Loaded Objects now: 7308.
Memory consumption went from 160.0 MB to 155.7 MB.
Total: 12.493100 ms (FindLiveObjects: 0.914400 ms CreateObjectMapping: 1.531600 ms MarkObjects: 6.656300 ms  DeleteObjects: 3.389600 ms)

Prepare: number of updated asset objects reloaded= 0
========================================================================
Received Prepare
Begin MonoManager ReloadAssembly
- Loaded All Assemblies, in  0.863 seconds
Refreshing native plugins compatible for Editor in 0.77 ms, found 3 plugins.
Native extension for iOS target not found
Native extension for Android target not found
Native extension for WindowsStandalone target not found
Native extension for OSXStandalone target not found
[Package Manager] Failed to launch server process. Reason: Unity was launched with the -noUpm command-line argument
[Package Manager] Unable to send message (not connected to server process).
[Package Manager] Cannot connect to Unity Package Manager local server
[Package Manager] Failed to launch server process. Reason: Unity was launched with the -noUpm command-line argument
[Package Manager] Unable to send message (not connected to server process).
[Package Manager] Cannot connect to Unity Package Manager local server
ScheduleIndexationOnStartup MainProcess:False IndexOnStartup:True
Mono: successfully reloaded assembly
- Finished resetting the current domain, in  0.848 seconds
Domain Reload Profiling: 1715ms
	BeginReloadAssembly (234ms)
		ExecutionOrderSort (0ms)
		DisableScriptedObjects (8ms)
		BackupInstance (0ms)
		ReleaseScriptingObjects (0ms)
		CreateAndSetChildDomain (45ms)
	RebuildCommonClasses (51ms)
	RebuildNativeTypeToScriptingClass (27ms)
	initialDomainReloadingComplete (29ms)
	LoadAllAssembliesAndSetupDomain (525ms)
		LoadAssemblies (373ms)
		RebuildTransferFunctionScriptingTraits (0ms)
		AnalyzeDomain (268ms)
			TypeCache.Refresh (9ms)
				TypeCache.ScanAssembly (0ms)
			BuildScriptInfoCaches (240ms)
			ResolveRequiredComponents (13ms)
	FinalizeReload (848ms)
		ReleaseScriptCaches (0ms)
		RebuildScriptCaches (0ms)
		SetupLoadedEditorAssemblies (644ms)
			LogAssemblyErrors (0ms)
			InitializePlatformSupportModulesInManaged (12ms)
			SetLoadedEditorAssemblies (6ms)
			BeforeProcessingInitializeOnLoad (152ms)
			ProcessInitializeOnLoadAttributes (385ms)
			ProcessInitializeOnLoadMethodAttributes (85ms)
			AfterProcessingInitializeOnLoad (3ms)
			EditorAssembliesLoaded (0ms)
		ExecutionOrderSort2 (0ms)
		AwakeInstancesAfterBackupRestoration (22ms)
Refreshing native plugins compatible for Editor in 0.83 ms, found 3 plugins.
Preloading 0 native plugins for Editor in 0.00 ms.
Unloading 16 Unused Serialized files (Serialized files now loaded: 0)
Unloading 6182 unused Assets / (4.4 MB). Loaded Objects now: 7311.
Memory consumption went from 160.0 MB to 155.6 MB.
Total: 10.534400 ms (FindLiveObjects: 1.110200 ms CreateObjectMapping: 1.443300 ms MarkObjects: 5.383200 ms  DeleteObjects: 2.596700 ms)

Prepare: number of updated asset objects reloaded= 0
========================================================================
Received Import Request.
  Time since last request: 202.975825 seconds.
  path: Assets/Assets/KayKit_Forest_Nature_Pack_1.0_FREE/Assets/fbx/New Material.mat
  artifactKey: Guid(01dd3caa59d2d0c45bd1873e89ffd020) Importer(815301076,1909f56bfc062723c751e8b465ee728b)
Start importing Assets/Assets/KayKit_Forest_Nature_Pack_1.0_FREE/Assets/fbx/New Material.mat using Guid(01dd3caa59d2d0c45bd1873e89ffd020) Importer(815301076,1909f56bfc062723c751e8b465ee728b) (PreviewImporter) -> (artifact id: '4e2be8af8ed1e885597e9e220ba77ad4') in 0.6213175 seconds
Number of updated asset objects reloaded before import = 0Number of asset objects unloaded after import = 1

========================================================================
Received Import Request.
  Time since last request: 14.967472 seconds.
  path: Assets/Scripts/Units/Move.cs
  artifactKey: Guid(99d5b57e925745644ba71c68811c37d7) Importer(2089858483,b0f066a214c2f5e87bad3c948f4d605d)
Start importing Assets/Scripts/Units/Move.cs using Guid(99d5b57e925745644ba71c68811c37d7) Importer(2089858483,b0f066a214c2f5e87bad3c948f4d605d) (ScriptedImporter) -> (artifact id: '3e403e79fb116649a18524585acd0cda') in 0.0866127 seconds
Number of updated asset objects reloaded before import = 0Number of asset objects unloaded after import = 0

========================================================================
Received Import Request.
  Time since last request: 0.000052 seconds.
  path: Assets/UI/MenuUiElement.cs
  artifactKey: Guid(15ed44dce738f0045b442362f2e74447) Importer(2089858483,b0f066a214c2f5e87bad3c948f4d605d)
Start importing Assets/UI/MenuUiElement.cs using Guid(15ed44dce738f0045b442362f2e74447) Importer(2089858483,b0f066a214c2f5e87bad3c948f4d605d) (ScriptedImporter) -> (artifact id: '9be058d19ca4d45ac7692236fb2939ba') in 0.0112845 seconds
Number of updated asset objects reloaded before import = 0Number of asset objects unloaded after import = 0

========================================================================
Received Import Request.
  Time since last request: 6.656108 seconds.
  path: Assets/Enviroment
  artifactKey: Guid(1f1fc9e5864b3ee45a1329a282e16530) Importer(815301076,1909f56bfc062723c751e8b465ee728b)
Start importing Assets/Enviroment using Guid(1f1fc9e5864b3ee45a1329a282e16530) Importer(815301076,1909f56bfc062723c751e8b465ee728b) (PreviewImporter) -> (artifact id: 'eb149bead2e6c7d408d203a2f4ef9fb4') in 0.0006131 seconds
Number of updated asset objects reloaded before import = 0Number of asset objects unloaded after import = 0

========================================================================
Received Import Request.
  Time since last request: 0.913107 seconds.
  path: Assets/Enviroment
  artifactKey: Guid(1f1fc9e5864b3ee45a1329a282e16530) Importer(2089858483,b0f066a214c2f5e87bad3c948f4d605d)
Start importing Assets/Enviroment using Guid(1f1fc9e5864b3ee45a1329a282e16530) Importer(2089858483,b0f066a214c2f5e87bad3c948f4d605d) (ScriptedImporter) -> (artifact id: '089a8a3fbaaa634341850e91d615fd3b') in 0.0103107 seconds
Number of updated asset objects reloaded before import = 0Number of asset objects unloaded after import = 1

========================================================================
Received Import Request.
  Time since last request: 2.913934 seconds.
  path: Assets/Assets/KayKit_Forest_Nature_Pack_1.0_FREE/Assets/fbx(unity)/Bush_1_A_Color1.fbx
  artifactKey: Guid(c956584217690a641b9a1f2edd7926a0) Importer(815301076,1909f56bfc062723c751e8b465ee728b)
Start importing Assets/Assets/KayKit_Forest_Nature_Pack_1.0_FREE/Assets/fbx(unity)/Bush_1_A_Color1.fbx using Guid(c956584217690a641b9a1f2edd7926a0) Importer(815301076,1909f56bfc062723c751e8b465ee728b) (PreviewImporter) -> (artifact id: '20bfdacc00eb40167eddd9d8f514ef73') in 0.0644622 seconds
Number of updated asset objects reloaded before import = 0Number of asset objects unloaded after import = 9

========================================================================
Received Import Request.
  Time since last request: 0.000023 seconds.
  path: Assets/Assets/KayKit_Forest_Nature_Pack_1.0_FREE/Assets/fbx(unity)/Bush_2_B_Color1.fbx
  artifactKey: Guid(e136f69edef41044a95d5f97dfbae1aa) Importer(815301076,1909f56bfc062723c751e8b465ee728b)
Start importing Assets/Assets/KayKit_Forest_Nature_Pack_1.0_FREE/Assets/fbx(unity)/Bush_2_B_Color1.fbx using Guid(e136f69edef41044a95d5f97dfbae1aa) Importer(815301076,1909f56bfc062723c751e8b465ee728b) (PreviewImporter) -> (artifact id: '44f52c1c125b2330c77fd0a270bfff45') in 0.0325514 seconds
Number of updated asset objects reloaded before import = 0Number of asset objects unloaded after import = 9

========================================================================
Received Import Request.
  Time since last request: 0.000034 seconds.
  path: Assets/Assets/KayKit_Forest_Nature_Pack_1.0_FREE/Assets/fbx(unity)/Bush_1_G_Color1.fbx
  artifactKey: Guid(72c54ed0600499d42b3ec5eeadc00e82) Importer(815301076,1909f56bfc062723c751e8b465ee728b)
Start importing Assets/Assets/KayKit_Forest_Nature_Pack_1.0_FREE/Assets/fbx(unity)/Bush_1_G_Color1.fbx using Guid(72c54ed0600499d42b3ec5eeadc00e82) Importer(815301076,1909f56bfc062723c751e8b465ee728b) (PreviewImporter) -> (artifact id: 'fd958c3fba4019ed378e9c35cc86fef8') in 0.0330143 seconds
Number of updated asset objects reloaded before import = 0Number of asset objects unloaded after import = 9

========================================================================
Received Import Request.
  Time since last request: 0.000039 seconds.
  path: Assets/Assets/KayKit_Forest_Nature_Pack_1.0_FREE/Assets/fbx(unity)/Bush_2_F_Color1.fbx
  artifactKey: Guid(49703abc29875dd4b920149a9234eaae) Importer(815301076,1909f56bfc062723c751e8b465ee728b)
Start importing Assets/Assets/KayKit_Forest_Nature_Pack_1.0_FREE/Assets/fbx(unity)/Bush_2_F_Color1.fbx using Guid(49703abc29875dd4b920149a9234eaae) Importer(815301076,1909f56bfc062723c751e8b465ee728b) (PreviewImporter) -> (artifact id: 'c8c6b855fac4c92546af57bc2e260634') in 0.0329669 seconds
Number of updated asset objects reloaded before import = 0Number of asset objects unloaded after import = 9

========================================================================
Received Import Request.
  Time since last request: 0.000028 seconds.
  path: Assets/Assets/KayKit_Forest_Nature_Pack_1.0_FREE/Assets/fbx(unity)/Bush_3_B_Color1.fbx
  artifactKey: Guid(b731be88aa2dc104e8df1d0ea5bc3675) Importer(815301076,1909f56bfc062723c751e8b465ee728b)
Start importing Assets/Assets/KayKit_Forest_Nature_Pack_1.0_FREE/Assets/fbx(unity)/Bush_3_B_Color1.fbx using Guid(b731be88aa2dc104e8df1d0ea5bc3675) Importer(815301076,1909f56bfc062723c751e8b465ee728b) (PreviewImporter) -> (artifact id: '30b166fcbafd24976aec4badf904084d') in 0.0334372 seconds
Number of updated asset objects reloaded before import = 0Number of asset objects unloaded after import = 9

========================================================================
Received Import Request.
  Time since last request: 0.000026 seconds.
  path: Assets/Assets/KayKit_Forest_Nature_Pack_1.0_FREE/Assets/fbx(unity)/Bush_3_A_Color1.fbx
  artifactKey: Guid(aab9432f5fe03534f938a976788c6954) Importer(815301076,1909f56bfc062723c751e8b465ee728b)
Start importing Assets/Assets/KayKit_Forest_Nature_Pack_1.0_FREE/Assets/fbx(unity)/Bush_3_A_Color1.fbx using Guid(aab9432f5fe03534f938a976788c6954) Importer(815301076,1909f56bfc062723c751e8b465ee728b) (PreviewImporter) -> (artifact id: 'c1459a37f1a5be35f068dc0e8e54691c') in 0.0280131 seconds
Number of updated asset objects reloaded before import = 0Number of asset objects unloaded after import = 9

========================================================================
Received Import Request.
  Time since last request: 0.000033 seconds.
  path: Assets/Assets/KayKit_Forest_Nature_Pack_1.0_FREE/Assets/fbx(unity)/Bush_2_D_Color1.fbx
  artifactKey: Guid(38e9370cd5cc9bc40977ca73402a115a) Importer(815301076,1909f56bfc062723c751e8b465ee728b)
Start importing Assets/Assets/KayKit_Forest_Nature_Pack_1.0_FREE/Assets/fbx(unity)/Bush_2_D_Color1.fbx using Guid(38e9370cd5cc9bc40977ca73402a115a) Importer(815301076,1909f56bfc062723c751e8b465ee728b) (PreviewImporter) -> (artifact id: '1611d9dfd57c2b6887a7c0d76b4272fd') in 0.0269445 seconds
Number of updated asset objects reloaded before import = 0Number of asset objects unloaded after import = 9

========================================================================
Received Import Request.
  Time since last request: 0.000047 seconds.
  path: Assets/Assets/KayKit_Forest_Nature_Pack_1.0_FREE/Assets/fbx(unity)/Bush_2_A_Color1.fbx
  artifactKey: Guid(40e350d2af153b24c95f6d78c319c33b) Importer(815301076,1909f56bfc062723c751e8b465ee728b)
Start importing Assets/Assets/KayKit_Forest_Nature_Pack_1.0_FREE/Assets/fbx(unity)/Bush_2_A_Color1.fbx using Guid(40e350d2af153b24c95f6d78c319c33b) Importer(815301076,1909f56bfc062723c751e8b465ee728b) (PreviewImporter) -> (artifact id: '28cf0bf29a6e283d626ce5e4b1f767ed') in 0.0265357 seconds
Number of updated asset objects reloaded before import = 0Number of asset objects unloaded after import = 9

========================================================================
Received Import Request.
  Time since last request: 0.000030 seconds.
  path: Assets/Assets/KayKit_Forest_Nature_Pack_1.0_FREE/Assets/fbx(unity)/Bush_1_D_Color1.fbx
  artifactKey: Guid(d9f62f2af52a2bf4dbd9e33ebcb2ccb0) Importer(815301076,1909f56bfc062723c751e8b465ee728b)
Start importing Assets/Assets/KayKit_Forest_Nature_Pack_1.0_FREE/Assets/fbx(unity)/Bush_1_D_Color1.fbx using Guid(d9f62f2af52a2bf4dbd9e33ebcb2ccb0) Importer(815301076,1909f56bfc062723c751e8b465ee728b) (PreviewImporter) -> (artifact id: 'ba46dbe4ff614b7820813d453b0de8d9') in 0.0317023 seconds
Number of updated asset objects reloaded before import = 0Number of asset objects unloaded after import = 9

========================================================================
Received Import Request.
  Time since last request: 0.000029 seconds.
  path: Assets/Assets/KayKit_Forest_Nature_Pack_1.0_FREE/Assets/fbx(unity)/Bush_1_F_Color1.fbx
  artifactKey: Guid(f6c154198775ced42b974c9b54bd3da0) Importer(815301076,1909f56bfc062723c751e8b465ee728b)
Start importing Assets/Assets/KayKit_Forest_Nature_Pack_1.0_FREE/Assets/fbx(unity)/Bush_1_F_Color1.fbx using Guid(f6c154198775ced42b974c9b54bd3da0) Importer(815301076,1909f56bfc062723c751e8b465ee728b) (PreviewImporter) -> (artifact id: 'e00151075c64d8c22bf448a806a2d090') in 0.0292511 seconds
Number of updated asset objects reloaded before import = 0Number of asset objects unloaded after import = 9

========================================================================
Received Import Request.
  Time since last request: 0.000028 seconds.
  path: Assets/Assets/KayKit_Forest_Nature_Pack_1.0_FREE/Assets/fbx(unity)/Bush_2_C_Color1.fbx
  artifactKey: Guid(6dda7f618d74aae418bbd4cfe08a55dc) Importer(815301076,1909f56bfc062723c751e8b465ee728b)
Start importing Assets/Assets/KayKit_Forest_Nature_Pack_1.0_FREE/Assets/fbx(unity)/Bush_2_C_Color1.fbx using Guid(6dda7f618d74aae418bbd4cfe08a55dc) Importer(815301076,1909f56bfc062723c751e8b465ee728b) (PreviewImporter) -> (artifact id: '4a316a5caabe04c977163d5498d194f9') in 0.0297262 seconds
Number of updated asset objects reloaded before import = 0Number of asset objects unloaded after import = 9

========================================================================
Received Import Request.
  Time since last request: 0.000044 seconds.
  path: Assets/Assets/KayKit_Forest_Nature_Pack_1.0_FREE/Assets/fbx(unity)/Bush_1_C_Color1.fbx
  artifactKey: Guid(23353e6036a386940813060d0dd54210) Importer(815301076,1909f56bfc062723c751e8b465ee728b)
Start importing Assets/Assets/KayKit_Forest_Nature_Pack_1.0_FREE/Assets/fbx(unity)/Bush_1_C_Color1.fbx using Guid(23353e6036a386940813060d0dd54210) Importer(815301076,1909f56bfc062723c751e8b465ee728b) (PreviewImporter) -> (artifact id: '82260f226c033acd862cf35fc2d7323e') in 0.0274043 seconds
Number of updated asset objects reloaded before import = 0Number of asset objects unloaded after import = 9

========================================================================
Received Import Request.
  Time since last request: 4.060030 seconds.
  path: Assets/Assets/KayKit_Forest_Nature_Pack_1.0_FREE/Assets/fbx(unity)/Grass_1_SingleSided_Mesh.fbx
  artifactKey: Guid(754663d75bf244d4da5b1238857bd15f) Importer(815301076,1909f56bfc062723c751e8b465ee728b)
Start importing Assets/Assets/KayKit_Forest_Nature_Pack_1.0_FREE/Assets/fbx(unity)/Grass_1_SingleSided_Mesh.fbx using Guid(754663d75bf244d4da5b1238857bd15f) Importer(815301076,1909f56bfc062723c751e8b465ee728b) (PreviewImporter) -> (artifact id: '12e6e359c5966c53a1bd87aaee7f8c85') in 0.0213078 seconds
Number of updated asset objects reloaded before import = 0Number of asset objects unloaded after import = 7

========================================================================
Received Import Request.
  Time since last request: 0.000034 seconds.
  path: Assets/Assets/KayKit_Forest_Nature_Pack_1.0_FREE/Assets/fbx(unity)/Rock_1_A_Color1.fbx
  artifactKey: Guid(7f82e0d8739c8b0499c5a8f63726c608) Importer(815301076,1909f56bfc062723c751e8b465ee728b)
Start importing Assets/Assets/KayKit_Forest_Nature_Pack_1.0_FREE/Assets/fbx(unity)/Rock_1_A_Color1.fbx using Guid(7f82e0d8739c8b0499c5a8f63726c608) Importer(815301076,1909f56bfc062723c751e8b465ee728b) (PreviewImporter) -> (artifact id: '04faa7e435eecac9222a7a9ea0c943d0') in 0.030305 seconds
Number of updated asset objects reloaded before import = 0Number of asset objects unloaded after import = 9

========================================================================
Received Import Request.
  Time since last request: 0.000032 seconds.
  path: Assets/Assets/KayKit_Forest_Nature_Pack_1.0_FREE/Assets/fbx(unity)/Rock_1_C_Color1.fbx
  artifactKey: Guid(2674830f9ca048346a45e01a8c98d71b) Importer(815301076,1909f56bfc062723c751e8b465ee728b)
Start importing Assets/Assets/KayKit_Forest_Nature_Pack_1.0_FREE/Assets/fbx(unity)/Rock_1_C_Color1.fbx using Guid(2674830f9ca048346a45e01a8c98d71b) Importer(815301076,1909f56bfc062723c751e8b465ee728b) (PreviewImporter) -> (artifact id: '56752b13930baa568e1114698bf942d6') in 0.0303138 seconds
Number of updated asset objects reloaded before import = 0Number of asset objects unloaded after import = 9

========================================================================
Received Import Request.
  Time since last request: 0.000033 seconds.
  path: Assets/Assets/KayKit_Forest_Nature_Pack_1.0_FREE/Assets/fbx(unity)/Grass_2_C_Singlesided_Color1.fbx
  artifactKey: Guid(03906d389a2156f4aad52a7ad1915862) Importer(815301076,1909f56bfc062723c751e8b465ee728b)
Start importing Assets/Assets/KayKit_Forest_Nature_Pack_1.0_FREE/Assets/fbx(unity)/Grass_2_C_Singlesided_Color1.fbx using Guid(03906d389a2156f4aad52a7ad1915862) Importer(815301076,1909f56bfc062723c751e8b465ee728b) (PreviewImporter) -> (artifact id: '001217cb95f5d22254f81776d43a9290') in 0.0321211 seconds
Number of updated asset objects reloaded before import = 0Number of asset objects unloaded after import = 9

========================================================================
Received Import Request.
  Time since last request: 0.000034 seconds.
  path: Assets/Assets/KayKit_Forest_Nature_Pack_1.0_FREE/Assets/fbx(unity)/Grass_2_C_Color1.fbx
  artifactKey: Guid(327380587fc2f2e4e9d3e85088995c10) Importer(815301076,1909f56bfc062723c751e8b465ee728b)
Start importing Assets/Assets/KayKit_Forest_Nature_Pack_1.0_FREE/Assets/fbx(unity)/Grass_2_C_Color1.fbx using Guid(327380587fc2f2e4e9d3e85088995c10) Importer(815301076,1909f56bfc062723c751e8b465ee728b) (PreviewImporter) -> (artifact id: '30dbdc1d470332fb4ba8cb9c527b2af7') in 0.0289267 seconds
Number of updated asset objects reloaded before import = 0Number of asset objects unloaded after import = 9

========================================================================
Received Import Request.
  Time since last request: 0.000028 seconds.
  path: Assets/Assets/KayKit_Forest_Nature_Pack_1.0_FREE/Assets/fbx(unity)/Grass_2_A_Singlesided_Color1.fbx
  artifactKey: Guid(60f11ffbc13452b4cbab696de6fe7b2d) Importer(815301076,1909f56bfc062723c751e8b465ee728b)
Start importing Assets/Assets/KayKit_Forest_Nature_Pack_1.0_FREE/Assets/fbx(unity)/Grass_2_A_Singlesided_Color1.fbx using Guid(60f11ffbc13452b4cbab696de6fe7b2d) Importer(815301076,1909f56bfc062723c751e8b465ee728b) (PreviewImporter) -> (artifact id: '59c224d17a17b5aa42d30af97d77478a') in 0.0301775 seconds
Number of updated asset objects reloaded before import = 0Number of asset objects unloaded after import = 9

========================================================================
Received Import Request.
  Time since last request: 0.000032 seconds.
  path: Assets/Assets/KayKit_Forest_Nature_Pack_1.0_FREE/Assets/fbx(unity)/Rock_1_G_Color1.fbx
  artifactKey: Guid(140261482c2087e47ae49923e22fa263) Importer(815301076,1909f56bfc062723c751e8b465ee728b)
Start importing Assets/Assets/KayKit_Forest_Nature_Pack_1.0_FREE/Assets/fbx(unity)/Rock_1_G_Color1.fbx using Guid(140261482c2087e47ae49923e22fa263) Importer(815301076,1909f56bfc062723c751e8b465ee728b) (PreviewImporter) -> (artifact id: 'e16eb5b30a8e70a72b18a9af34bc4b5b') in 0.0292555 seconds
Number of updated asset objects reloaded before import = 0Number of asset objects unloaded after import = 9

========================================================================
Received Import Request.
  Time since last request: 0.000040 seconds.
  path: Assets/Assets/KayKit_Forest_Nature_Pack_1.0_FREE/Assets/fbx(unity)/Grass_2_D_Singlesided_Color1.fbx
  artifactKey: Guid(ce24de7ae703fb54ca464fdece94f174) Importer(815301076,1909f56bfc062723c751e8b465ee728b)
Start importing Assets/Assets/KayKit_Forest_Nature_Pack_1.0_FREE/Assets/fbx(unity)/Grass_2_D_Singlesided_Color1.fbx using Guid(ce24de7ae703fb54ca464fdece94f174) Importer(815301076,1909f56bfc062723c751e8b465ee728b) (PreviewImporter) -> (artifact id: '35dbfef67a0ab8eaf5a82773b0ea3be3') in 0.030708 seconds
Number of updated asset objects reloaded before import = 0Number of asset objects unloaded after import = 9

========================================================================
Received Import Request.
  Time since last request: 0.000024 seconds.
  path: Assets/Assets/KayKit_Forest_Nature_Pack_1.0_FREE/Assets/fbx(unity)/Grass_2_B_Singlesided_Color1.fbx
  artifactKey: Guid(4e1e9ac849e9e8a49a5b36f38683c72b) Importer(815301076,1909f56bfc062723c751e8b465ee728b)
Start importing Assets/Assets/KayKit_Forest_Nature_Pack_1.0_FREE/Assets/fbx(unity)/Grass_2_B_Singlesided_Color1.fbx using Guid(4e1e9ac849e9e8a49a5b36f38683c72b) Importer(815301076,1909f56bfc062723c751e8b465ee728b) (PreviewImporter) -> (artifact id: '431118b683d289be8fea438941c2d999') in 0.0326563 seconds
Number of updated asset objects reloaded before import = 0Number of asset objects unloaded after import = 9

========================================================================
Received Import Request.
  Time since last request: 0.017943 seconds.
  path: Assets/Assets/KayKit_Forest_Nature_Pack_1.0_FREE/Assets/fbx(unity)/Rock_1_I_Color1.fbx
  artifactKey: Guid(5f00a64552c775e429066003a1b34c56) Importer(815301076,1909f56bfc062723c751e8b465ee728b)
Start importing Assets/Assets/KayKit_Forest_Nature_Pack_1.0_FREE/Assets/fbx(unity)/Rock_1_I_Color1.fbx using Guid(5f00a64552c775e429066003a1b34c56) Importer(815301076,1909f56bfc062723c751e8b465ee728b) (PreviewImporter) -> (artifact id: '5016cefa2dcd73f3aa20d82eaf676ffd') in 0.0312261 seconds
Number of updated asset objects reloaded before import = 0Number of asset objects unloaded after import = 9

========================================================================
Received Import Request.
  Time since last request: 0.000030 seconds.
  path: Assets/Assets/KayKit_Forest_Nature_Pack_1.0_FREE/Assets/fbx(unity)/Rock_1_M_Color1.fbx
  artifactKey: Guid(d232904bfdedae442a27d66f4095c025) Importer(815301076,1909f56bfc062723c751e8b465ee728b)
Start importing Assets/Assets/KayKit_Forest_Nature_Pack_1.0_FREE/Assets/fbx(unity)/Rock_1_M_Color1.fbx using Guid(d232904bfdedae442a27d66f4095c025) Importer(815301076,1909f56bfc062723c751e8b465ee728b) (PreviewImporter) -> (artifact id: 'd2e54edb288a93e19f3466c259e6f36f') in 0.0309091 seconds
Number of updated asset objects reloaded before import = 0Number of asset objects unloaded after import = 9

========================================================================
Received Import Request.
  Time since last request: 0.000042 seconds.
  path: Assets/Assets/KayKit_Forest_Nature_Pack_1.0_FREE/Assets/fbx(unity)/Rock_1_K_Color1.fbx
  artifactKey: Guid(74a4122134196df4c86a8ea8b242f207) Importer(815301076,1909f56bfc062723c751e8b465ee728b)
Start importing Assets/Assets/KayKit_Forest_Nature_Pack_1.0_FREE/Assets/fbx(unity)/Rock_1_K_Color1.fbx using Guid(74a4122134196df4c86a8ea8b242f207) Importer(815301076,1909f56bfc062723c751e8b465ee728b) (PreviewImporter) -> (artifact id: '2036831275400cc3f7f1afca56c6ff32') in 0.0316267 seconds
Number of updated asset objects reloaded before import = 0Number of asset objects unloaded after import = 9

========================================================================
Received Import Request.
  Time since last request: 0.212031 seconds.
  path: Assets/Assets/KayKit_Forest_Nature_Pack_1.0_FREE/Assets/fbx(unity)/Rock_1_O_Color1.fbx
  artifactKey: Guid(3aebec2246e8b4d4c83d161bc227f219) Importer(815301076,1909f56bfc062723c751e8b465ee728b)
Start importing Assets/Assets/KayKit_Forest_Nature_Pack_1.0_FREE/Assets/fbx(unity)/Rock_1_O_Color1.fbx using Guid(3aebec2246e8b4d4c83d161bc227f219) Importer(815301076,1909f56bfc062723c751e8b465ee728b) (PreviewImporter) -> (artifact id: '740f460314c2341d8825269ddfe3e1d4') in 0.0322228 seconds
Number of updated asset objects reloaded before import = 0Number of asset objects unloaded after import = 9

========================================================================
Received Import Request.
  Time since last request: 0.000031 seconds.
  path: Assets/Assets/KayKit_Forest_Nature_Pack_1.0_FREE/Assets/fbx(unity)/Rock_2_A_Color1.fbx
  artifactKey: Guid(5ec52a7ab0f6e9242a3036acc071885a) Importer(815301076,1909f56bfc062723c751e8b465ee728b)
Start importing Assets/Assets/KayKit_Forest_Nature_Pack_1.0_FREE/Assets/fbx(unity)/Rock_2_A_Color1.fbx using Guid(5ec52a7ab0f6e9242a3036acc071885a) Importer(815301076,1909f56bfc062723c751e8b465ee728b) (PreviewImporter) -> (artifact id: '402694251a5736af4637f2c8971d67f3') in 0.0301456 seconds
Number of updated asset objects reloaded before import = 0Number of asset objects unloaded after import = 9

========================================================================
Received Import Request.
  Time since last request: 0.220866 seconds.
  path: Assets/Assets/KayKit_Forest_Nature_Pack_1.0_FREE/Assets/fbx(unity)/Rock_2_B_Color1.fbx
  artifactKey: Guid(fb85ee300a87e114cabe695079683b48) Importer(815301076,1909f56bfc062723c751e8b465ee728b)
Start importing Assets/Assets/KayKit_Forest_Nature_Pack_1.0_FREE/Assets/fbx(unity)/Rock_2_B_Color1.fbx using Guid(fb85ee300a87e114cabe695079683b48) Importer(815301076,1909f56bfc062723c751e8b465ee728b) (PreviewImporter) -> (artifact id: '2fa3d0a7e0ecbe5431f6f0a954fcd4e1') in 0.027478 seconds
Number of updated asset objects reloaded before import = 0Number of asset objects unloaded after import = 9

========================================================================
Received Import Request.
  Time since last request: 0.000028 seconds.
  path: Assets/Assets/KayKit_Forest_Nature_Pack_1.0_FREE/Assets/fbx(unity)/Rock_2_E_Color1.fbx
  artifactKey: Guid(6c29907752cb8be4c98add56b0b1c433) Importer(815301076,1909f56bfc062723c751e8b465ee728b)
Start importing Assets/Assets/KayKit_Forest_Nature_Pack_1.0_FREE/Assets/fbx(unity)/Rock_2_E_Color1.fbx using Guid(6c29907752cb8be4c98add56b0b1c433) Importer(815301076,1909f56bfc062723c751e8b465ee728b) (PreviewImporter) -> (artifact id: 'd33c792277025c50dd2156e46b309e57') in 0.02747 seconds
Number of updated asset objects reloaded before import = 0Number of asset objects unloaded after import = 9

========================================================================
Received Import Request.
  Time since last request: 0.233875 seconds.
  path: Assets/Assets/KayKit_Forest_Nature_Pack_1.0_FREE/Assets/fbx(unity)/Rock_2_F_Color1.fbx
  artifactKey: Guid(69961033f5f737d47bf4bf9dcb8b2e45) Importer(815301076,1909f56bfc062723c751e8b465ee728b)
Start importing Assets/Assets/KayKit_Forest_Nature_Pack_1.0_FREE/Assets/fbx(unity)/Rock_2_F_Color1.fbx using Guid(69961033f5f737d47bf4bf9dcb8b2e45) Importer(815301076,1909f56bfc062723c751e8b465ee728b) (PreviewImporter) -> (artifact id: 'b3ce443cbfe0185aedb26814e75d614d') in 0.0246368 seconds
Number of updated asset objects reloaded before import = 0Number of asset objects unloaded after import = 9

========================================================================
Received Import Request.
  Time since last request: 0.181119 seconds.
  path: Assets/Assets/KayKit_Forest_Nature_Pack_1.0_FREE/Assets/fbx(unity)/Rock_2_H_Color1.fbx
  artifactKey: Guid(3e4c72fae494fa64a85a3521a2b3f8ad) Importer(815301076,1909f56bfc062723c751e8b465ee728b)
Start importing Assets/Assets/KayKit_Forest_Nature_Pack_1.0_FREE/Assets/fbx(unity)/Rock_2_H_Color1.fbx using Guid(3e4c72fae494fa64a85a3521a2b3f8ad) Importer(815301076,1909f56bfc062723c751e8b465ee728b) (PreviewImporter) -> (artifact id: 'a48b8a0f44822f48a84481db95edf5bf') in 0.0271807 seconds
Number of updated asset objects reloaded before import = 0Number of asset objects unloaded after import = 9

========================================================================
Received Import Request.
  Time since last request: 0.000023 seconds.
  path: Assets/Assets/KayKit_Forest_Nature_Pack_1.0_FREE/Assets/fbx(unity)/Rock_3_B_Color1.fbx
  artifactKey: Guid(75a8c47ad1abe464ba52b8760d79e1f0) Importer(815301076,1909f56bfc062723c751e8b465ee728b)
Start importing Assets/Assets/KayKit_Forest_Nature_Pack_1.0_FREE/Assets/fbx(unity)/Rock_3_B_Color1.fbx using Guid(75a8c47ad1abe464ba52b8760d79e1f0) Importer(815301076,1909f56bfc062723c751e8b465ee728b) (PreviewImporter) -> (artifact id: 'dddd4ba132ffeb1ae8d526415d708f3c') in 0.0272029 seconds
Number of updated asset objects reloaded before import = 0Number of asset objects unloaded after import = 9

========================================================================
Received Import Request.
  Time since last request: 0.000045 seconds.
  path: Assets/Assets/KayKit_Forest_Nature_Pack_1.0_FREE/Assets/fbx(unity)/Rock_3_E_Color1.fbx
  artifactKey: Guid(89760cd2a4096c643aafc1c22949524a) Importer(815301076,1909f56bfc062723c751e8b465ee728b)
Start importing Assets/Assets/KayKit_Forest_Nature_Pack_1.0_FREE/Assets/fbx(unity)/Rock_3_E_Color1.fbx using Guid(89760cd2a4096c643aafc1c22949524a) Importer(815301076,1909f56bfc062723c751e8b465ee728b) (PreviewImporter) -> (artifact id: '9ecfc584c41523f90c07da1b241b713b') in 0.026718 seconds
Number of updated asset objects reloaded before import = 0Number of asset objects unloaded after import = 9

========================================================================
Received Import Request.
  Time since last request: 0.149748 seconds.
  path: Assets/Assets/KayKit_Forest_Nature_Pack_1.0_FREE/Assets/fbx(unity)/Rock_3_F_Color1.fbx
  artifactKey: Guid(a4070254f0e5f574090f03544605c5c0) Importer(815301076,1909f56bfc062723c751e8b465ee728b)
Start importing Assets/Assets/KayKit_Forest_Nature_Pack_1.0_FREE/Assets/fbx(unity)/Rock_3_F_Color1.fbx using Guid(a4070254f0e5f574090f03544605c5c0) Importer(815301076,1909f56bfc062723c751e8b465ee728b) (PreviewImporter) -> (artifact id: 'a9a780c7f9a03d642cf652ab8cd3ad1b') in 0.0304679 seconds
Number of updated asset objects reloaded before import = 0Number of asset objects unloaded after import = 9

========================================================================
Received Import Request.
  Time since last request: 0.000025 seconds.
  path: Assets/Assets/KayKit_Forest_Nature_Pack_1.0_FREE/Assets/fbx(unity)/Rock_3_H_Color1.fbx
  artifactKey: Guid(f87b835f497ff134a87266d5e9cf69e6) Importer(815301076,1909f56bfc062723c751e8b465ee728b)
Start importing Assets/Assets/KayKit_Forest_Nature_Pack_1.0_FREE/Assets/fbx(unity)/Rock_3_H_Color1.fbx using Guid(f87b835f497ff134a87266d5e9cf69e6) Importer(815301076,1909f56bfc062723c751e8b465ee728b) (PreviewImporter) -> (artifact id: 'c1667a4626620a96cc30d37f4d939202') in 0.0262975 seconds
Number of updated asset objects reloaded before import = 0Number of asset objects unloaded after import = 9

========================================================================
Received Import Request.
  Time since last request: 0.000020 seconds.
  path: Assets/Assets/KayKit_Forest_Nature_Pack_1.0_FREE/Assets/fbx(unity)/Rock_3_J_Color1.fbx
  artifactKey: Guid(c8de356afa1ca554b89350c9fe2a1c81) Importer(815301076,1909f56bfc062723c751e8b465ee728b)
Start importing Assets/Assets/KayKit_Forest_Nature_Pack_1.0_FREE/Assets/fbx(unity)/Rock_3_J_Color1.fbx using Guid(c8de356afa1ca554b89350c9fe2a1c81) Importer(815301076,1909f56bfc062723c751e8b465ee728b) (PreviewImporter) -> (artifact id: 'c83ee656ae20e495ddb340e7431979f2') in 0.0266213 seconds
Number of updated asset objects reloaded before import = 0Number of asset objects unloaded after import = 9

========================================================================
Received Import Request.
  Time since last request: 0.444263 seconds.
  path: Assets/Assets/KayKit_Forest_Nature_Pack_1.0_FREE/Assets/fbx(unity)/Rock_3_L_Color1.fbx
  artifactKey: Guid(9f8823023c9240343bf8f438ad723264) Importer(815301076,1909f56bfc062723c751e8b465ee728b)
Start importing Assets/Assets/KayKit_Forest_Nature_Pack_1.0_FREE/Assets/fbx(unity)/Rock_3_L_Color1.fbx using Guid(9f8823023c9240343bf8f438ad723264) Importer(815301076,1909f56bfc062723c751e8b465ee728b) (PreviewImporter) -> (artifact id: 'fbd48e62b0f1339f46b535381a38f54a') in 0.0307964 seconds
Number of updated asset objects reloaded before import = 0Number of asset objects unloaded after import = 9

========================================================================
Received Import Request.
  Time since last request: 0.000031 seconds.
  path: Assets/Assets/KayKit_Forest_Nature_Pack_1.0_FREE/Assets/fbx(unity)/Rock_3_P_Color1.fbx
  artifactKey: Guid(af9553d8b62dd934784fe9c23fa68c8b) Importer(815301076,1909f56bfc062723c751e8b465ee728b)
Start importing Assets/Assets/KayKit_Forest_Nature_Pack_1.0_FREE/Assets/fbx(unity)/Rock_3_P_Color1.fbx using Guid(af9553d8b62dd934784fe9c23fa68c8b) Importer(815301076,1909f56bfc062723c751e8b465ee728b) (PreviewImporter) -> (artifact id: 'bbc7b8709686bcb6fead3a9d09ddbba3') in 0.031369 seconds
Number of updated asset objects reloaded before import = 0Number of asset objects unloaded after import = 9

========================================================================
Received Import Request.
  Time since last request: 0.000025 seconds.
  path: Assets/Assets/KayKit_Forest_Nature_Pack_1.0_FREE/Assets/fbx(unity)/Tree_1_A_Color1.fbx
  artifactKey: Guid(0fcb8070674940b43a2bbf30a01ea79d) Importer(815301076,1909f56bfc062723c751e8b465ee728b)
Start importing Assets/Assets/KayKit_Forest_Nature_Pack_1.0_FREE/Assets/fbx(unity)/Tree_1_A_Color1.fbx using Guid(0fcb8070674940b43a2bbf30a01ea79d) Importer(815301076,1909f56bfc062723c751e8b465ee728b) (PreviewImporter) -> (artifact id: 'b657b44dfd089e30e7a7912f5718f224') in 0.0273036 seconds
Number of updated asset objects reloaded before import = 0Number of asset objects unloaded after import = 9

========================================================================
Received Import Request.
  Time since last request: 0.142102 seconds.
  path: Assets/Assets/KayKit_Forest_Nature_Pack_1.0_FREE/Assets/fbx(unity)/Tree_1_B_Color1.fbx
  artifactKey: Guid(8e5c4ad625f1d904da00b688052b6de1) Importer(815301076,1909f56bfc062723c751e8b465ee728b)
Start importing Assets/Assets/KayKit_Forest_Nature_Pack_1.0_FREE/Assets/fbx(unity)/Tree_1_B_Color1.fbx using Guid(8e5c4ad625f1d904da00b688052b6de1) Importer(815301076,1909f56bfc062723c751e8b465ee728b) (PreviewImporter) -> (artifact id: '4e5c87b697fc18e0ed99b36f7c854855') in 0.0289961 seconds
Number of updated asset objects reloaded before import = 0Number of asset objects unloaded after import = 9

========================================================================
Received Import Request.
  Time since last request: 0.000028 seconds.
  path: Assets/Assets/KayKit_Forest_Nature_Pack_1.0_FREE/Assets/fbx(unity)/Tree_2_C_Color1.fbx
  artifactKey: Guid(bedd1201fba0ebd418cd9c9308e2c4b5) Importer(815301076,1909f56bfc062723c751e8b465ee728b)
Start importing Assets/Assets/KayKit_Forest_Nature_Pack_1.0_FREE/Assets/fbx(unity)/Tree_2_C_Color1.fbx using Guid(bedd1201fba0ebd418cd9c9308e2c4b5) Importer(815301076,1909f56bfc062723c751e8b465ee728b) (PreviewImporter) -> (artifact id: 'b92f75e96cc20f474ee48ebe28bb1b3a') in 0.0276152 seconds
Number of updated asset objects reloaded before import = 0Number of asset objects unloaded after import = 9

========================================================================
Received Import Request.
  Time since last request: 0.000033 seconds.
  path: Assets/Assets/KayKit_Forest_Nature_Pack_1.0_FREE/Assets/fbx(unity)/Tree_2_E_Color1.fbx
  artifactKey: Guid(f36f366c33673f14e89b45766fa85494) Importer(815301076,1909f56bfc062723c751e8b465ee728b)
Start importing Assets/Assets/KayKit_Forest_Nature_Pack_1.0_FREE/Assets/fbx(unity)/Tree_2_E_Color1.fbx using Guid(f36f366c33673f14e89b45766fa85494) Importer(815301076,1909f56bfc062723c751e8b465ee728b) (PreviewImporter) -> (artifact id: '4c75bc3d6d270fc5908105642edf8204') in 0.0298373 seconds
Number of updated asset objects reloaded before import = 0Number of asset objects unloaded after import = 9

========================================================================
Received Import Request.
  Time since last request: 0.089910 seconds.
  path: Assets/Assets/KayKit_Forest_Nature_Pack_1.0_FREE/Assets/fbx(unity)/Tree_3_B_Color1.fbx
  artifactKey: Guid(2e47b8543d5d01146ab4df5c7756b105) Importer(815301076,1909f56bfc062723c751e8b465ee728b)
Start importing Assets/Assets/KayKit_Forest_Nature_Pack_1.0_FREE/Assets/fbx(unity)/Tree_3_B_Color1.fbx using Guid(2e47b8543d5d01146ab4df5c7756b105) Importer(815301076,1909f56bfc062723c751e8b465ee728b) (PreviewImporter) -> (artifact id: '0e92ffe88ec04c3fccc522a4719535ae') in 0.0248462 seconds
Number of updated asset objects reloaded before import = 0Number of asset objects unloaded after import = 9

========================================================================
Received Import Request.
  Time since last request: 0.000027 seconds.
  path: Assets/Assets/KayKit_Forest_Nature_Pack_1.0_FREE/Assets/fbx(unity)/Tree_4_B_Color1.fbx
  artifactKey: Guid(326c2d85c04995244b852f4cb26c3850) Importer(815301076,1909f56bfc062723c751e8b465ee728b)
Start importing Assets/Assets/KayKit_Forest_Nature_Pack_1.0_FREE/Assets/fbx(unity)/Tree_4_B_Color1.fbx using Guid(326c2d85c04995244b852f4cb26c3850) Importer(815301076,1909f56bfc062723c751e8b465ee728b) (PreviewImporter) -> (artifact id: 'c5b49908df8af638f568885d6d294513') in 0.0315885 seconds
Number of updated asset objects reloaded before import = 0Number of asset objects unloaded after import = 9

========================================================================
Received Import Request.
  Time since last request: 0.125383 seconds.
  path: Assets/Assets/KayKit_Forest_Nature_Pack_1.0_FREE/Assets/fbx(unity)/Tree_Bare_1_B_Color1.fbx
  artifactKey: Guid(42fc656b4a78baa459b65f7eb2dc6bc1) Importer(815301076,1909f56bfc062723c751e8b465ee728b)
Start importing Assets/Assets/KayKit_Forest_Nature_Pack_1.0_FREE/Assets/fbx(unity)/Tree_Bare_1_B_Color1.fbx using Guid(42fc656b4a78baa459b65f7eb2dc6bc1) Importer(815301076,1909f56bfc062723c751e8b465ee728b) (PreviewImporter) -> (artifact id: '5af6ebe580d776395655061d601d3ad9') in 0.0264544 seconds
Number of updated asset objects reloaded before import = 0Number of asset objects unloaded after import = 9

========================================================================
Received Import Request.
  Time since last request: 0.000025 seconds.
  path: Assets/Assets/KayKit_Forest_Nature_Pack_1.0_FREE/Assets/fbx(unity)/Tree_Bare_2_C_Color1.fbx
  artifactKey: Guid(b049f58f5b9a5c743a28f66a92854c01) Importer(815301076,1909f56bfc062723c751e8b465ee728b)
Start importing Assets/Assets/KayKit_Forest_Nature_Pack_1.0_FREE/Assets/fbx(unity)/Tree_Bare_2_C_Color1.fbx using Guid(b049f58f5b9a5c743a28f66a92854c01) Importer(815301076,1909f56bfc062723c751e8b465ee728b) (PreviewImporter) -> (artifact id: 'dbe772b9027f6cf8f42936892d155f3b') in 0.0278527 seconds
Number of updated asset objects reloaded before import = 0Number of asset objects unloaded after import = 9

========================================================================
Received Import Request.
  Time since last request: 3.717671 seconds.
  path: Assets/Assets/KayKit_Forest_Nature_Pack_1.0_FREE/Assets/fbx(unity)/Grass_1_D_Singlesided_Color1.fbx
  artifactKey: Guid(addb2716e5998f347b0a5a150287fdf0) Importer(815301076,1909f56bfc062723c751e8b465ee728b)
Start importing Assets/Assets/KayKit_Forest_Nature_Pack_1.0_FREE/Assets/fbx(unity)/Grass_1_D_Singlesided_Color1.fbx using Guid(addb2716e5998f347b0a5a150287fdf0) Importer(815301076,1909f56bfc062723c751e8b465ee728b) (PreviewImporter) -> (artifact id: '54f5883ba157aab1d8d1047c6e5efe5a') in 0.0278374 seconds
Number of updated asset objects reloaded before import = 0Number of asset objects unloaded after import = 9

========================================================================
Received Import Request.
  Time since last request: 0.005499 seconds.
  path: Assets/Assets/KayKit_Forest_Nature_Pack_1.0_FREE/Assets/fbx(unity)/Grass_1_C_Singlesided_Color1.fbx
  artifactKey: Guid(eff12129050d45b4295f5218e45db184) Importer(815301076,1909f56bfc062723c751e8b465ee728b)
Start importing Assets/Assets/KayKit_Forest_Nature_Pack_1.0_FREE/Assets/fbx(unity)/Grass_1_C_Singlesided_Color1.fbx using Guid(eff12129050d45b4295f5218e45db184) Importer(815301076,1909f56bfc062723c751e8b465ee728b) (PreviewImporter) -> (artifact id: '50a5e04d45557fb93be26d5323554d39') in 0.0292114 seconds
Number of updated asset objects reloaded before import = 0Number of asset objects unloaded after import = 9

========================================================================
Received Import Request.
  Time since last request: 0.209645 seconds.
  path: Assets/Assets/KayKit_Forest_Nature_Pack_1.0_FREE/Assets/fbx(unity)/Grass_1_B_Singlesided_Color1.fbx
  artifactKey: Guid(e5161bf33f07a8642b1499a36e11a8a3) Importer(815301076,1909f56bfc062723c751e8b465ee728b)
Start importing Assets/Assets/KayKit_Forest_Nature_Pack_1.0_FREE/Assets/fbx(unity)/Grass_1_B_Singlesided_Color1.fbx using Guid(e5161bf33f07a8642b1499a36e11a8a3) Importer(815301076,1909f56bfc062723c751e8b465ee728b) (PreviewImporter) -> (artifact id: '629cac38384a66a59bd9650c15f3ef5d') in 0.0275959 seconds
Number of updated asset objects reloaded before import = 0Number of asset objects unloaded after import = 9

========================================================================
Received Import Request.
  Time since last request: 0.000023 seconds.
  path: Assets/Assets/KayKit_Forest_Nature_Pack_1.0_FREE/Assets/fbx(unity)/forest_texture.png
  artifactKey: Guid(72fb2ad59b5d52c4da1f4740daf1dacd) Importer(815301076,1909f56bfc062723c751e8b465ee728b)
Start importing Assets/Assets/KayKit_Forest_Nature_Pack_1.0_FREE/Assets/fbx(unity)/forest_texture.png using Guid(72fb2ad59b5d52c4da1f4740daf1dacd) Importer(815301076,1909f56bfc062723c751e8b465ee728b) (PreviewImporter) -> (artifact id: 'f7ecc80ee0105ae6538a4e26f6e8e3d3') in 0.0148829 seconds
Number of updated asset objects reloaded before import = 0Number of asset objects unloaded after import = 2

========================================================================
Received Import Request.
  Time since last request: 0.000031 seconds.
  path: Assets/Assets/KayKit_Forest_Nature_Pack_1.0_FREE/Assets/fbx(unity)/Grass_1_B_Color1.fbx
  artifactKey: Guid(6696a67f76dd3bd4d93c1770b981ff1e) Importer(815301076,1909f56bfc062723c751e8b465ee728b)
Start importing Assets/Assets/KayKit_Forest_Nature_Pack_1.0_FREE/Assets/fbx(unity)/Grass_1_B_Color1.fbx using Guid(6696a67f76dd3bd4d93c1770b981ff1e) Importer(815301076,1909f56bfc062723c751e8b465ee728b) (PreviewImporter) -> (artifact id: '8f0802aacc57c6d3902db3e41a127ca7') in 0.0274895 seconds
Number of updated asset objects reloaded before import = 0Number of asset objects unloaded after import = 9

========================================================================
Received Import Request.
  Time since last request: 0.189804 seconds.
  path: Assets/Assets/KayKit_Forest_Nature_Pack_1.0_FREE/Assets/fbx(unity)/Bush_4_C_Color1.fbx
  artifactKey: Guid(95b7375facb81a34d9f8c932bde7673f) Importer(815301076,1909f56bfc062723c751e8b465ee728b)
Start importing Assets/Assets/KayKit_Forest_Nature_Pack_1.0_FREE/Assets/fbx(unity)/Bush_4_C_Color1.fbx using Guid(95b7375facb81a34d9f8c932bde7673f) Importer(815301076,1909f56bfc062723c751e8b465ee728b) (PreviewImporter) -> (artifact id: '05f1e1ddc19c274d77ede90b02baf396') in 0.0265323 seconds
Number of updated asset objects reloaded before import = 0Number of asset objects unloaded after import = 9

========================================================================
Received Import Request.
  Time since last request: 0.000032 seconds.
  path: Assets/Assets/KayKit_Forest_Nature_Pack_1.0_FREE/Assets/fbx(unity)/Bush_4_A_Color1.fbx
  artifactKey: Guid(1ba2de8c18cdf414fa4c936d3832833e) Importer(815301076,1909f56bfc062723c751e8b465ee728b)
Start importing Assets/Assets/KayKit_Forest_Nature_Pack_1.0_FREE/Assets/fbx(unity)/Bush_4_A_Color1.fbx using Guid(1ba2de8c18cdf414fa4c936d3832833e) Importer(815301076,1909f56bfc062723c751e8b465ee728b) (PreviewImporter) -> (artifact id: 'f1769c0bce56d82f6d960dc176b71bbc') in 0.0284635 seconds
Number of updated asset objects reloaded before import = 0Number of asset objects unloaded after import = 9

========================================================================
Received Import Request.
  Time since last request: 18.421786 seconds.
  path: Assets/Enviroment/newSkybox.mat
  artifactKey: Guid(369eefeeb47f41f409d1f206a7a0e1b3) Importer(815301076,1909f56bfc062723c751e8b465ee728b)
Start importing Assets/Enviroment/newSkybox.mat using Guid(369eefeeb47f41f409d1f206a7a0e1b3) Importer(815301076,1909f56bfc062723c751e8b465ee728b) (PreviewImporter) -> (artifact id: '76ab8b1f0244cb163d8c93cf845efdb4') in 0.0136502 seconds
Number of updated asset objects reloaded before import = 0Number of asset objects unloaded after import = 1

========================================================================
Received Import Request.
  Time since last request: 0.918473 seconds.
  path: Assets/Enviroment/newSkybox.mat
  artifactKey: Guid(369eefeeb47f41f409d1f206a7a0e1b3) Importer(2089858483,b0f066a214c2f5e87bad3c948f4d605d)
Start importing Assets/Enviroment/newSkybox.mat using Guid(369eefeeb47f41f409d1f206a7a0e1b3) Importer(2089858483,b0f066a214c2f5e87bad3c948f4d605d) (ScriptedImporter) -> (artifact id: '6c7c8c6a81c3406237ee44ed6e876c2d') in 0.0216134 seconds
Number of updated asset objects reloaded before import = 0Number of asset objects unloaded after import = 1

========================================================================
Received Import Request.
  Time since last request: 246.360610 seconds.
  path: Assets/Assets/SkySkybox.png
  artifactKey: Guid(a10d0c78502e2e7469f12845fe265fde) Importer(2089858483,b0f066a214c2f5e87bad3c948f4d605d)
Start importing Assets/Assets/SkySkybox.png using Guid(a10d0c78502e2e7469f12845fe265fde) Importer(2089858483,b0f066a214c2f5e87bad3c948f4d605d) (ScriptedImporter) -> (artifact id: 'f13e4e42fc18b33f12710135e54e80c8') in 0.0527464 seconds
Number of updated asset objects reloaded before import = 0Number of asset objects unloaded after import = 1

========================================================================
Received Import Request.
  Time since last request: 76.919245 seconds.
  path: Assets/Assets/SkySkybox.png
  artifactKey: Guid(a10d0c78502e2e7469f12845fe265fde) Importer(815301076,1909f56bfc062723c751e8b465ee728b)
Start importing Assets/Assets/SkySkybox.png using Guid(a10d0c78502e2e7469f12845fe265fde) Importer(815301076,1909f56bfc062723c751e8b465ee728b) (PreviewImporter) -> (artifact id: 'd3813973412f7b0a19ef8905e632a123') in 0.0178916 seconds
Number of updated asset objects reloaded before import = 0Number of asset objects unloaded after import = 2

========================================================================
Received Import Request.
  Time since last request: 189.081511 seconds.
  path: Assets/Assets/KayKit_Forest_Nature_Pack_1.0_FREE/Assets/fbx/Materials
  artifactKey: Guid(d6be380dbc0c88f459f284b8a62e6eb0) Importer(2089858483,b0f066a214c2f5e87bad3c948f4d605d)
Start importing Assets/Assets/KayKit_Forest_Nature_Pack_1.0_FREE/Assets/fbx/Materials using Guid(d6be380dbc0c88f459f284b8a62e6eb0) Importer(2089858483,b0f066a214c2f5e87bad3c948f4d605d) (ScriptedImporter) -> (artifact id: 'd7a0af2c68c9dbbb6f29a49968f99585') in 0.0107054 seconds
Number of updated asset objects reloaded before import = 0Number of asset objects unloaded after import = 1

========================================================================
Received Import Request.
  Time since last request: 0.000040 seconds.
  path: Assets/Enviroment/newSkybox.mat
  artifactKey: Guid(369eefeeb47f41f409d1f206a7a0e1b3) Importer(2089858483,b0f066a214c2f5e87bad3c948f4d605d)
Start importing Assets/Enviroment/newSkybox.mat using Guid(369eefeeb47f41f409d1f206a7a0e1b3) Importer(2089858483,b0f066a214c2f5e87bad3c948f4d605d) (ScriptedImporter) -> (artifact id: 'e545b84f8ecd791f7e6d277adbe91c6f') in 0.0183125 seconds
Number of updated asset objects reloaded before import = 0Number of asset objects unloaded after import = 2

========================================================================
Received Prepare
Begin MonoManager ReloadAssembly
[Licensing::Client] Successfully resolved entitlement details
- Loaded All Assemblies, in  1.025 seconds
Refreshing native plugins compatible for Editor in 0.70 ms, found 3 plugins.
Native extension for iOS target not found
Native extension for Android target not found
Native extension for WindowsStandalone target not found
Native extension for OSXStandalone target not found
[Package Manager] Failed to launch server process. Reason: Unity was launched with the -noUpm command-line argument
[Package Manager] Unable to send message (not connected to server process).
[Package Manager] Cannot connect to Unity Package Manager local server
[Package Manager] Failed to launch server process. Reason: Unity was launched with the -noUpm command-line argument
[Package Manager] Unable to send message (not connected to server process).
[Package Manager] Cannot connect to Unity Package Manager local server
ScheduleIndexationOnStartup MainProcess:False IndexOnStartup:True
Mono: successfully reloaded assembly
- Finished resetting the current domain, in  0.867 seconds
Domain Reload Profiling: 1897ms
	BeginReloadAssembly (300ms)
		ExecutionOrderSort (0ms)
		DisableScriptedObjects (37ms)
		BackupInstance (0ms)
		ReleaseScriptingObjects (0ms)
		CreateAndSetChildDomain (76ms)
	RebuildCommonClasses (45ms)
	RebuildNativeTypeToScriptingClass (19ms)
	initialDomainReloadingComplete (31ms)
	LoadAllAssembliesAndSetupDomain (633ms)
		LoadAssemblies (440ms)
		RebuildTransferFunctionScriptingTraits (0ms)
		AnalyzeDomain (308ms)
			TypeCache.Refresh (14ms)
				TypeCache.ScanAssembly (0ms)
			BuildScriptInfoCaches (272ms)
			ResolveRequiredComponents (15ms)
	FinalizeReload (868ms)
		ReleaseScriptCaches (0ms)
		RebuildScriptCaches (0ms)
		SetupLoadedEditorAssemblies (649ms)
			LogAssemblyErrors (0ms)
			InitializePlatformSupportModulesInManaged (15ms)
			SetLoadedEditorAssemblies (6ms)
			BeforeProcessingInitializeOnLoad (167ms)
			ProcessInitializeOnLoadAttributes (378ms)
			ProcessInitializeOnLoadMethodAttributes (80ms)
			AfterProcessingInitializeOnLoad (3ms)
			EditorAssembliesLoaded (0ms)
		ExecutionOrderSort2 (0ms)
		AwakeInstancesAfterBackupRestoration (23ms)
Refreshing native plugins compatible for Editor in 0.78 ms, found 3 plugins.
Preloading 0 native plugins for Editor in 0.00 ms.
Unloading 16 Unused Serialized files (Serialized files now loaded: 0)
Unloading 6184 unused Assets / (4.5 MB). Loaded Objects now: 7335.
Memory consumption went from 160.6 MB to 156.1 MB.
Total: 10.036500 ms (FindLiveObjects: 0.798200 ms CreateObjectMapping: 1.401500 ms MarkObjects: 5.024500 ms  DeleteObjects: 2.810700 ms)

Prepare: number of updated asset objects reloaded= 0
========================================================================
Received Prepare
Begin MonoManager ReloadAssembly
- Loaded All Assemblies, in  0.819 seconds
Refreshing native plugins compatible for Editor in 0.73 ms, found 3 plugins.
Native extension for iOS target not found
Native extension for Android target not found
Native extension for WindowsStandalone target not found
Native extension for OSXStandalone target not found
[Package Manager] Failed to launch server process. Reason: Unity was launched with the -noUpm command-line argument
[Package Manager] Unable to send message (not connected to server process).
[Package Manager] Cannot connect to Unity Package Manager local server
[Package Manager] Failed to launch server process. Reason: Unity was launched with the -noUpm command-line argument
[Package Manager] Unable to send message (not connected to server process).
[Package Manager] Cannot connect to Unity Package Manager local server
ScheduleIndexationOnStartup MainProcess:False IndexOnStartup:True
Mono: successfully reloaded assembly
- Finished resetting the current domain, in  0.869 seconds
Domain Reload Profiling: 1692ms
	BeginReloadAssembly (232ms)
		ExecutionOrderSort (0ms)
		DisableScriptedObjects (7ms)
		BackupInstance (0ms)
		ReleaseScriptingObjects (0ms)
		CreateAndSetChildDomain (46ms)
	RebuildCommonClasses (47ms)
	RebuildNativeTypeToScriptingClass (17ms)
	initialDomainReloadingComplete (30ms)
	LoadAllAssembliesAndSetupDomain (496ms)
		LoadAssemblies (364ms)
		RebuildTransferFunctionScriptingTraits (0ms)
		AnalyzeDomain (244ms)
			TypeCache.Refresh (9ms)
				TypeCache.ScanAssembly (0ms)
			BuildScriptInfoCaches (215ms)
			ResolveRequiredComponents (14ms)
	FinalizeReload (870ms)
		ReleaseScriptCaches (0ms)
		RebuildScriptCaches (0ms)
		SetupLoadedEditorAssemblies (656ms)
			LogAssemblyErrors (0ms)
			InitializePlatformSupportModulesInManaged (16ms)
			SetLoadedEditorAssemblies (5ms)
			BeforeProcessingInitializeOnLoad (158ms)
			ProcessInitializeOnLoadAttributes (370ms)
			ProcessInitializeOnLoadMethodAttributes (102ms)
			AfterProcessingInitializeOnLoad (4ms)
			EditorAssembliesLoaded (0ms)
		ExecutionOrderSort2 (0ms)
		AwakeInstancesAfterBackupRestoration (26ms)
Refreshing native plugins compatible for Editor in 1.28 ms, found 3 plugins.
Preloading 0 native plugins for Editor in 0.00 ms.
Unloading 16 Unused Serialized files (Serialized files now loaded: 0)
Unloading 6182 unused Assets / (4.4 MB). Loaded Objects now: 7338.
Memory consumption went from 160.4 MB to 156.1 MB.
Total: 12.227000 ms (FindLiveObjects: 0.950400 ms CreateObjectMapping: 1.404300 ms MarkObjects: 6.728600 ms  DeleteObjects: 3.142600 ms)

Prepare: number of updated asset objects reloaded= 0
========================================================================
Received Import Request.
  Time since last request: 2698.834203 seconds.
  path: Assets/UI/Menu.uss
  artifactKey: Guid(38a06a499f722df4a8498e479b625db7) Importer(815301076,1909f56bfc062723c751e8b465ee728b)
Start importing Assets/UI/Menu.uss using Guid(38a06a499f722df4a8498e479b625db7) Importer(815301076,1909f56bfc062723c751e8b465ee728b) (PreviewImporter) -> (artifact id: 'e3702d6316ba24093c5d6834296b5382') in 0.0893638 seconds
Number of updated asset objects reloaded before import = 0Number of asset objects unloaded after import = 3

========================================================================
Received Import Request.
  Time since last request: 0.000027 seconds.
  path: Assets/UI/Mover.uss
  artifactKey: Guid(0867420b1e3e6b843ad6f33af41fa34e) Importer(815301076,1909f56bfc062723c751e8b465ee728b)
Start importing Assets/UI/Mover.uss using Guid(0867420b1e3e6b843ad6f33af41fa34e) Importer(815301076,1909f56bfc062723c751e8b465ee728b) (PreviewImporter) -> (artifact id: 'f12afa72c1cb9398f9bf85642463ae75') in 0.002388 seconds
Number of updated asset objects reloaded before import = 0Number of asset objects unloaded after import = 1

========================================================================
Received Import Request.
  Time since last request: 0.000057 seconds.
  path: Assets/UI/Mover.uxml
  artifactKey: Guid(53f223d5074062a44baba68066362973) Importer(815301076,1909f56bfc062723c751e8b465ee728b)
Start importing Assets/UI/Mover.uxml using Guid(53f223d5074062a44baba68066362973) Importer(815301076,1909f56bfc062723c751e8b465ee728b) (PreviewImporter) -> (artifact id: 'b54b3cebed6f91c1b16ec3b4612200cf') in 0.091468 seconds
Number of updated asset objects reloaded before import = 0Number of asset objects unloaded after import = 4

========================================================================
Received Import Request.
  Time since last request: 1.619322 seconds.
  path: Assets/UI
  artifactKey: Guid(617e4251e067b0d47bcd98b0557e70a5) Importer(815301076,1909f56bfc062723c751e8b465ee728b)
Start importing Assets/UI using Guid(617e4251e067b0d47bcd98b0557e70a5) Importer(815301076,1909f56bfc062723c751e8b465ee728b) (PreviewImporter) -> (artifact id: 'cf1c5bdc83f6f3e917431e10ce5ecbb3') in 0.0006174 seconds
Number of updated asset objects reloaded before import = 0Number of asset objects unloaded after import = 0

========================================================================
Received Import Request.
  Time since last request: 8.880124 seconds.
  path: Assets/UI/Menu.uxml
  artifactKey: Guid(3dfeef943f6a3804cadeacfeb858469b) Importer(2089858483,b0f066a214c2f5e87bad3c948f4d605d)
Start importing Assets/UI/Menu.uxml using Guid(3dfeef943f6a3804cadeacfeb858469b) Importer(2089858483,b0f066a214c2f5e87bad3c948f4d605d) (ScriptedImporter) -> (artifact id: '5c59f923c4f0968ae3a73e9554477674') in 0.1055585 seconds
Number of updated asset objects reloaded before import = 0Number of asset objects unloaded after import = 6

========================================================================
Received Import Request.
  Time since last request: 0.000019 seconds.
  path: Assets/UI/NewMover.uss
  artifactKey: Guid(e1bfff432f8d15447a98f04f832f0937) Importer(2089858483,b0f066a214c2f5e87bad3c948f4d605d)
Start importing Assets/UI/NewMover.uss using Guid(e1bfff432f8d15447a98f04f832f0937) Importer(2089858483,b0f066a214c2f5e87bad3c948f4d605d) (ScriptedImporter) -> (artifact id: '79e1149c02e2de1e0bba70cafe0f55aa') in 0.0263459 seconds
Number of updated asset objects reloaded before import = 0Number of asset objects unloaded after import = 1

========================================================================
Received Prepare
Refreshing native plugins compatible for Editor in 1.14 ms, found 3 plugins.
Preloading 0 native plugins for Editor in 0.00 ms.
Unloading 16 Unused Serialized files (Serialized files now loaded: 0)
Unloading 6177 unused Assets / (4.5 MB). Loaded Objects now: 7341.
Memory consumption went from 161.0 MB to 156.5 MB.
Total: 13.828500 ms (FindLiveObjects: 1.180900 ms CreateObjectMapping: 1.642600 ms MarkObjects: 7.972200 ms  DeleteObjects: 3.031800 ms)

Prepare: number of updated asset objects reloaded= 0
========================================================================
Received Import Request.
  Time since last request: 8.409268 seconds.
  path: Assets/UI/SomeItemMover.cs
  artifactKey: Guid(bf37838be5771694bb1c17f0fbd26b37) Importer(815301076,1909f56bfc062723c751e8b465ee728b)
Start importing Assets/UI/SomeItemMover.cs using Guid(bf37838be5771694bb1c17f0fbd26b37) Importer(815301076,1909f56bfc062723c751e8b465ee728b) (PreviewImporter) -> (artifact id: '50924ed506c9cec6c42c789d30074416') in 0.0080604 seconds
Number of updated asset objects reloaded before import = 0Number of asset objects unloaded after import = 0

========================================================================
Received Import Request.
  Time since last request: 0.323184 seconds.
  path: Assets/UI/SomeItemMover.cs
  artifactKey: Guid(bf37838be5771694bb1c17f0fbd26b37) Importer(2089858483,b0f066a214c2f5e87bad3c948f4d605d)
Start importing Assets/UI/SomeItemMover.cs using Guid(bf37838be5771694bb1c17f0fbd26b37) Importer(2089858483,b0f066a214c2f5e87bad3c948f4d605d) (ScriptedImporter) -> (artifact id: 'b4039f07c4fb1ed537fcebb9e15e5b77') in 0.0164134 seconds
Number of updated asset objects reloaded before import = 0Number of asset objects unloaded after import = 0

========================================================================
Received Prepare
Begin MonoManager ReloadAssembly
[Licensing::Client] Successfully resolved entitlement details
- Loaded All Assemblies, in  0.953 seconds
Refreshing native plugins compatible for Editor in 0.92 ms, found 3 plugins.
Native extension for iOS target not found
Native extension for Android target not found
Native extension for WindowsStandalone target not found
Native extension for OSXStandalone target not found
[Package Manager] Failed to launch server process. Reason: Unity was launched with the -noUpm command-line argument
[Package Manager] Unable to send message (not connected to server process).
[Package Manager] Cannot connect to Unity Package Manager local server
[Package Manager] Failed to launch server process. Reason: Unity was launched with the -noUpm command-line argument
[Package Manager] Unable to send message (not connected to server process).
[Package Manager] Cannot connect to Unity Package Manager local server
ScheduleIndexationOnStartup MainProcess:False IndexOnStartup:True
Mono: successfully reloaded assembly
- Finished resetting the current domain, in  1.197 seconds
Domain Reload Profiling: 2154ms
	BeginReloadAssembly (300ms)
		ExecutionOrderSort (0ms)
		DisableScriptedObjects (9ms)
		BackupInstance (0ms)
		ReleaseScriptingObjects (0ms)
		CreateAndSetChildDomain (85ms)
	RebuildCommonClasses (46ms)
	RebuildNativeTypeToScriptingClass (20ms)
	initialDomainReloadingComplete (35ms)
	LoadAllAssembliesAndSetupDomain (555ms)
		LoadAssemblies (422ms)
		RebuildTransferFunctionScriptingTraits (0ms)
		AnalyzeDomain (262ms)
			TypeCache.Refresh (16ms)
				TypeCache.ScanAssembly (0ms)
			BuildScriptInfoCaches (228ms)
			ResolveRequiredComponents (12ms)
	FinalizeReload (1198ms)
		ReleaseScriptCaches (0ms)
		RebuildScriptCaches (0ms)
		SetupLoadedEditorAssemblies (919ms)
			LogAssemblyErrors (0ms)
			InitializePlatformSupportModulesInManaged (13ms)
			SetLoadedEditorAssemblies (7ms)
			BeforeProcessingInitializeOnLoad (279ms)
			ProcessInitializeOnLoadAttributes (499ms)
			ProcessInitializeOnLoadMethodAttributes (116ms)
			AfterProcessingInitializeOnLoad (4ms)
			EditorAssembliesLoaded (0ms)
		ExecutionOrderSort2 (0ms)
		AwakeInstancesAfterBackupRestoration (26ms)
Refreshing native plugins compatible for Editor in 0.99 ms, found 3 plugins.
Preloading 0 native plugins for Editor in 0.00 ms.
Unloading 16 Unused Serialized files (Serialized files now loaded: 0)
Unloading 6183 unused Assets / (4.5 MB). Loaded Objects now: 7344.
Memory consumption went from 160.6 MB to 156.1 MB.
Total: 9.990200 ms (FindLiveObjects: 0.810200 ms CreateObjectMapping: 1.140000 ms MarkObjects: 4.995300 ms  DeleteObjects: 3.043700 ms)

Prepare: number of updated asset objects reloaded= 0
========================================================================
Received Prepare
Begin MonoManager ReloadAssembly
[Licensing::Client] Successfully resolved entitlement details
- Loaded All Assemblies, in  0.891 seconds
Refreshing native plugins compatible for Editor in 0.83 ms, found 3 plugins.
Native extension for iOS target not found
Native extension for Android target not found
Native extension for WindowsStandalone target not found
Native extension for OSXStandalone target not found
[Package Manager] Failed to launch server process. Reason: Unity was launched with the -noUpm command-line argument
[Package Manager] Unable to send message (not connected to server process).
[Package Manager] Cannot connect to Unity Package Manager local server
[Package Manager] Failed to launch server process. Reason: Unity was launched with the -noUpm command-line argument
[Package Manager] Unable to send message (not connected to server process).
[Package Manager] Cannot connect to Unity Package Manager local server
ScheduleIndexationOnStartup MainProcess:False IndexOnStartup:True
Mono: successfully reloaded assembly
- Finished resetting the current domain, in  0.906 seconds
Domain Reload Profiling: 1802ms
	BeginReloadAssembly (263ms)
		ExecutionOrderSort (0ms)
		DisableScriptedObjects (10ms)
		BackupInstance (0ms)
		ReleaseScriptingObjects (0ms)
		CreateAndSetChildDomain (58ms)
	RebuildCommonClasses (45ms)
	RebuildNativeTypeToScriptingClass (20ms)
	initialDomainReloadingComplete (30ms)
	LoadAllAssembliesAndSetupDomain (537ms)
		LoadAssemblies (399ms)
		RebuildTransferFunctionScriptingTraits (0ms)
		AnalyzeDomain (257ms)
			TypeCache.Refresh (12ms)
				TypeCache.ScanAssembly (0ms)
			BuildScriptInfoCaches (221ms)
			ResolveRequiredComponents (16ms)
	FinalizeReload (907ms)
		ReleaseScriptCaches (0ms)
		RebuildScriptCaches (0ms)
		SetupLoadedEditorAssemblies (688ms)
			LogAssemblyErrors (0ms)
			InitializePlatformSupportModulesInManaged (13ms)
			SetLoadedEditorAssemblies (7ms)
			BeforeProcessingInitializeOnLoad (160ms)
			ProcessInitializeOnLoadAttributes (425ms)
			ProcessInitializeOnLoadMethodAttributes (81ms)
			AfterProcessingInitializeOnLoad (3ms)
			EditorAssembliesLoaded (0ms)
		ExecutionOrderSort2 (0ms)
		AwakeInstancesAfterBackupRestoration (20ms)
Refreshing native plugins compatible for Editor in 0.78 ms, found 3 plugins.
Preloading 0 native plugins for Editor in 0.00 ms.
Unloading 16 Unused Serialized files (Serialized files now loaded: 0)
Unloading 6183 unused Assets / (4.5 MB). Loaded Objects now: 7347.
Memory consumption went from 160.6 MB to 156.2 MB.
Total: 9.683700 ms (FindLiveObjects: 0.810800 ms CreateObjectMapping: 1.128100 ms MarkObjects: 5.348900 ms  DeleteObjects: 2.394700 ms)

Prepare: number of updated asset objects reloaded= 0
========================================================================
Received Prepare
Refreshing native plugins compatible for Editor in 0.96 ms, found 3 plugins.
Preloading 0 native plugins for Editor in 0.00 ms.
Unloading 16 Unused Serialized files (Serialized files now loaded: 0)
Unloading 6177 unused Assets / (4.4 MB). Loaded Objects now: 7347.
Memory consumption went from 160.8 MB to 156.4 MB.
Total: 11.909200 ms (FindLiveObjects: 0.834500 ms CreateObjectMapping: 1.117800 ms MarkObjects: 6.669600 ms  DeleteObjects: 3.286100 ms)

Prepare: number of updated asset objects reloaded= 0
========================================================================
Received Prepare
Begin MonoManager ReloadAssembly
[Licensing::Client] Successfully resolved entitlement details
- Loaded All Assemblies, in  0.875 seconds
Refreshing native plugins compatible for Editor in 0.71 ms, found 3 plugins.
Native extension for iOS target not found
Native extension for Android target not found
Native extension for WindowsStandalone target not found
Native extension for OSXStandalone target not found
[Package Manager] Failed to launch server process. Reason: Unity was launched with the -noUpm command-line argument
[Package Manager] Unable to send message (not connected to server process).
[Package Manager] Cannot connect to Unity Package Manager local server
[Package Manager] Failed to launch server process. Reason: Unity was launched with the -noUpm command-line argument
[Package Manager] Unable to send message (not connected to server process).
[Package Manager] Cannot connect to Unity Package Manager local server
ScheduleIndexationOnStartup MainProcess:False IndexOnStartup:True
Mono: successfully reloaded assembly
- Finished resetting the current domain, in  0.853 seconds
Domain Reload Profiling: 1733ms
	BeginReloadAssembly (245ms)
		ExecutionOrderSort (0ms)
		DisableScriptedObjects (9ms)
		BackupInstance (0ms)
		ReleaseScriptingObjects (0ms)
		CreateAndSetChildDomain (53ms)
	RebuildCommonClasses (45ms)
	RebuildNativeTypeToScriptingClass (18ms)
	initialDomainReloadingComplete (33ms)
	LoadAllAssembliesAndSetupDomain (540ms)
		LoadAssemblies (399ms)
		RebuildTransferFunctionScriptingTraits (0ms)
		AnalyzeDomain (250ms)
			TypeCache.Refresh (17ms)
				TypeCache.ScanAssembly (0ms)
			BuildScriptInfoCaches (213ms)
			ResolveRequiredComponents (14ms)
	FinalizeReload (854ms)
		ReleaseScriptCaches (0ms)
		RebuildScriptCaches (0ms)
		SetupLoadedEditorAssemblies (656ms)
			LogAssemblyErrors (0ms)
			InitializePlatformSupportModulesInManaged (13ms)
			SetLoadedEditorAssemblies (6ms)
			BeforeProcessingInitializeOnLoad (160ms)
			ProcessInitializeOnLoadAttributes (400ms)
			ProcessInitializeOnLoadMethodAttributes (75ms)
			AfterProcessingInitializeOnLoad (3ms)
			EditorAssembliesLoaded (0ms)
		ExecutionOrderSort2 (0ms)
		AwakeInstancesAfterBackupRestoration (21ms)
Refreshing native plugins compatible for Editor in 0.73 ms, found 3 plugins.
Preloading 0 native plugins for Editor in 0.00 ms.
Unloading 16 Unused Serialized files (Serialized files now loaded: 0)
Unloading 6183 unused Assets / (4.8 MB). Loaded Objects now: 7350.
Memory consumption went from 160.7 MB to 155.8 MB.
Total: 10.019500 ms (FindLiveObjects: 0.777000 ms CreateObjectMapping: 0.988800 ms MarkObjects: 4.928800 ms  DeleteObjects: 3.324100 ms)

Prepare: number of updated asset objects reloaded= 0
========================================================================
Received Prepare
Refreshing native plugins compatible for Editor in 0.81 ms, found 3 plugins.
Preloading 0 native plugins for Editor in 0.00 ms.
Unloading 16 Unused Serialized files (Serialized files now loaded: 0)
Unloading 6177 unused Assets / (4.5 MB). Loaded Objects now: 7350.
Memory consumption went from 160.8 MB to 156.4 MB.
Total: 9.937900 ms (FindLiveObjects: 0.911900 ms CreateObjectMapping: 1.020400 ms MarkObjects: 5.393500 ms  DeleteObjects: 2.610900 ms)

Prepare: number of updated asset objects reloaded= 0
========================================================================
Received Prepare
Begin MonoManager ReloadAssembly
[Licensing::Client] Successfully resolved entitlement details
- Loaded All Assemblies, in  0.891 seconds
Refreshing native plugins compatible for Editor in 0.75 ms, found 3 plugins.
Native extension for iOS target not found
Native extension for Android target not found
Native extension for WindowsStandalone target not found
Native extension for OSXStandalone target not found
[Package Manager] Failed to launch server process. Reason: Unity was launched with the -noUpm command-line argument
[Package Manager] Unable to send message (not connected to server process).
[Package Manager] Cannot connect to Unity Package Manager local server
[Package Manager] Failed to launch server process. Reason: Unity was launched with the -noUpm command-line argument
[Package Manager] Unable to send message (not connected to server process).
[Package Manager] Cannot connect to Unity Package Manager local server
ScheduleIndexationOnStartup MainProcess:False IndexOnStartup:True
Mono: successfully reloaded assembly
- Finished resetting the current domain, in  0.845 seconds
Domain Reload Profiling: 1740ms
	BeginReloadAssembly (246ms)
		ExecutionOrderSort (0ms)
		DisableScriptedObjects (8ms)
		BackupInstance (0ms)
		ReleaseScriptingObjects (0ms)
		CreateAndSetChildDomain (54ms)
	RebuildCommonClasses (44ms)
	RebuildNativeTypeToScriptingClass (18ms)
	initialDomainReloadingComplete (29ms)
	LoadAllAssembliesAndSetupDomain (557ms)
		LoadAssemblies (415ms)
		RebuildTransferFunctionScriptingTraits (0ms)
		AnalyzeDomain (256ms)
			TypeCache.Refresh (11ms)
				TypeCache.ScanAssembly (0ms)
			BuildScriptInfoCaches (226ms)
			ResolveRequiredComponents (13ms)
	FinalizeReload (845ms)
		ReleaseScriptCaches (0ms)
		RebuildScriptCaches (0ms)
		SetupLoadedEditorAssemblies (646ms)
			LogAssemblyErrors (0ms)
			InitializePlatformSupportModulesInManaged (13ms)
			SetLoadedEditorAssemblies (6ms)
			BeforeProcessingInitializeOnLoad (150ms)
			ProcessInitializeOnLoadAttributes (402ms)
			ProcessInitializeOnLoadMethodAttributes (72ms)
			AfterProcessingInitializeOnLoad (3ms)
			EditorAssembliesLoaded (0ms)
		ExecutionOrderSort2 (0ms)
		AwakeInstancesAfterBackupRestoration (20ms)
Refreshing native plugins compatible for Editor in 0.78 ms, found 3 plugins.
Preloading 0 native plugins for Editor in 0.00 ms.
Unloading 16 Unused Serialized files (Serialized files now loaded: 0)
Unloading 6183 unused Assets / (4.4 MB). Loaded Objects now: 7353.
Memory consumption went from 160.7 MB to 156.4 MB.
Total: 9.485800 ms (FindLiveObjects: 0.832000 ms CreateObjectMapping: 1.215400 ms MarkObjects: 4.999000 ms  DeleteObjects: 2.438300 ms)

Prepare: number of updated asset objects reloaded= 0
========================================================================
Received Prepare
Refreshing native plugins compatible for Editor in 1.02 ms, found 3 plugins.
Preloading 0 native plugins for Editor in 0.00 ms.
Unloading 16 Unused Serialized files (Serialized files now loaded: 0)
Unloading 6177 unused Assets / (4.5 MB). Loaded Objects now: 7353.
Memory consumption went from 160.9 MB to 156.4 MB.
Total: 10.931800 ms (FindLiveObjects: 1.020700 ms CreateObjectMapping: 1.569300 ms MarkObjects: 5.726500 ms  DeleteObjects: 2.613400 ms)

Prepare: number of updated asset objects reloaded= 0
========================================================================
Received Prepare
Refreshing native plugins compatible for Editor in 0.98 ms, found 3 plugins.
Preloading 0 native plugins for Editor in 0.00 ms.
Unloading 16 Unused Serialized files (Serialized files now loaded: 0)
Unloading 6177 unused Assets / (4.0 MB). Loaded Objects now: 7353.
Memory consumption went from 160.9 MB to 156.9 MB.
Total: 13.719300 ms (FindLiveObjects: 0.844700 ms CreateObjectMapping: 1.789800 ms MarkObjects: 7.416200 ms  DeleteObjects: 3.667200 ms)

Prepare: number of updated asset objects reloaded= 0
========================================================================
Received Prepare
Begin MonoManager ReloadAssembly
- Loaded All Assemblies, in  0.856 seconds
Refreshing native plugins compatible for Editor in 0.83 ms, found 3 plugins.
Native extension for iOS target not found
Native extension for Android target not found
Native extension for WindowsStandalone target not found
Native extension for OSXStandalone target not found
[Package Manager] Failed to launch server process. Reason: Unity was launched with the -noUpm command-line argument
[Package Manager] Unable to send message (not connected to server process).
[Package Manager] Cannot connect to Unity Package Manager local server
[Package Manager] Failed to launch server process. Reason: Unity was launched with the -noUpm command-line argument
[Package Manager] Unable to send message (not connected to server process).
[Package Manager] Cannot connect to Unity Package Manager local server
ScheduleIndexationOnStartup MainProcess:False IndexOnStartup:True
Mono: successfully reloaded assembly
- Finished resetting the current domain, in  0.819 seconds
Domain Reload Profiling: 1678ms
	BeginReloadAssembly (258ms)
		ExecutionOrderSort (0ms)
		DisableScriptedObjects (8ms)
		BackupInstance (0ms)
		ReleaseScriptingObjects (0ms)
		CreateAndSetChildDomain (55ms)
	RebuildCommonClasses (46ms)
	RebuildNativeTypeToScriptingClass (20ms)
	initialDomainReloadingComplete (30ms)
	LoadAllAssembliesAndSetupDomain (505ms)
		LoadAssemblies (384ms)
		RebuildTransferFunctionScriptingTraits (0ms)
		AnalyzeDomain (243ms)
			TypeCache.Refresh (13ms)
				TypeCache.ScanAssembly (0ms)
			BuildScriptInfoCaches (210ms)
			ResolveRequiredComponents (15ms)
	FinalizeReload (819ms)
		ReleaseScriptCaches (0ms)
		RebuildScriptCaches (0ms)
		SetupLoadedEditorAssemblies (624ms)
			LogAssemblyErrors (0ms)
			InitializePlatformSupportModulesInManaged (12ms)
			SetLoadedEditorAssemblies (5ms)
			BeforeProcessingInitializeOnLoad (151ms)
			ProcessInitializeOnLoadAttributes (364ms)
			ProcessInitializeOnLoadMethodAttributes (89ms)
			AfterProcessingInitializeOnLoad (3ms)
			EditorAssembliesLoaded (0ms)
		ExecutionOrderSort2 (0ms)
		AwakeInstancesAfterBackupRestoration (23ms)
Refreshing native plugins compatible for Editor in 0.91 ms, found 3 plugins.
Preloading 0 native plugins for Editor in 0.00 ms.
Unloading 16 Unused Serialized files (Serialized files now loaded: 0)
Unloading 6183 unused Assets / (4.3 MB). Loaded Objects now: 7356.
Memory consumption went from 160.7 MB to 156.4 MB.
Total: 9.891600 ms (FindLiveObjects: 1.325300 ms CreateObjectMapping: 1.303800 ms MarkObjects: 4.860700 ms  DeleteObjects: 2.400900 ms)

Prepare: number of updated asset objects reloaded= 0
========================================================================
Received Prepare
Refreshing native plugins compatible for Editor in 0.81 ms, found 3 plugins.
Preloading 0 native plugins for Editor in 0.00 ms.
Unloading 16 Unused Serialized files (Serialized files now loaded: 0)
Unloading 6177 unused Assets / (4.5 MB). Loaded Objects now: 7356.
Memory consumption went from 160.9 MB to 156.4 MB.
Total: 11.051600 ms (FindLiveObjects: 0.920400 ms CreateObjectMapping: 1.338500 ms MarkObjects: 5.647700 ms  DeleteObjects: 3.143800 ms)

Prepare: number of updated asset objects reloaded= 0
========================================================================
Received Prepare
Begin MonoManager ReloadAssembly
[Licensing::Client] Successfully resolved entitlement details
- Loaded All Assemblies, in  0.871 seconds
Refreshing native plugins compatible for Editor in 0.81 ms, found 3 plugins.
Native extension for iOS target not found
Native extension for Android target not found
Native extension for WindowsStandalone target not found
Native extension for OSXStandalone target not found
[Package Manager] Failed to launch server process. Reason: Unity was launched with the -noUpm command-line argument
[Package Manager] Unable to send message (not connected to server process).
[Package Manager] Cannot connect to Unity Package Manager local server
[Package Manager] Failed to launch server process. Reason: Unity was launched with the -noUpm command-line argument
[Package Manager] Unable to send message (not connected to server process).
[Package Manager] Cannot connect to Unity Package Manager local server
ScheduleIndexationOnStartup MainProcess:False IndexOnStartup:True
Mono: successfully reloaded assembly
- Finished resetting the current domain, in  0.852 seconds
Domain Reload Profiling: 1727ms
	BeginReloadAssembly (251ms)
		ExecutionOrderSort (0ms)
		DisableScriptedObjects (11ms)
		BackupInstance (0ms)
		ReleaseScriptingObjects (0ms)
		CreateAndSetChildDomain (51ms)
	RebuildCommonClasses (44ms)
	RebuildNativeTypeToScriptingClass (18ms)
	initialDomainReloadingComplete (29ms)
	LoadAllAssembliesAndSetupDomain (533ms)
		LoadAssemblies (403ms)
		RebuildTransferFunctionScriptingTraits (0ms)
		AnalyzeDomain (244ms)
			TypeCache.Refresh (13ms)
				TypeCache.ScanAssembly (0ms)
			BuildScriptInfoCaches (212ms)
			ResolveRequiredComponents (14ms)
	FinalizeReload (852ms)
		ReleaseScriptCaches (0ms)
		RebuildScriptCaches (0ms)
		SetupLoadedEditorAssemblies (640ms)
			LogAssemblyErrors (0ms)
			InitializePlatformSupportModulesInManaged (15ms)
			SetLoadedEditorAssemblies (6ms)
			BeforeProcessingInitializeOnLoad (167ms)
			ProcessInitializeOnLoadAttributes (373ms)
			ProcessInitializeOnLoadMethodAttributes (76ms)
			AfterProcessingInitializeOnLoad (3ms)
			EditorAssembliesLoaded (0ms)
		ExecutionOrderSort2 (0ms)
		AwakeInstancesAfterBackupRestoration (22ms)
Refreshing native plugins compatible for Editor in 0.79 ms, found 3 plugins.
Preloading 0 native plugins for Editor in 0.00 ms.
Unloading 16 Unused Serialized files (Serialized files now loaded: 0)
Unloading 6183 unused Assets / (4.4 MB). Loaded Objects now: 7359.
Memory consumption went from 160.8 MB to 156.4 MB.
Total: 9.014300 ms (FindLiveObjects: 0.800500 ms CreateObjectMapping: 1.102800 ms MarkObjects: 4.739800 ms  DeleteObjects: 2.370300 ms)

Prepare: number of updated asset objects reloaded= 0
========================================================================
Received Prepare
Begin MonoManager ReloadAssembly
- Loaded All Assemblies, in  0.842 seconds
Refreshing native plugins compatible for Editor in 0.74 ms, found 3 plugins.
Native extension for iOS target not found
Native extension for Android target not found
Native extension for WindowsStandalone target not found
Native extension for OSXStandalone target not found
[Package Manager] Failed to launch server process. Reason: Unity was launched with the -noUpm command-line argument
[Package Manager] Unable to send message (not connected to server process).
[Package Manager] Cannot connect to Unity Package Manager local server
[Package Manager] Failed to launch server process. Reason: Unity was launched with the -noUpm command-line argument
[Package Manager] Unable to send message (not connected to server process).
[Package Manager] Cannot connect to Unity Package Manager local server
ScheduleIndexationOnStartup MainProcess:False IndexOnStartup:True
Mono: successfully reloaded assembly
- Finished resetting the current domain, in  0.847 seconds
Domain Reload Profiling: 1692ms
	BeginReloadAssembly (260ms)
		ExecutionOrderSort (0ms)
		DisableScriptedObjects (8ms)
		BackupInstance (0ms)
		ReleaseScriptingObjects (0ms)
		CreateAndSetChildDomain (60ms)
	RebuildCommonClasses (44ms)
	RebuildNativeTypeToScriptingClass (18ms)
	initialDomainReloadingComplete (29ms)
	LoadAllAssembliesAndSetupDomain (494ms)
		LoadAssemblies (365ms)
		RebuildTransferFunctionScriptingTraits (0ms)
		AnalyzeDomain (245ms)
			TypeCache.Refresh (9ms)
				TypeCache.ScanAssembly (0ms)
			BuildScriptInfoCaches (217ms)
			ResolveRequiredComponents (13ms)
	FinalizeReload (848ms)
		ReleaseScriptCaches (0ms)
		RebuildScriptCaches (0ms)
		SetupLoadedEditorAssemblies (628ms)
			LogAssemblyErrors (0ms)
			InitializePlatformSupportModulesInManaged (14ms)
			SetLoadedEditorAssemblies (5ms)
			BeforeProcessingInitializeOnLoad (155ms)
			ProcessInitializeOnLoadAttributes (370ms)
			ProcessInitializeOnLoadMethodAttributes (81ms)
			AfterProcessingInitializeOnLoad (3ms)
			EditorAssembliesLoaded (0ms)
		ExecutionOrderSort2 (0ms)
		AwakeInstancesAfterBackupRestoration (25ms)
Refreshing native plugins compatible for Editor in 0.86 ms, found 3 plugins.
Preloading 0 native plugins for Editor in 0.00 ms.
Unloading 16 Unused Serialized files (Serialized files now loaded: 0)
Unloading 6183 unused Assets / (4.3 MB). Loaded Objects now: 7362.
Memory consumption went from 160.8 MB to 156.5 MB.
Total: 10.651300 ms (FindLiveObjects: 0.933600 ms CreateObjectMapping: 1.229400 ms MarkObjects: 5.700700 ms  DeleteObjects: 2.786300 ms)

Prepare: number of updated asset objects reloaded= 0
========================================================================
Received Prepare
Begin MonoManager ReloadAssembly
- Loaded All Assemblies, in  0.821 seconds
Refreshing native plugins compatible for Editor in 1.02 ms, found 3 plugins.
Native extension for iOS target not found
Native extension for Android target not found
Native extension for WindowsStandalone target not found
Native extension for OSXStandalone target not found
[Package Manager] Failed to launch server process. Reason: Unity was launched with the -noUpm command-line argument
[Package Manager] Unable to send message (not connected to server process).
[Package Manager] Cannot connect to Unity Package Manager local server
[Package Manager] Failed to launch server process. Reason: Unity was launched with the -noUpm command-line argument
[Package Manager] Unable to send message (not connected to server process).
[Package Manager] Cannot connect to Unity Package Manager local server
ScheduleIndexationOnStartup MainProcess:False IndexOnStartup:True
Mono: successfully reloaded assembly
- Finished resetting the current domain, in  0.865 seconds
Domain Reload Profiling: 1689ms
	BeginReloadAssembly (235ms)
		ExecutionOrderSort (0ms)
		DisableScriptedObjects (9ms)
		BackupInstance (0ms)
		ReleaseScriptingObjects (0ms)
		CreateAndSetChildDomain (45ms)
	RebuildCommonClasses (52ms)
	RebuildNativeTypeToScriptingClass (19ms)
	initialDomainReloadingComplete (29ms)
	LoadAllAssembliesAndSetupDomain (489ms)
		LoadAssemblies (364ms)
		RebuildTransferFunctionScriptingTraits (0ms)
		AnalyzeDomain (239ms)
			TypeCache.Refresh (9ms)
				TypeCache.ScanAssembly (0ms)
			BuildScriptInfoCaches (210ms)
			ResolveRequiredComponents (14ms)
	FinalizeReload (866ms)
		ReleaseScriptCaches (0ms)
		RebuildScriptCaches (0ms)
		SetupLoadedEditorAssemblies (654ms)
			LogAssemblyErrors (0ms)
			InitializePlatformSupportModulesInManaged (12ms)
			SetLoadedEditorAssemblies (5ms)
			BeforeProcessingInitializeOnLoad (159ms)
			ProcessInitializeOnLoadAttributes (395ms)
			ProcessInitializeOnLoadMethodAttributes (80ms)
			AfterProcessingInitializeOnLoad (3ms)
			EditorAssembliesLoaded (0ms)
		ExecutionOrderSort2 (0ms)
		AwakeInstancesAfterBackupRestoration (24ms)
Refreshing native plugins compatible for Editor in 0.78 ms, found 3 plugins.
Preloading 0 native plugins for Editor in 0.00 ms.
Unloading 16 Unused Serialized files (Serialized files now loaded: 0)
Unloading 6183 unused Assets / (4.4 MB). Loaded Objects now: 7365.
Memory consumption went from 160.9 MB to 156.5 MB.
Total: 8.954600 ms (FindLiveObjects: 0.785200 ms CreateObjectMapping: 1.013700 ms MarkObjects: 4.744500 ms  DeleteObjects: 2.410400 ms)

Prepare: number of updated asset objects reloaded= 0
========================================================================
Received Prepare
Refreshing native plugins compatible for Editor in 0.77 ms, found 3 plugins.
Preloading 0 native plugins for Editor in 0.00 ms.
Unloading 16 Unused Serialized files (Serialized files now loaded: 0)
Unloading 6177 unused Assets / (4.5 MB). Loaded Objects now: 7365.
Memory consumption went from 161.1 MB to 156.6 MB.
Total: 9.961900 ms (FindLiveObjects: 0.823200 ms CreateObjectMapping: 1.287600 ms MarkObjects: 5.170200 ms  DeleteObjects: 2.679800 ms)

Prepare: number of updated asset objects reloaded= 0
========================================================================
Received Prepare
Begin MonoManager ReloadAssembly
[Licensing::Client] Successfully resolved entitlement details
- Loaded All Assemblies, in  0.858 seconds
Refreshing native plugins compatible for Editor in 0.70 ms, found 3 plugins.
Native extension for iOS target not found
Native extension for Android target not found
Native extension for WindowsStandalone target not found
Native extension for OSXStandalone target not found
[Package Manager] Failed to launch server process. Reason: Unity was launched with the -noUpm command-line argument
[Package Manager] Unable to send message (not connected to server process).
[Package Manager] Cannot connect to Unity Package Manager local server
[Package Manager] Failed to launch server process. Reason: Unity was launched with the -noUpm command-line argument
[Package Manager] Unable to send message (not connected to server process).
[Package Manager] Cannot connect to Unity Package Manager local server
ScheduleIndexationOnStartup MainProcess:False IndexOnStartup:True
Mono: successfully reloaded assembly
- Finished resetting the current domain, in  0.812 seconds
Domain Reload Profiling: 1675ms
	BeginReloadAssembly (256ms)
		ExecutionOrderSort (0ms)
		DisableScriptedObjects (10ms)
		BackupInstance (0ms)
		ReleaseScriptingObjects (0ms)
		CreateAndSetChildDomain (55ms)
	RebuildCommonClasses (46ms)
	RebuildNativeTypeToScriptingClass (24ms)
	initialDomainReloadingComplete (34ms)
	LoadAllAssembliesAndSetupDomain (503ms)
		LoadAssemblies (376ms)
		RebuildTransferFunctionScriptingTraits (0ms)
		AnalyzeDomain (245ms)
			TypeCache.Refresh (12ms)
				TypeCache.ScanAssembly (0ms)
			BuildScriptInfoCaches (215ms)
			ResolveRequiredComponents (12ms)
	FinalizeReload (813ms)
		ReleaseScriptCaches (0ms)
		RebuildScriptCaches (0ms)
		SetupLoadedEditorAssemblies (617ms)
			LogAssemblyErrors (0ms)
			InitializePlatformSupportModulesInManaged (12ms)
			SetLoadedEditorAssemblies (5ms)
			BeforeProcessingInitializeOnLoad (160ms)
			ProcessInitializeOnLoadAttributes (356ms)
			ProcessInitializeOnLoadMethodAttributes (81ms)
			AfterProcessingInitializeOnLoad (3ms)
			EditorAssembliesLoaded (0ms)
		ExecutionOrderSort2 (0ms)
		AwakeInstancesAfterBackupRestoration (24ms)
Refreshing native plugins compatible for Editor in 0.75 ms, found 3 plugins.
Preloading 0 native plugins for Editor in 0.00 ms.
Unloading 16 Unused Serialized files (Serialized files now loaded: 0)
Unloading 6183 unused Assets / (4.5 MB). Loaded Objects now: 7368.
Memory consumption went from 160.9 MB to 156.4 MB.
Total: 9.588300 ms (FindLiveObjects: 0.814100 ms CreateObjectMapping: 1.130800 ms MarkObjects: 4.961700 ms  DeleteObjects: 2.680900 ms)

Prepare: number of updated asset objects reloaded= 0
========================================================================
Received Prepare
Refreshing native plugins compatible for Editor in 0.86 ms, found 3 plugins.
Preloading 0 native plugins for Editor in 0.00 ms.
Unloading 16 Unused Serialized files (Serialized files now loaded: 0)
Unloading 6177 unused Assets / (4.5 MB). Loaded Objects now: 7368.
Memory consumption went from 161.1 MB to 156.6 MB.
Total: 11.027500 ms (FindLiveObjects: 0.892000 ms CreateObjectMapping: 1.159600 ms MarkObjects: 5.661600 ms  DeleteObjects: 3.312700 ms)

Prepare: number of updated asset objects reloaded= 0
========================================================================
Received Prepare
Begin MonoManager ReloadAssembly
- Loaded All Assemblies, in  0.844 seconds
Refreshing native plugins compatible for Editor in 0.76 ms, found 3 plugins.
Native extension for iOS target not found
Native extension for Android target not found
Native extension for WindowsStandalone target not found
Native extension for OSXStandalone target not found
[Package Manager] Failed to launch server process. Reason: Unity was launched with the -noUpm command-line argument
[Package Manager] Unable to send message (not connected to server process).
[Package Manager] Cannot connect to Unity Package Manager local server
[Package Manager] Failed to launch server process. Reason: Unity was launched with the -noUpm command-line argument
[Package Manager] Unable to send message (not connected to server process).
[Package Manager] Cannot connect to Unity Package Manager local server
ScheduleIndexationOnStartup MainProcess:False IndexOnStartup:True
Mono: successfully reloaded assembly
- Finished resetting the current domain, in  0.862 seconds
Domain Reload Profiling: 1710ms
	BeginReloadAssembly (244ms)
		ExecutionOrderSort (0ms)
		DisableScriptedObjects (7ms)
		BackupInstance (0ms)
		ReleaseScriptingObjects (0ms)
		CreateAndSetChildDomain (50ms)
	RebuildCommonClasses (44ms)
	RebuildNativeTypeToScriptingClass (19ms)
	initialDomainReloadingComplete (30ms)
	LoadAllAssembliesAndSetupDomain (511ms)
		LoadAssemblies (380ms)
		RebuildTransferFunctionScriptingTraits (0ms)
		AnalyzeDomain (248ms)
			TypeCache.Refresh (12ms)
				TypeCache.ScanAssembly (0ms)
			BuildScriptInfoCaches (218ms)
			ResolveRequiredComponents (13ms)
	FinalizeReload (862ms)
		ReleaseScriptCaches (0ms)
		RebuildScriptCaches (0ms)
		SetupLoadedEditorAssemblies (650ms)
			LogAssemblyErrors (0ms)
			InitializePlatformSupportModulesInManaged (13ms)
			SetLoadedEditorAssemblies (5ms)
			BeforeProcessingInitializeOnLoad (151ms)
			ProcessInitializeOnLoadAttributes (377ms)
			ProcessInitializeOnLoadMethodAttributes (101ms)
			AfterProcessingInitializeOnLoad (3ms)
			EditorAssembliesLoaded (0ms)
		ExecutionOrderSort2 (0ms)
		AwakeInstancesAfterBackupRestoration (30ms)
Refreshing native plugins compatible for Editor in 0.79 ms, found 3 plugins.
Preloading 0 native plugins for Editor in 0.00 ms.
Unloading 16 Unused Serialized files (Serialized files now loaded: 0)
Unloading 6183 unused Assets / (4.3 MB). Loaded Objects now: 7371.
Memory consumption went from 161.0 MB to 156.7 MB.
Total: 8.736100 ms (FindLiveObjects: 0.791800 ms CreateObjectMapping: 1.029100 ms MarkObjects: 4.628400 ms  DeleteObjects: 2.286000 ms)

Prepare: number of updated asset objects reloaded= 0
========================================================================
Received Prepare
Begin MonoManager ReloadAssembly
[Licensing::Client] Successfully resolved entitlement details
- Loaded All Assemblies, in  0.875 seconds
Refreshing native plugins compatible for Editor in 0.76 ms, found 3 plugins.
Native extension for iOS target not found
Native extension for Android target not found
Native extension for WindowsStandalone target not found
Native extension for OSXStandalone target not found
[Package Manager] Failed to launch server process. Reason: Unity was launched with the -noUpm command-line argument
[Package Manager] Unable to send message (not connected to server process).
[Package Manager] Cannot connect to Unity Package Manager local server
[Package Manager] Failed to launch server process. Reason: Unity was launched with the -noUpm command-line argument
[Package Manager] Unable to send message (not connected to server process).
[Package Manager] Cannot connect to Unity Package Manager local server
ScheduleIndexationOnStartup MainProcess:False IndexOnStartup:True
Mono: successfully reloaded assembly
- Finished resetting the current domain, in  0.940 seconds
Domain Reload Profiling: 1819ms
	BeginReloadAssembly (250ms)
		ExecutionOrderSort (0ms)
		DisableScriptedObjects (9ms)
		BackupInstance (0ms)
		ReleaseScriptingObjects (0ms)
		CreateAndSetChildDomain (52ms)
	RebuildCommonClasses (47ms)
	RebuildNativeTypeToScriptingClass (18ms)
	initialDomainReloadingComplete (35ms)
	LoadAllAssembliesAndSetupDomain (528ms)
		LoadAssemblies (385ms)
		RebuildTransferFunctionScriptingTraits (0ms)
		AnalyzeDomain (261ms)
			TypeCache.Refresh (9ms)
				TypeCache.ScanAssembly (0ms)
			BuildScriptInfoCaches (230ms)
			ResolveRequiredComponents (15ms)
	FinalizeReload (941ms)
		ReleaseScriptCaches (0ms)
		RebuildScriptCaches (0ms)
		SetupLoadedEditorAssemblies (711ms)
			LogAssemblyErrors (0ms)
			InitializePlatformSupportModulesInManaged (15ms)
			SetLoadedEditorAssemblies (6ms)
			BeforeProcessingInitializeOnLoad (176ms)
			ProcessInitializeOnLoadAttributes (413ms)
			ProcessInitializeOnLoadMethodAttributes (98ms)
			AfterProcessingInitializeOnLoad (3ms)
			EditorAssembliesLoaded (0ms)
		ExecutionOrderSort2 (0ms)
		AwakeInstancesAfterBackupRestoration (29ms)
Refreshing native plugins compatible for Editor in 1.15 ms, found 3 plugins.
Preloading 0 native plugins for Editor in 0.00 ms.
Unloading 16 Unused Serialized files (Serialized files now loaded: 0)
Unloading 6183 unused Assets / (4.3 MB). Loaded Objects now: 7374.
Memory consumption went from 161.0 MB to 156.7 MB.
Total: 11.315300 ms (FindLiveObjects: 0.890500 ms CreateObjectMapping: 1.414000 ms MarkObjects: 6.099300 ms  DeleteObjects: 2.910300 ms)

Prepare: number of updated asset objects reloaded= 0
========================================================================
Received Prepare
Refreshing native plugins compatible for Editor in 0.76 ms, found 3 plugins.
Preloading 0 native plugins for Editor in 0.00 ms.
Unloading 16 Unused Serialized files (Serialized files now loaded: 0)
Unloading 6177 unused Assets / (4.6 MB). Loaded Objects now: 7374.
Memory consumption went from 161.2 MB to 156.6 MB.
Total: 12.449600 ms (FindLiveObjects: 0.871800 ms CreateObjectMapping: 1.174700 ms MarkObjects: 7.192300 ms  DeleteObjects: 3.209300 ms)

Prepare: number of updated asset objects reloaded= 0
========================================================================
Received Prepare
Begin MonoManager ReloadAssembly
[Licensing::Client] Successfully resolved entitlement details
- Loaded All Assemblies, in  0.897 seconds
Refreshing native plugins compatible for Editor in 1.31 ms, found 3 plugins.
Native extension for iOS target not found
Native extension for Android target not found
Native extension for WindowsStandalone target not found
Native extension for OSXStandalone target not found
[Package Manager] Failed to launch server process. Reason: Unity was launched with the -noUpm command-line argument
[Package Manager] Unable to send message (not connected to server process).
[Package Manager] Cannot connect to Unity Package Manager local server
[Package Manager] Failed to launch server process. Reason: Unity was launched with the -noUpm command-line argument
[Package Manager] Unable to send message (not connected to server process).
[Package Manager] Cannot connect to Unity Package Manager local server
ScheduleIndexationOnStartup MainProcess:False IndexOnStartup:True
Mono: successfully reloaded assembly
- Finished resetting the current domain, in  0.942 seconds
Domain Reload Profiling: 1843ms
	BeginReloadAssembly (257ms)
		ExecutionOrderSort (0ms)
		DisableScriptedObjects (10ms)
		BackupInstance (0ms)
		ReleaseScriptingObjects (0ms)
		CreateAndSetChildDomain (56ms)
	RebuildCommonClasses (53ms)
	RebuildNativeTypeToScriptingClass (18ms)
	initialDomainReloadingComplete (34ms)
	LoadAllAssembliesAndSetupDomain (538ms)
		LoadAssemblies (404ms)
		RebuildTransferFunctionScriptingTraits (0ms)
		AnalyzeDomain (247ms)
			TypeCache.Refresh (12ms)
				TypeCache.ScanAssembly (0ms)
			BuildScriptInfoCaches (215ms)
			ResolveRequiredComponents (15ms)
	FinalizeReload (943ms)
		ReleaseScriptCaches (0ms)
		RebuildScriptCaches (0ms)
		SetupLoadedEditorAssemblies (717ms)
			LogAssemblyErrors (0ms)
			InitializePlatformSupportModulesInManaged (14ms)
			SetLoadedEditorAssemblies (7ms)
			BeforeProcessingInitializeOnLoad (186ms)
			ProcessInitializeOnLoadAttributes (418ms)
			ProcessInitializeOnLoadMethodAttributes (89ms)
			AfterProcessingInitializeOnLoad (3ms)
			EditorAssembliesLoaded (0ms)
		ExecutionOrderSort2 (0ms)
		AwakeInstancesAfterBackupRestoration (22ms)
Refreshing native plugins compatible for Editor in 0.78 ms, found 3 plugins.
Preloading 0 native plugins for Editor in 0.00 ms.
Unloading 16 Unused Serialized files (Serialized files now loaded: 0)
Unloading 6183 unused Assets / (4.4 MB). Loaded Objects now: 7377.
Memory consumption went from 161.1 MB to 156.6 MB.
Total: 9.584000 ms (FindLiveObjects: 0.827000 ms CreateObjectMapping: 1.032400 ms MarkObjects: 4.907400 ms  DeleteObjects: 2.816200 ms)

Prepare: number of updated asset objects reloaded= 0
========================================================================
Received Prepare
Refreshing native plugins compatible for Editor in 1.14 ms, found 3 plugins.
Preloading 0 native plugins for Editor in 0.00 ms.
Unloading 16 Unused Serialized files (Serialized files now loaded: 0)
Unloading 6177 unused Assets / (4.3 MB). Loaded Objects now: 7377.
Memory consumption went from 161.2 MB to 156.9 MB.
Total: 9.945400 ms (FindLiveObjects: 0.814100 ms CreateObjectMapping: 1.154300 ms MarkObjects: 5.666700 ms  DeleteObjects: 2.309300 ms)

Prepare: number of updated asset objects reloaded= 0
========================================================================
Received Prepare
Begin MonoManager ReloadAssembly
- Loaded All Assemblies, in  0.870 seconds
Refreshing native plugins compatible for Editor in 0.73 ms, found 3 plugins.
Native extension for iOS target not found
Native extension for Android target not found
Native extension for WindowsStandalone target not found
Native extension for OSXStandalone target not found
[Package Manager] Failed to launch server process. Reason: Unity was launched with the -noUpm command-line argument
[Package Manager] Unable to send message (not connected to server process).
[Package Manager] Cannot connect to Unity Package Manager local server
[Package Manager] Failed to launch server process. Reason: Unity was launched with the -noUpm command-line argument
[Package Manager] Unable to send message (not connected to server process).
[Package Manager] Cannot connect to Unity Package Manager local server
ScheduleIndexationOnStartup MainProcess:False IndexOnStartup:True
Mono: successfully reloaded assembly
- Finished resetting the current domain, in  0.834 seconds
Domain Reload Profiling: 1710ms
	BeginReloadAssembly (253ms)
		ExecutionOrderSort (0ms)
		DisableScriptedObjects (10ms)
		BackupInstance (0ms)
		ReleaseScriptingObjects (0ms)
		CreateAndSetChildDomain (59ms)
	RebuildCommonClasses (46ms)
	RebuildNativeTypeToScriptingClass (17ms)
	initialDomainReloadingComplete (30ms)
	LoadAllAssembliesAndSetupDomain (529ms)
		LoadAssemblies (396ms)
		RebuildTransferFunctionScriptingTraits (0ms)
		AnalyzeDomain (248ms)
			TypeCache.Refresh (14ms)
				TypeCache.ScanAssembly (0ms)
			BuildScriptInfoCaches (215ms)
			ResolveRequiredComponents (12ms)
	FinalizeReload (835ms)
		ReleaseScriptCaches (0ms)
		RebuildScriptCaches (0ms)
		SetupLoadedEditorAssemblies (625ms)
			LogAssemblyErrors (0ms)
			InitializePlatformSupportModulesInManaged (13ms)
			SetLoadedEditorAssemblies (7ms)
			BeforeProcessingInitializeOnLoad (159ms)
			ProcessInitializeOnLoadAttributes (365ms)
			ProcessInitializeOnLoadMethodAttributes (78ms)
			AfterProcessingInitializeOnLoad (3ms)
			EditorAssembliesLoaded (0ms)
		ExecutionOrderSort2 (0ms)
		AwakeInstancesAfterBackupRestoration (25ms)
Refreshing native plugins compatible for Editor in 0.97 ms, found 3 plugins.
Preloading 0 native plugins for Editor in 0.00 ms.
Unloading 16 Unused Serialized files (Serialized files now loaded: 0)
Unloading 6183 unused Assets / (4.4 MB). Loaded Objects now: 7380.
Memory consumption went from 161.1 MB to 156.7 MB.
Total: 10.232600 ms (FindLiveObjects: 0.825000 ms CreateObjectMapping: 1.101000 ms MarkObjects: 5.493400 ms  DeleteObjects: 2.812200 ms)

Prepare: number of updated asset objects reloaded= 0
========================================================================
Received Prepare
Begin MonoManager ReloadAssembly
- Loaded All Assemblies, in  0.857 seconds
Refreshing native plugins compatible for Editor in 0.74 ms, found 3 plugins.
Native extension for iOS target not found
Native extension for Android target not found
Native extension for WindowsStandalone target not found
Native extension for OSXStandalone target not found
[Package Manager] Failed to launch server process. Reason: Unity was launched with the -noUpm command-line argument
[Package Manager] Unable to send message (not connected to server process).
[Package Manager] Cannot connect to Unity Package Manager local server
[Package Manager] Failed to launch server process. Reason: Unity was launched with the -noUpm command-line argument
[Package Manager] Unable to send message (not connected to server process).
[Package Manager] Cannot connect to Unity Package Manager local server
ScheduleIndexationOnStartup MainProcess:False IndexOnStartup:True
Mono: successfully reloaded assembly
- Finished resetting the current domain, in  0.845 seconds
Domain Reload Profiling: 1706ms
	BeginReloadAssembly (245ms)
		ExecutionOrderSort (0ms)
		DisableScriptedObjects (10ms)
		BackupInstance (0ms)
		ReleaseScriptingObjects (0ms)
		CreateAndSetChildDomain (54ms)
	RebuildCommonClasses (45ms)
	RebuildNativeTypeToScriptingClass (21ms)
	initialDomainReloadingComplete (31ms)
	LoadAllAssembliesAndSetupDomain (519ms)
		LoadAssemblies (373ms)
		RebuildTransferFunctionScriptingTraits (0ms)
		AnalyzeDomain (259ms)
			TypeCache.Refresh (10ms)
				TypeCache.ScanAssembly (0ms)
			BuildScriptInfoCaches (232ms)
			ResolveRequiredComponents (12ms)
	FinalizeReload (846ms)
		ReleaseScriptCaches (0ms)
		RebuildScriptCaches (0ms)
		SetupLoadedEditorAssemblies (622ms)
			LogAssemblyErrors (0ms)
			InitializePlatformSupportModulesInManaged (12ms)
			SetLoadedEditorAssemblies (5ms)
			BeforeProcessingInitializeOnLoad (161ms)
			ProcessInitializeOnLoadAttributes (357ms)
			ProcessInitializeOnLoadMethodAttributes (82ms)
			AfterProcessingInitializeOnLoad (4ms)
			EditorAssembliesLoaded (1ms)
		ExecutionOrderSort2 (0ms)
		AwakeInstancesAfterBackupRestoration (26ms)
Refreshing native plugins compatible for Editor in 0.78 ms, found 3 plugins.
Preloading 0 native plugins for Editor in 0.00 ms.
Unloading 16 Unused Serialized files (Serialized files now loaded: 0)
Unloading 6183 unused Assets / (4.4 MB). Loaded Objects now: 7383.
Memory consumption went from 161.1 MB to 156.7 MB.
Total: 9.889200 ms (FindLiveObjects: 0.954500 ms CreateObjectMapping: 1.063400 ms MarkObjects: 5.089500 ms  DeleteObjects: 2.780900 ms)

Prepare: number of updated asset objects reloaded= 0
========================================================================
Received Import Request.
  Time since last request: 1492.144442 seconds.
  path: Assets/UI/SomeItemMover.cs
  artifactKey: Guid(bf37838be5771694bb1c17f0fbd26b37) Importer(2089858483,b0f066a214c2f5e87bad3c948f4d605d)
Start importing Assets/UI/SomeItemMover.cs using Guid(bf37838be5771694bb1c17f0fbd26b37) Importer(2089858483,b0f066a214c2f5e87bad3c948f4d605d) (ScriptedImporter) -> (artifact id: '761db46065d71bc4635fb24aa1707230') in 0.3347974 seconds
Number of updated asset objects reloaded before import = 0Number of asset objects unloaded after import = 0

